rank,frame_index,time_ps,xyz_file,n_atoms,n_waters,max_selected_waterO_min_distance_A,selected_water_indices_zero_based,selected_water_oxygen_atom_ids_one_based
1,0,0.000000,N16_xyz/cluster_N16_001_frame00000.xyz,78,16,3.809373,407 589 528 504 439 379 284 591 250 310 584 201 9 566 208 404,1253 1799 1616 1544 1349 1169 884 1805 782 962 1784 635 59 1730 656 1244
2,100,100.200000,N16_xyz/cluster_N16_002_frame00100.xyz,78,16,3.658600,212 133 24 37 427 274 379 441 181 103 198 474 484 468 175 584,668 431 104 143 1313 854 1169 1355 575 341 626 1454 1484 1436 557 1784
3,201,201.402000,N16_xyz/cluster_N16_003_frame00201.xyz,78,16,3.669448,152 320 486 88 469 227 202 284 293 121 278 430 149 40 287 51,488 992 1490 296 1439 713 638 884 911 395 866 1322 479 152 893 185
4,302,302.604000,N16_xyz/cluster_N16_004_frame00302.xyz,78,16,3.708835,47 226 403 383 240 0 272 167 479 89 81 318 510 594 522 418,173 710 1241 1181 752 32 848 533 1469 299 275 986 1562 1814 1598 1286
5,403,403.806000,N16_xyz/cluster_N16_005_frame00403.xyz,78,16,3.740345,39 178 398 592 550 462 78 465 222 277 208 104 162 317 346 223,149 566 1226 1808 1682 1418 266 1427 698 863 656 344 518 983 1070 701
6,504,505.008000,N16_xyz/cluster_N16_006_frame00504.xyz,78,16,3.655645,166 15 561 94 479 184 159 92 550 193 373 296 124 262 97 230,530 77 1715 314 1469 584 509 308 1682 611 1151 920 404 818 323 722
7,604,605.208000,N16_xyz/cluster_N16_007_frame00604.xyz,78,16,3.625083,579 306 294 16 82 378 158 163 33 550 278 320 453 55 92 575,1769 950 914 80 278 1166 506 521 131 1682 866 992 1391 197 308 1757
8,705,706.410000,N16_xyz/cluster_N16_008_frame00705.xyz,78,16,3.626540,304 400 305 257 353 296 21 153 578 270 300 586 585 33 95 249,944 1232 947 803 1091 920 95 491 1766 842 932 1790 1787 131 317 779
9,806,807.612000,N16_xyz/cluster_N16_009_frame00806.xyz,78,16,3.531970,10 315 212 136 394 239 414 580 286 169 344 489 326 517 172 570,62 977 668 440 1214 749 1274 1772 890 539 1064 1499 1010 1583 548 1742
10,907,908.814000,N16_xyz/cluster_N16_010_frame00907.xyz,78,16,3.575521,324 176 355 263 134 76 386 194 576 593 567 156 550 20 300 413,1004 560 1097 821 434 260 1190 614 1760 1811 1733 500 1682 92 932 1271
11,1008,1010.016000,N16_xyz/cluster_N16_011_frame01008.xyz,78,16,3.683072,357 189 149 582 479 61 534 194 571 11 26 396 423 485 307 535,1103 599 479 1778 1469 215 1634 614 1745 65 110 1220 1301 1487 953 1637
12,1109,1111.218000,N16_xyz/cluster_N16_012_frame01109.xyz,78,16,3.808489,398 296 245 16 222 584 204 208 449 194 304 50 78 477 183 94,1226 920 767 80 698 1784 644 656 1379 614 944 182 266 1463 581 314
13,1209,1211.418000,N16_xyz/cluster_N16_013_frame01209.xyz,78,16,3.756344,158 188 88 484 62 571 536 192 410 567 539 135 47 520 345 409,506 596 296 1484 218 1745 1640 608 1262 1733 1649 437 173 1592 1067 1259
14,1310,1312.620000,N16_xyz/cluster_N16_014_frame01310.xyz,78,16,3.816304,49 206 452 413 477 27 583 506 604 83 409 488 584 377 472 67,179 650 1388 1271 1463 113 1781 1550 1844 281 1259 1496 1784 1163 1448 233
15,1411,1413.822000,N16_xyz/cluster_N16_015_frame01411.xyz,78,16,3.653292,50 466 103 568 298 381 598 521 162 294 51 494 134 54 112 377,182 1430 341 1736 926 1175 1826 1595 518 914 185 1514 434 194 368 1163
16,1512,1515.024000,N16_xyz/cluster_N16_016_frame01512.xyz,78,16,3.723762,331 243 314 113 264 62 22 105 578 194 226 184 494 19 344 308,1025 761 974 371 824 218 98 347 1766 614 710 584 1514 89 1064 956
17,1613,1616.226000,N16_xyz/cluster_N16_017_frame01613.xyz,78,16,3.777490,445 417 5 385 490 239 482 117 505 496 320 88 356 73 101 89,1367 1283 47 1187 1502 749 1478 383 1547 1520 992 296 1100 251 335 299
18,1713,1716.426000,N16_xyz/cluster_N16_018_frame01713.xyz,78,16,3.810460,526 363 286 196 147 573 23 40 139 418 50 424 482 33 423 435,1610 1121 890 620 473 1751 101 152 449 1286 182 1304 1478 131 1301 1337
19,1814,1817.628000,N16_xyz/cluster_N16_019_frame01814.xyz,78,16,3.514108,260 577 254 180 348 603 300 560 435 223 2 25 567 16 337 181,812 1763 794 572 1076 1841 932 1712 1337 701 38 107 1733 80 1043 575
20,1915,1918.830000,N16_xyz/cluster_N16_020_frame01915.xyz,78,16,3.681204,348 537 541 479 34 482 280 404 560 168 189 105 355 416 68 85,1076 1643 1655 1469 134 1478 872 1244 1712 536 599 347 1097 1280 236 287
21,2016,2020.032000,N16_xyz/cluster_N16_021_frame02016.xyz,78,16,3.775773,479 490 70 545 213 264 527 342 369 141 537 191 41 401 361 100,1469 1502 242 1667 671 824 1613 1058 1139 455 1643 605 155 1235 1115 332
22,2117,2121.234000,N16_xyz/cluster_N16_022_frame02117.xyz,78,16,3.669821,370 182 178 5 495 360 176 343 31 263 554 348 6 572 226 327,1142 578 566 47 1517 1112 560 1061 125 821 1694 1076 50 1748 710 1013
23,2218,2222.436000,N16_xyz/cluster_N16_023_frame02218.xyz,78,16,3.751760,398 246 267 336 531 43 567 391 241 84 223 189 8 215 103 578,1226 770 833 1040 1625 161 1733 1205 755 284 701 599 56 677 341 1766
24,2318,2322.636000,N16_xyz/cluster_N16_024_frame02318.xyz,78,16,3.882995,184 428 122 137 514 473 457 98 583 601 124 111 286 397 317 237,584 1316 398 443 1574 1451 1403 326 1781 1835 404 365 890 1223 983 743
25,2419,2423.838000,N16_xyz/cluster_N16_025_frame02419.xyz,78,16,3.703232,118 262 142 85 283 80 141 397 156 84 426 218 205 390 324 458,386 818 458 287 881 272 455 1223 500 284 1310 686 647 1202 1004 1406
26,2520,2525.040000,N16_xyz/cluster_N16_026_frame02520.xyz,78,16,3.824038,176 140 61 444 530 290 588 559 172 374 427 395 590 171 456 249,560 452 215 1364 1622 902 1796 1709 548 1154 1313 1217 1802 545 1400 779
27,2621,2626.242000,N16_xyz/cluster_N16_027_frame02621.xyz,78,16,3.714285,527 157 463 111 237 576 131 146 340 231 53 14 507 199 487 436,1613 503 1421 365 743 1760 425 470 1052 725 191 74 1553 629 1493 1340
28,2722,2727.444000,N16_xyz/cluster_N16_028_frame02722.xyz,78,16,3.688864,27 498 162 97 551 66 317 53 449 298 364 251 379 300 457 34,113 1526 518 323 1685 230 983 191 1379 926 1124 785 1169 932 1403 134
29,2822,2827.644000,N16_xyz/cluster_N16_029_frame02822.xyz,78,16,3.602010,72 343 89 66 447 26 498 10 440 303 216 83 124 307 577 215,248 1061 299 230 1373 110 1526 62 1352 941 680 281 404 953 1763 677
30,2923,2928.846000,N16_xyz/cluster_N16_030_frame02923.xyz,78,16,3.600895,122 491 59 601 579 18 26 480 97 338 250 54 342 490 91 72,398 1505 209 1835 1769 86 110 1472 323 1046 782 194 1058 1502 305 248
31,3024,3030.048000,N16_xyz/cluster_N16_031_frame03024.xyz,78,16,3.428728,279 217 200 540 158 575 442 518 423 261 27 533 212 378 519 597,869 683 632 1652 506 1757 1358 1586 1301 815 113 1631 668 1166 1589 1823
32,3125,3131.250000,N16_xyz/cluster_N16_032_frame03125.xyz,78,16,3.621925,352 90 599 497 357 370 436 55 488 213 314 19 126 527 557 389,1088 302 1829 1523 1103 1142 1340 197 1496 671 974 89 410 1613 1703 1199
33,3226,3232.452000,N16_xyz/cluster_N16_033_frame03226.xyz,78,16,3.714201,357 470 494 594 78 41 70 174 321 39 603 564 372 234 143 380,1103 1442 1514 1814 266 155 242 554 995 149 1841 1724 1148 734 461 1172
34,3327,3333.654000,N16_xyz/cluster_N16_034_frame03327.xyz,78,16,3.909758,134 324 331 592 107 489 390 249 274 480 61 217 207 259 557 410,434 1004 1025 1808 353 1499 1202 779 854 1472 215 683 653 809 1703 1262
35,3427,3433.854000,N16_xyz/cluster_N16_035_frame03427.xyz,78,16,3.721896,305 603 205 461 486 290 289 353 247 512 64 501 392 558 428 395,947 1841 647 1415 1490 902 899 1091 773 1568 224 1535 1208 1706 1316 1217
36,3528,3535.056000,N16_xyz/cluster_N16_036_frame03528.xyz,78,16,3.922924,38 571 191 567 418 592 585 279 226 488 81 175 491 64 17 349,146 1745 605 1733 1286 1808 1787 869 710 1496 275 557 1505 224 83 1079
37,3629,3636.258000,N16_xyz/cluster_N16_037_frame03629.xyz,78,16,3.622849,243 216 258 232 262 200 124 506 397 161 382 414 468 564 422 239,761 680 806 728 818 632 404 1550 1223 515 1178 1274 1436 1724 1298 749
38,3730,3737.460000,N16_xyz/cluster_N16_038_frame03730.xyz,78,16,3.538497,75 504 39 495 482 385 272 277 315 166 569 462 519 159 532 425,257 1544 149 1517 1478 1187 848 863 977 530 1739 1418 1589 509 1628 1307
39,3831,3838.662000,N16_xyz/cluster_N16_039_frame03831.xyz,78,16,3.913560,368 215 257 435 55 24 480 366 274 391 197 259 532 465 29 603,1136 677 803 1337 197 104 1472 1130 854 1205 623 809 1628 1427 119 1841
40,3931,3938.862000,N16_xyz/cluster_N16_040_frame03931.xyz,78,16,3.852224,446 325 255 272 436 207 182 419 55 274 270 281 390 399 208 276,1370 1007 797 848 1340 653 578 1289 197 854 842 875 1202 1229 656 860
41,4032,4040.064000,N16_xyz/cluster_N16_041_frame04032.xyz,78,16,3.612840,160 197 345 429 449 227 129 582 359 518 393 130 114 278 243 503,512 623 1067 1319 1379 713 419 1778 1109 1586 1211 422 374 866 761 1541
42,4133,4141.266000,N16_xyz/cluster_N16_042_frame04133.xyz,78,16,3.603420,257 360 579 595 133 220 104 453 189 185 501 359 121 482 311 120,803 1112 1769 1817 431 692 344 1391 599 587 1535 1109 395 1478 965 392
43,4234,4242.468000,N16_xyz/cluster_N16_043_frame04234.xyz,78,16,3.706178,300 302 223 129 572 533 219 170 84 95 425 248 158 327 308 456,932 938 701 419 1748 1631 689 542 284 317 1307 776 506 1013 956 1400
44,4335,4343.670000,N16_xyz/cluster_N16_044_frame04335.xyz,78,16,3.714212,348 470 33 10 555 328 31 99 425 351 316 203 335 294 84 364,1076 1442 131 62 1697 1016 125 329 1307 1085 980 641 1037 914 284 1124
45,4436,4444.872000,N16_xyz/cluster_N16_045_frame04436.xyz,78,16,3.844120,480 119 165 166 203 497 441 95 90 313 300 276 185 535 42 237,1472 389 527 530 641 1523 1355 317 302 971 932 860 587 1637 158 743
46,4536,4545.072000,N16_xyz/cluster_N16_046_frame04536.xyz,78,16,3.717814,180 510 454 187 354 498 295 505 455 256 235 152 0 6 158 245,572 1562 1394 593 1094 1526 917 1547 1397 800 737 488 32 50 506 767
47,4637,4646.274000,N16_xyz/cluster_N16_047_frame04637.xyz,78,16,3.692864,270 292 560 48 276 83 116 526 484 122 363 400 383 250 374 392,842 908 1712 176 860 281 380 1610 1484 398 1121 1232 1181 782 1154 1208
48,4738,4747.476000,N16_xyz/cluster_N16_048_frame04738.xyz,78,16,3.987631,151 459 283 601 586 14 326 281 526 409 528 249 520 95 64 486,485 1409 881 1835 1790 74 1010 875 1610 1259 1616 779 1592 317 224 1490
49,4839,4848.678000,N16_xyz/cluster_N16_049_frame04839.xyz,78,16,3.928917,173 50 372 87 337 376 277 461 341 68 348 117 242 593 148 543,551 182 1148 293 1043 1160 863 1415 1055 236 1076 383 758 1811 476 1661
50,4940,4949.880000,N16_xyz/cluster_N16_050_frame04940.xyz,78,16,3.725648,519 481 418 309 312 530 520 476 361 72 58 345 594 368 311 587,1589 1475 1286 959 968 1622 1592 1460 1115 248 206 1067 1814 1136 965 1793
51,5040,5050.080000,N16_xyz/cluster_N16_051_frame05040.xyz,78,16,3.652397,192 371 517 189 182 435 284 248 60 548 394 309 219 560 96 408,608 1145 1583 599 578 1337 884 776 212 1676 1214 959 689 1712 320 1256
52,5141,5151.282000,N16_xyz/cluster_N16_052_frame05141.xyz,78,16,3.787659,377 545 1 199 529 350 450 291 10 544 305 328 66 366 115 139,1163 1667 35 629 1619 1082 1382 905 62 1664 947 1016 230 1130 377 449
53,5242,5252.484000,N16_xyz/cluster_N16_053_frame05242.xyz,78,16,3.732921,353 564 599 241 421 299 604 545 481 97 441 306 196 282 350 581,1091 1724 1829 755 1295 929 1844 1667 1475 323 1355 950 620 878 1082 1775
54,5343,5353.686000,N16_xyz/cluster_N16_054_frame05343.xyz,78,16,3.767322,503 97 24 279 5 28 126 17 408 27 349 511 189 50 476 550,1541 323 104 869 47 116 410 83 1256 113 1079 1565 599 182 1460 1682
55,5444,5454.888000,N16_xyz/cluster_N16_055_frame05444.xyz,78,16,3.874587,120 464 238 325 241 457 171 108 446 200 105 281 158 455 562 400,392 1424 746 1007 755 1403 545 356 1370 632 347 875 506 1397 1718 1232
56,5545,5556.090000,N16_xyz/cluster_N16_056_frame05545.xyz,78,16,3.868140,387 16 576 552 114 522 145 251 504 91 322 175 403 560 486 580,1193 80 1760 1688 374 1598 467 785 1544 305 998 557 1241 1712 1490 1772
57,5645,5656.290000,N16_xyz/cluster_N16_057_frame05645.xyz,78,16,3.720361,79 59 284 270 140 34 88 146 472 335 138 445 533 465 405 586,269 209 884 842 452 134 296 470 1448 1037 446 1367 1631 1427 1247 1790
58,5746,5757.492000,N16_xyz/cluster_N16_058_frame05746.xyz,78,16,3.679007,55 53 217 410 524 5 242 279 564 516 251 519 555 87 225 296,197 191 683 1262 1604 47 758 869 1724 1580 785 1589 1697 293 707 920
59,5847,5858.694000,N16_xyz/cluster_N16_059_frame05847.xyz,78,16,3.745891,166 475 250 242 117 267 599 116 550 523 23 604 580 124 403 55,530 1457 782 758 383 833 1829 380 1682 1601 101 1844 1772 404 1241 197
60,5948,5959.896000,N16_xyz/cluster_N16_060_frame05948.xyz,78,16,3.689878,571 420 173 430 233 135 312 240 119 232 535 529 71 205 2 482,1745 1292 551 1322 731 437 968 752 389 728 1637 1619 245 647 38 1478
61,6049,6061.098000,N16_xyz/cluster_N16_061_frame06049.xyz,78,16,3.662595,34 242 51 42 98 520 97 470 505 239 512 547 433 400 190 515,134 758 185 158 326 1592 323 1442 1547 749 1568 1673 1331 1232 602 1577
62,6149,6161.298000,N16_xyz/cluster_N16_062_frame06149.xyz,78,16,3.741600,151 571 479 275 366 453 577 162 137 350 59 153 274 241 1 528,485 1745 1469 857 1130 1391 1763 518 443 1082 209 491 854 755 35 1616
63,6250,6262.500000,N16_xyz/cluster_N16_063_frame06250.xyz,78,16,3.526509,29 453 489 102 212 153 464 54 28 237 432 322 146 261 163 18,119 1391 1499 338 668 491 1424 194 116 743 1328 998 470 815 521 86
64,6351,6363.702000,N16_xyz/cluster_N16_064_frame06351.xyz,78,16,3.635337,328 588 249 595 54 427 594 323 423 434 472 192 554 525 53 27,1016 1796 779 1817 194 1313 1814 1001 1301 1334 1448 608 1694 1607 191 113
65,6452,6464.904000,N16_xyz/cluster_N16_065_frame06452.xyz,78,16,3.796353,70 80 408 177 473 601 494 164 387 274 420 484 105 414 604 69,242 272 1256 563 1451 1835 1514 524 1193 854 1292 1484 347 1274 1844 239
66,6553,6566.106000,N16_xyz/cluster_N16_066_frame06553.xyz,78,16,3.712857,118 412 2 282 132 482 230 530 375 36 388 374 532 499 309 418,386 1268 38 878 428 1478 722 1622 1157 140 1196 1154 1628 1529 959 1286
67,6654,6667.308000,N16_xyz/cluster_N16_067_frame06654.xyz,78,16,3.928709,510 420 5 359 15 155 292 308 272 224 529 246 89 375 20 121,1562 1292 47 1109 77 497 908 956 848 704 1619 770 299 1157 92 395
68,6754,6767.508000,N16_xyz/cluster_N16_068_frame06754.xyz,78,16,3.660363,515 310 474 533 25 164 373 184 478 205 447 120 420 226 15 476,1577 962 1454 1631 107 524 1151 584 1466 647 1373 392 1292 710 77 1460
69,6855,6868.710000,N16_xyz/cluster_N16_069_frame06855.xyz,78,16,3.621364,592 574 207 27 312 431 260 495 344 527 90 69 264 420 11 31,1808 1754 653 113 968 1325 812 1517 1064 1613 302 239 824 1292 65 125
70,6956,6969.912000,N16_xyz/cluster_N16_070_frame06956.xyz,78,16,3.757167,149 302 14 308 221 392 12 382 380 437 124 17 565 579 604 406,479 938 74 956 695 1208 68 1178 1172 1343 404 83 1727 1769 1844 1250
71,7057,7071.114000,N16_xyz/cluster_N16_071_frame07057.xyz,78,16,3.818764,420 134 468 594 357 379 132 166 125 400 139 237 377 97 235 56,1292 434 1436 1814 1103 1169 428 530 407 1232 449 743 1163 323 737 200
72,7158,7172.316000,N16_xyz/cluster_N16_072_frame07158.xyz,78,16,3.733702,72 247 555 158 215 586 451 490 502 65 330 450 261 530 436 301,248 773 1697 506 677 1790 1385 1502 1538 227 1022 1382 815 1622 1340 935
73,7258,7272.516000,N16_xyz/cluster_N16_073_frame07258.xyz,78,16,3.727276,440 465 102 183 264 495 238 568 38 95 303 286 301 187 33 45,1352 1427 338 581 824 1517 746 1736 146 317 941 890 935 593 131 167
74,7359,7373.718000,N16_xyz/cluster_N16_074_frame07359.xyz,78,16,3.692402,447 50 290 245 417 18 79 548 278 199 263 449 585 224 394 335,1373 182 902 767 1283 86 269 1676 866 629 821 1379 1787 704 1214 1037
75,7460,7474.920000,N16_xyz/cluster_N16_075_frame07460.xyz,78,16,3.643405,64 370 544 499 187 430 273 147 417 116 199 156 480 44 583 281,224 1142 1664 1529 593 1322 851 473 1283 380 629 500 1472 164 1781 875
76,7561,7576.122000,N16_xyz/cluster_N16_076_frame07561.xyz,78,16,3.624646,84 439 154 89 34 603 558 138 422 6 486 327 71 129 460 159,284 1349 494 299 134 1841 1706 446 1298 50 1490 1013 245 419 1412 509
77,7662,7677.324000,N16_xyz/cluster_N16_077_frame07662.xyz,78,16,3.738949,272 413 102 493 119 89 370 170 191 366 576 472 156 517 180 169,848 1271 338 1511 389 299 1142 542 605 1130 1760 1448 500 1583 572 539
78,7763,7778.526000,N16_xyz/cluster_N16_078_frame07763.xyz,78,16,3.717378,244 15 334 225 450 549 340 346 381 417 270 526 32 2 584 339,764 77 1034 707 1382 1679 1052 1070 1175 1283 842 1610 128 38 1784 1049
79,7863,7878.726000,N16_xyz/cluster_N16_079_frame07863.xyz,78,16,3.747594,434 166 462 471 273 175 560 495 292 528 370 182 234 192 321 110,1334 530 1418 1445 851 557 1712 1517 908 1616 1142 578 734 608 995 362
80,7964,7979.928000,N16_xyz/cluster_N16_080_frame07964.xyz,78,16,3.838145,211 245 68 176 295 364 417 91 16 438 67 336 550 477 49 186,665 767 236 560 917 1124 1283 305 80 1346 233 1040 1682 1463 179 590
81,8065,8081.130000,N16_xyz/cluster_N16_081_frame08065.xyz,78,16,3.672824,561 192 9 27 584 546 164 340 219 379 324 363 480 37 58 106,1715 608 59 113 1784 1670 524 1052 689 1169 1004 1121 1472 143 206 350
82,8166,8182.332000,N16_xyz/cluster_N16_082_frame08166.xyz,78,16,3.789860,86 390 150 217 471 226 275 307 49 22 88 106 439 328 535 401,290 1202 482 683 1445 710 857 953 179 98 296 350 1349 1016 1637 1235
83,8267,8283.534000,N16_xyz/cluster_N16_083_frame08267.xyz,78,16,3.619487,152 560 458 29 368 392 168 289 200 564 114 420 338 148 483 558,488 1712 1406 119 1136 1208 536 899 632 1724 374 1292 1046 476 1481 1706
84,8367,8383.734000,N16_xyz/cluster_N16_084_frame08367.xyz,78,16,3.867683,129 45 148 227 154 93 467 71 390 257 554 48 60 555 218 105,419 167 476 713 494 311 1433 245 1202 803 1694 176 212 1697 686 347
85,8468,8484.936000,N16_xyz/cluster_N16_085_frame08468.xyz,78,16,3.746938,494 351 371 46 530 421 184 594 250 213 242 72 190 32 524 345,1514 1085 1145 170 1622 1295 584 1814 782 671 758 248 602 128 1604 1067
86,8569,8586.138000,N16_xyz/cluster_N16_086_frame08569.xyz,78,16,3.695175,215 383 308 128 74 65 144 161 105 424 566 155 303 52 143 593,677 1181 956 416 254 227 464 515 347 1304 1730 497 941 188 461 1811
87,8670,8687.340000,N16_xyz/cluster_N16_087_frame08670.xyz,78,16,3.735146,525 570 37 308 309 292 160 422 326 161 361 263 36 126 334 230,1607 1742 143 956 959 908 512 1298 1010 515 1115 821 140 410 1034 722
88,8771,8788.542000,N16_xyz/cluster_N16_088_frame08771.xyz,78,16,3.723401,198 512 133 0 600 573 448 594 283 242 8 25 296 170 575 267,626 1568 431 32 1832 1751 1376 1814 881 758 56 107 920 542 1757 833
89,8872,8889.744000,N16_xyz/cluster_N16_089_frame08872.xyz,78,16,3.926556,462 49 427 574 354 583 86 408 327 393 35 334 118 234 287 448,1418 179 1313 1754 1094 1781 290 1256 1013 1211 137 1034 386 734 893 1376
90,8972,8989.944000,N16_xyz/cluster_N16_090_frame08972.xyz,78,16,3.705012,530 40 597 443 279 210 364 105 480 499 492 395 211 276 306 13,1622 152 1823 1361 869 662 1124 347 1472 1529 1508 1217 665 860 950 71
91,9073,9091.146000,N16_xyz/cluster_N16_091_frame09073.xyz,78,16,3.901647,268 343 467 458 552 172 18 567 574 551 131 159 350 535 143 568,836 1061 1433 1406 1688 548 86 1733 1754 1685 425 509 1082 1637 461 1736
92,9174,9192.348000,N16_xyz/cluster_N16_092_frame09174.xyz,78,16,3.595997,61 130 146 110 287 522 469 496 416 209 493 197 299 458 371 548,215 422 470 362 893 1598 1439 1520 1280 659 1511 623 929 1406 1145 1676
93,9275,9293.550000,N16_xyz/cluster_N16_093_frame09275.xyz,78,16,3.572647,97 348 307 302 32 499 467 361 333 555 138 395 326 148 410 102,323 1076 953 938 128 1529 1433 1115 1031 1697 446 1217 1010 476 1262 338
94,9376,9394.752000,N16_xyz/cluster_N16_094_frame09376.xyz,78,16,3.646817,599 535 420 583 476 56 368 365 89 543 342 562 421 138 177 212,1829 1637 1292 1781 1460 200 1136 1127 299 1661 1058 1718 1295 446 563 668
95,9476,9494.952000,N16_xyz/cluster_N16_095_frame09476.xyz,78,16,3.643232,479 50 547 351 36 88 476 466 7 291 482 372 552 40 364 380,1469 182 1673 1085 140 296 1460 1430 53 905 1478 1148 1688 152 1124 1172
96,9577,9596.154000,N16_xyz/cluster_N16_096_frame09577.xyz,78,16,3.597598,406 170 210 94 111 28 367 381 206 370 122 604 248 296 271 399,1250 542 662 314 365 116 1133 1175 650 1142 398 1844 776 920 845 1229
97,9678,9697.356000,N16_xyz/cluster_N16_097_frame09678.xyz,78,16,3.652919,302 355 453 392 325 199 365 305 131 594 23 60 62 231 519 230,938 1097 1391 1208 1007 629 1127 947 425 1814 101 212 218 725 1589 722
98,9779,9798.558000,N16_xyz/cluster_N16_098_frame09779.xyz,78,16,3.599953,367 356 134 252 79 598 10 379 34 39 592 457 494 186 467 208,1133 1100 434 788 269 1826 62 1169 134 149 1808 1403 1514 590 1433 656
99,9880,9899.760000,N16_xyz/cluster_N16_099_frame09880.xyz,78,16,3.784990,403 144 433 172 445 251 217 193 10 240 219 12 170 86 148 191,1241 464 1331 548 1367 785 683 611 62 752 689 68 542 290 476 605
100,9981,10000.008000,N16_xyz/cluster_N16_100_frame09981.xyz,78,16,3.737385,0 57 375 277 197 539 503 462 585 483 458 139 15 117 573 487,32 203 1157 863 623 1649 1541 1418 1787 1481 1406 449 77 383 1751 1493
