selection_rank,frame_index,time_ps,Nth_nearest_distance_A,full_shell_count_5p325A
1,0,0.000000,3.809373,44
2,100,100.200000,3.658600,45
3,201,201.402000,3.669448,52
4,302,302.604000,3.708835,46
5,403,403.806000,3.740345,47
6,504,505.008000,3.655645,48
7,604,605.208000,3.625083,51
8,705,706.410000,3.626541,48
9,806,807.612000,3.531971,48
10,907,908.814000,3.575520,46
11,1008,1010.016000,3.683073,50
12,1109,1111.218000,3.808489,50
13,1209,1211.418000,3.756344,46
14,1310,1312.620000,3.816304,48
15,1411,1413.822000,3.653292,43
16,1512,1515.024000,3.723762,51
17,1613,1616.226000,3.777490,48
18,1713,1716.426000,3.810460,49
19,1814,1817.628000,3.514108,49
20,1915,1918.830000,3.681204,47
21,2016,2020.032000,3.775773,46
22,2117,2121.234000,3.669821,46
23,2218,2222.436000,3.751760,50
24,2318,2322.636000,3.882995,47
25,2419,2423.838000,3.703232,52
26,2520,2525.040000,3.824039,44
27,2621,2626.242000,3.714285,47
28,2722,2727.444000,3.688864,47
29,2822,2827.644000,3.602010,45
30,2923,2928.846000,3.600895,47
31,3024,3030.048000,3.428728,54
32,3125,3131.250000,3.621925,44
33,3226,3232.452000,3.714200,44
34,3327,3333.654000,3.909758,49
35,3427,3433.854000,3.721896,47
36,3528,3535.056000,3.922924,45
37,3629,3636.258000,3.622849,49
38,3730,3737.460000,3.538497,47
39,3831,3838.662000,3.913560,46
40,3931,3938.862000,3.852224,46
41,4032,4040.064000,3.612841,50
42,4133,4141.266000,3.603420,53
43,4234,4242.468000,3.706178,48
44,4335,4343.670000,3.714212,48
45,4436,4444.872000,3.844120,52
46,4536,4545.072000,3.717814,51
47,4637,4646.274000,3.692864,50
48,4738,4747.476000,3.987631,47
49,4839,4848.678000,3.928917,41
50,4940,4949.880000,3.725648,45
51,5040,5050.080000,3.652397,49
52,5141,5151.282000,3.787659,51
53,5242,5252.484000,3.732920,52
54,5343,5353.686000,3.767322,52
55,5444,5454.888000,3.874586,48
56,5545,5556.090000,3.868140,48
57,5645,5656.290000,3.720361,48
58,5746,5757.492000,3.679007,47
59,5847,5858.694000,3.745891,48
60,5948,5959.896000,3.689878,48
61,6049,6061.098000,3.662595,47
62,6149,6161.298000,3.741600,51
63,6250,6262.500000,3.526509,47
64,6351,6363.702000,3.635337,51
65,6452,6464.904000,3.796352,45
66,6553,6566.106000,3.712857,47
67,6654,6667.308000,3.928710,44
68,6754,6767.508000,3.660363,48
69,6855,6868.710000,3.621364,52
70,6956,6969.912000,3.757167,45
71,7057,7071.114000,3.818764,44
72,7158,7172.316000,3.733702,44
73,7258,7272.516000,3.727275,47
74,7359,7373.718000,3.692402,50
75,7460,7474.920000,3.643405,48
76,7561,7576.122000,3.624646,46
77,7662,7677.324000,3.738948,48
78,7763,7778.526000,3.717378,48
79,7863,7878.726000,3.747594,50
80,7964,7979.928000,3.838145,45
81,8065,8081.130000,3.672825,47
82,8166,8182.332000,3.789860,48
83,8267,8283.534000,3.619487,50
84,8367,8383.734000,3.867683,48
85,8468,8484.936000,3.746938,50
86,8569,8586.138000,3.695174,48
87,8670,8687.340000,3.735146,48
88,8771,8788.542000,3.723400,49
89,8872,8889.744000,3.926556,45
90,8972,8989.944000,3.705012,48
91,9073,9091.146000,3.901647,50
92,9174,9192.348000,3.595996,47
93,9275,9293.550000,3.572647,47
94,9376,9394.752000,3.646817,42
95,9476,9494.952000,3.643232,47
96,9577,9596.154000,3.597598,46
97,9678,9697.356000,3.652920,52
98,9779,9798.558000,3.599953,52
99,9880,9899.760000,3.784991,49
100,9981,10000.008000,3.737385,47
