r_A,g_r,g_r_smoothed,raw_pair_count
0.0250,0.00000000,0.00000000,0
0.0750,0.00000000,0.00000000,0
0.1250,0.00000000,0.00000000,0
0.1750,0.00000000,0.00000000,0
0.2250,0.00000000,0.00000000,0
0.2750,0.00000000,0.00000000,0
0.3250,0.00000000,0.00000000,0
0.3750,0.00000000,0.00000000,0
0.4250,0.00000000,0.00000000,0
0.4750,0.00000000,0.00000000,0
0.5250,0.00000000,0.00000000,0
0.5750,0.00000000,0.00000000,0
0.6250,0.00000000,0.00000000,0
0.6750,0.00000000,0.00000000,0
0.7250,0.00000000,0.00000000,0
0.7750,0.00000000,0.00000000,0
0.8250,0.00000000,0.00000000,0
0.8750,0.00000000,0.00000000,0
0.9250,0.00000000,0.00000000,0
0.9750,0.00000000,0.00000000,0
1.0250,0.00000000,0.00000000,0
1.0750,0.00000000,0.00000000,0
1.1250,0.00000000,0.00000000,0
1.1750,0.00000000,0.00000000,0
1.2250,0.00000000,0.00000000,0
1.2750,0.00000000,0.00000000,0
1.3250,0.00000000,0.00000000,0
1.3750,0.00000000,0.00000000,0
1.4250,0.00000000,0.00000000,0
1.4750,0.00000000,0.00000000,0
1.5250,0.00000000,0.00000000,0
1.5750,0.00000000,0.00000000,0
1.6250,0.00000000,0.00000000,0
1.6750,0.00000000,0.00000000,0
1.7250,0.00000000,0.00000000,0
1.7750,0.00000000,0.00000000,0
1.8250,0.00000000,0.00000000,0
1.8750,0.00000000,0.00000000,0
1.9250,0.00000000,0.00000000,0
1.9750,0.00000000,0.00000000,0
2.0250,0.00000000,0.00000000,0
2.0750,0.00000000,0.00000000,0
2.1250,0.00000000,0.00000000,0
2.1750,0.00000000,0.00000000,0
2.2250,0.00000000,0.00000000,0
2.2750,0.00000000,0.00000000,0
2.3250,0.00000000,0.00005208,0
2.3750,0.00000000,0.00040620,0
2.4250,0.00000000,0.00183789,0
2.4750,0.00000000,0.00521241,0
2.5250,0.00046876,0.01153566,9
2.5750,0.00318701,0.02070939,64
2.6250,0.01288523,0.03187236,268
2.6750,0.03037069,0.04465199,656
2.7250,0.05690928,0.05820800,1276
2.7750,0.08256354,0.07260490,1920
2.8250,0.10046674,0.08852705,2421
2.8750,0.11501665,0.10654915,2870
2.9250,0.12200408,0.12756324,3152
2.9750,0.13004091,0.15110582,3475
3.0250,0.14648632,0.17742625,4048
3.0750,0.17508413,0.21048417,5000
3.1250,0.21949751,0.24936082,6472
3.1750,0.26879248,0.29639780,8183
3.2250,0.31944746,0.35112266,10036
3.2750,0.39798802,0.41243503,12892
3.3250,0.46490651,0.47864949,15523
3.3750,0.54533683,0.54398992,18760
3.4250,0.62256465,0.60845416,22058
3.4750,0.69829770,0.66737331,25467
3.5250,0.77101424,0.71939258,28933
3.5750,0.80756139,0.76316081,31169
3.6250,0.84897060,0.79846368,33690
3.6750,0.84971982,0.82642606,34656
3.7250,0.86616148,0.84422211,36293
3.7750,0.85882058,0.85386876,36957
3.8250,0.86306263,0.85875698,38131
3.8750,0.87422607,0.85973213,39643
3.9250,0.85846217,0.86087129,39940
3.9750,0.85783410,0.85885745,40932
4.0250,0.85155534,0.85774149,41657
4.0750,0.85774699,0.85714280,43009
4.1250,0.85997220,0.85490927,44187
4.1750,0.84803694,0.85505378,44638
4.2250,0.84877698,0.85620390,45749
4.2750,0.85767443,0.85874643,47329
4.3250,0.85412426,0.86183100,48242
4.3750,0.85976276,0.86463585,49689
4.4250,0.86818521,0.86989483,51328
4.4750,0.87443808,0.87576021,52873
4.5250,0.88550819,0.88074348,54744
4.5750,0.88521579,0.88680305,55944
4.6250,0.89536777,0.89343015,57833
4.6750,0.90156544,0.89911101,59495
4.7250,0.90252384,0.90440495,60838
4.7750,0.90866042,0.90758904,62564
4.8250,0.91940659,0.91008155,64628
4.8750,0.91931294,0.91138531,65972
4.9250,0.92208357,0.91017488,67531
4.9750,0.91416497,0.90885553,68319
5.0250,0.90764840,0.90590858,69203
5.0750,0.90710160,0.90122187,70536
5.1250,0.89067163,0.89637403,70634
5.1750,0.89064963,0.89189453,72016
5.2250,0.88213788,0.88891877,72711
5.2750,0.87722618,0.88657863,73701
5.3250,0.87568240,0.88435132,74969
5.3750,0.88176807,0.88491176,76917
5.4250,0.88738313,0.88614861,78855
5.4750,0.88658711,0.88884773,80240
5.5250,0.88705588,0.89272771,81754
5.5750,0.89571559,0.89753878,84057
5.6250,0.90178122,0.90354600,86152
5.6750,0.90642997,0.90959493,88139
5.7250,0.91214604,0.91660766,90269
5.7750,0.91898199,0.92459336,92538
5.8250,0.93583305,0.93229336,95873
5.8750,0.94182356,0.93898190,98159
5.9250,0.94970166,0.94553615,100665
5.9750,0.95892714,0.95096425,103362
6.0250,0.96501562,0.95588828,105764
6.0750,0.96197806,0.95888133,107196
6.1250,0.96541827,0.96189968,109355
6.1750,0.96099894,0.96385802,110644
6.2250,0.96329819,0.96437705,112708
6.2750,0.96277054,0.96442460,114465
6.3250,0.96898866,0.96475054,117047
6.3750,0.96732680,0.96498021,118703
6.4250,0.96359836,0.96593446,120111
6.4750,0.96544356,0.96637319,122218
6.5250,0.96491151,0.96708973,124041
6.5750,0.96748532,0.96665888,126288
6.6250,0.96958717,0.96772152,128492
6.6750,0.96724678,0.96971544,130133
6.7250,0.96921940,0.97142825,132355
6.7750,0.96511105,0.97356268,133756
6.8250,0.97689058,0.97610573,137393
6.8750,0.98154356,0.97833869,140078
6.9250,0.98085887,0.98132999,142026
6.9750,0.98412141,0.98371972,144571
7.0250,0.99037277,0.98734551,147574
7.0750,0.98968376,0.98951407,149578
7.1250,0.99416851,0.99145670,152390
7.1750,0.99072695,0.99383510,153995
7.2250,0.99774321,0.99584653,157263
7.2750,0.99640762,0.99671373,159226
7.3250,0.99902721,0.99810434,161850
7.3750,1.00226449,0.99913425,164602
7.4250,1.00222427,1.00079480,166828
7.4750,0.99817755,1.00164463,168401
7.5250,1.00219920,1.00264049,171347
7.5750,1.00343774,1.00345982,173853
7.6250,1.00567193,1.00408377,176544
7.6750,1.00539170,1.00489634,178820
7.7250,1.00537035,1.00623247,181154
7.7750,1.00640113,1.00716871,183695
7.8250,1.00788006,1.00784584,186333
7.8750,1.00953742,1.00802214,189028
7.9250,1.01020271,1.00869788,191570
7.9750,1.01062538,1.00926715,194070
8.0250,1.00953186,1.01015061,196301
8.0750,1.00725862,1.01048657,198313
8.1250,1.01147336,1.01106215,201610
8.1750,1.01049381,1.01160353,203905
8.2250,1.01435224,1.01152582,207199
8.2750,1.01090377,1.01221102,208997
8.3250,1.01471763,1.01315944,212334
8.3750,1.01507515,1.01340057,214976
8.4250,1.00992593,1.01367822,216445
8.4750,1.01569869,1.01329214,220278
8.5250,1.01579441,1.01332153,222905
8.5750,1.01364351,1.01340076,225034
8.6250,1.01299269,1.01259605,227535
8.6750,1.01087748,1.01268626,229696
8.7250,1.01116826,1.01212855,232416
8.7750,1.01543071,1.01091932,236073
8.8250,1.00783277,1.01024420,236993
8.8750,1.01073778,1.00936609,240375
8.9250,1.01067936,1.00884212,243082
8.9750,1.00491130,1.00861357,244404
9.0250,1.00756742,1.00809868,247790
9.0750,1.00508970,1.00813743,249925
9.1250,1.00616179,1.00785922,252963
9.1750,1.00911124,1.00802272,256487
9.2250,1.01079670,1.00901556,259712
9.2750,1.00818157,1.00935214,261874
9.3250,1.00823393,1.01003557,264716
9.3750,1.01215083,1.01081422,268606
9.4250,1.01384682,1.01105578,271926
9.4750,1.01059667,1.01115115,273927
9.5250,1.01124059,1.01174639,277002
9.5750,1.01316966,1.01221480,280461
9.6250,1.01128523,1.01258318,282866
9.6750,1.01165508,1.01241587,285922
9.7250,1.01353872,1.01265040,289428
9.7750,1.01244960,1.01295015,292099
9.8250,1.01546630,0.90037574,295974
9.8750,1.01234098,0.78801072,298070
9.9250,1.01270743,0.67560460,301224
9.9750,1.01393835,0.56298918,304613
