model_x,model_y,grouping,group,atomic_rows,component_mae_eV_per_A,component_rmse_eV_per_A,mean_vector_cosine_similarity,mean_vector_difference_eV_per_A
mace,aimnet,element,C,1300,0.13604008990522612,0.18457500780694935,0.980015749543189,0.27171949185569116
mace,aimnet,element,H,4700,0.05770962097346873,0.07667258125694845,0.9830818610517785,0.11550047286742396
mace,aimnet,element,N,200,0.2834755193162032,0.35082782245801014,0.9282878507722069,0.5687131021803221
mace,aimnet,element,O,1600,0.11759726841442945,0.14345557109456988,0.9893240591444931,0.23429972603906024
mace,aimnet,molecular_group,Tacrine,3000,0.1066924106439907,0.16139763955681485,0.961938060934797,0.2134503128600103
mace,aimnet,molecular_group,Water,4800,0.07767934100967763,0.10339424062231596,0.9952639798605716,0.15507475112662936
mace,uma,element,C,1300,0.12141698732558209,0.1786601547043845,0.9832563656365857,0.2414424829562174
mace,uma,element,H,4700,0.08358375126626405,0.10313633037875956,0.9817839909200409,0.16690309208996312
mace,uma,element,N,200,0.3124673367988001,0.38111295512834553,0.9344195869274096,0.6228870952762784
mace,uma,element,O,1600,0.1355769967226517,0.15973242370990365,0.9911803105749983,0.2716022826068275
mace,uma,molecular_group,Tacrine,3000,0.10277732273316262,0.16385857917512817,0.9617038032578958,0.20447295047928
mace,uma,molecular_group,Water,4800,0.10870216841483599,0.12975401332081404,0.9958914660799053,0.2175087459279685
aimnet,uma,element,C,1300,0.11203123712170428,0.14408085391941264,0.9878460399642813,0.22272940564868038
aimnet,uma,element,H,4700,0.08409504606137669,0.10309837602615277,0.9793735005984823,0.16841416626025976
aimnet,uma,element,N,200,0.11249575101974188,0.14041050720039547,0.9900747404990772,0.22421401322108708
aimnet,uma,element,O,1600,0.11319128602170318,0.13896694221473255,0.9966021498440066,0.22721705295969627
aimnet,uma,molecular_group,Tacrine,3000,0.08878113568269166,0.11728737081956184,0.9630075611429826,0.17696098927798504
aimnet,uma,molecular_group,Water,4800,0.09961440115360094,0.12120713250048358,0.9980856269141064,0.19970873506505868
