filename,mace_sha256,mace_relative_energy_eV,mace_maximum_force_eV_per_A,mace_seconds,aimnet_sha256,aimnet_relative_energy_eV,aimnet_maximum_force_eV_per_A,member_relative_energy_std_eV,force_disagreement_rms_eV_per_A,uma_sha256,uma_relative_energy_eV,uma_maximum_force_eV_per_A,uma_seconds
cluster_N16_001_frame00000.xyz,c75a2a0b59b59cd795513361d526ae076f27f3580373e4c34dc7f0acc1d733f0,1.455740025929117,4.197558635838512,1.4124542999779806,c75a2a0b59b59cd795513361d526ae076f27f3580373e4c34dc7f0acc1d733f0,1.3269975173971034,4.118961797018594,0.0911196037071425,0.1197438654276152,c75a2a0b59b59cd795513361d526ae076f27f3580373e4c34dc7f0acc1d733f0,1.5643457867117831,3.902384718740662,2.8078568999189883
cluster_N16_002_frame00100.xyz,0ab5bb2c513c121829abeb362fc085a913ead32357795d4b679bb03933cb1c10,1.722558612258581,4.441710683636252,2.4110352999996394,0ab5bb2c513c121829abeb362fc085a913ead32357795d4b679bb03933cb1c10,1.9472811861269288,4.276320530496662,0.1300921941928739,0.1156178917328289,0ab5bb2c513c121829abeb362fc085a913ead32357795d4b679bb03933cb1c10,1.919321613451757,4.650361041665218,2.59361040010117
cluster_N16_003_frame00201.xyz,683571f3cb2375c231751560eac313711e073a02a3796d45b47603debf4fcb52,1.6422409580045496,2.656522182037251,1.3793991000275128,683571f3cb2375c231751560eac313711e073a02a3796d45b47603debf4fcb52,1.542945245586452,2.45243659168208,0.2279962262346417,0.1124021651166893,683571f3cb2375c231751560eac313711e073a02a3796d45b47603debf4fcb52,1.58900932627148,2.5981441004663086,2.5822916000615805
cluster_N16_004_frame00302.xyz,7a60944fdfefd00ccc8135671b7eb513f50311638a7773ed67ed4b3d6ea0f119,1.8951835898405989,2.9486805163522862,1.1527003000373952,7a60944fdfefd00ccc8135671b7eb513f50311638a7773ed67ed4b3d6ea0f119,2.1325894822221017,2.902658484822949,0.0996324310417571,0.1108693684055371,7a60944fdfefd00ccc8135671b7eb513f50311638a7773ed67ed4b3d6ea0f119,2.187531561583455,3.0809267103555182,2.7062818000558764
cluster_N16_005_frame00403.xyz,e8a9aac27cac6d76ae56fe8e4193fa6634c505599ff86790a920dbcb77ea2b8f,1.687571361384471,2.2104587553914765,1.153320600045845,e8a9aac27cac6d76ae56fe8e4193fa6634c505599ff86790a920dbcb77ea2b8f,1.493352789999335,2.36356903740811,0.0577319835216582,0.1023544796712787,e8a9aac27cac6d76ae56fe8e4193fa6634c505599ff86790a920dbcb77ea2b8f,1.5804869295388926,2.337456748872576,3.0433125998824835
cluster_N16_006_frame00504.xyz,8fae76132dcfa73d8fb300ce60196f45999907a0289f92ec672d79b55167c37b,2.033838515948446,2.896531185235069,1.2009194000274874,8fae76132dcfa73d8fb300ce60196f45999907a0289f92ec672d79b55167c37b,1.8967558105505304,3.33563025907484,0.1175448180414928,0.1185276947694991,8fae76132dcfa73d8fb300ce60196f45999907a0289f92ec672d79b55167c37b,2.035582360913395,3.6507349491091694,2.7404877000954
cluster_N16_007_frame00604.xyz,1ffd78b4aca506fe69d032f7930aa54e20586186ae7bc6463778cf41e129d740,1.7198422591754934,3.4171378896544384,1.16041640000185,1ffd78b4aca506fe69d032f7930aa54e20586186ae7bc6463778cf41e129d740,1.8599771832086844,3.4452541636743885,0.1994298749497021,0.1111245509184087,1ffd78b4aca506fe69d032f7930aa54e20586186ae7bc6463778cf41e129d740,1.8534277052458488,3.5599737335709656,2.6203323998488486
cluster_N16_008_frame00705.xyz,4532e3b2212dc7e41d95f8eed6965885f15611b554acb42f7634f9bbb6301379,1.996364874881692,2.8021930199847547,1.174095899972599,4532e3b2212dc7e41d95f8eed6965885f15611b554acb42f7634f9bbb6301379,1.9385653295685188,2.7761391488927054,0.1174729102446683,0.125331273023883,4532e3b2212dc7e41d95f8eed6965885f15611b554acb42f7634f9bbb6301379,2.177061919574044,2.6414607380256467,2.825328200124204
cluster_N16_009_frame00806.xyz,4e9b0126da42b11048c01a70184046853513fa3cb04bbb6970a427c2e3f76715,1.8437659723276736,3.1930376762728963,1.1690204000333324,4e9b0126da42b11048c01a70184046853513fa3cb04bbb6970a427c2e3f76715,2.299238973595493,2.9574158568401625,0.2269355349902851,0.1197257791799303,4e9b0126da42b11048c01a70184046853513fa3cb04bbb6970a427c2e3f76715,2.3556181780659244,2.9790113046192346,2.454880899982527
cluster_N16_010_frame00907.xyz,38223c5d9ef108c6b6b28d14ebf1784f81748f75813428df89c89f9349610310,1.1193351256806636,3.525083663146501,1.122547599952668,38223c5d9ef108c6b6b28d14ebf1784f81748f75813428df89c89f9349610310,1.174017849858501,3.5247621736358896,0.1748920733300298,0.1261387350261348,38223c5d9ef108c6b6b28d14ebf1784f81748f75813428df89c89f9349610310,1.2929478821970406,3.7830678905469113,2.4126975999679416
cluster_N16_011_frame01008.xyz,70604e86b7651e6ff393c8751676c2539263d8d76ccc7176474dc7e55e07b023,1.834810141415801,2.999239070367413,1.1543095000088217,70604e86b7651e6ff393c8751676c2539263d8d76ccc7176474dc7e55e07b023,1.8586116785518243,2.987237193251229,0.1253846672597591,0.1146754475075745,70604e86b7651e6ff393c8751676c2539263d8d76ccc7176474dc7e55e07b023,2.08949401191785,3.1116029131902847,2.3327202000655234
cluster_N16_012_frame01109.xyz,eb2616a263e8d49b7e27d3016212b774aea2a0b85d5a11d01271bbacc4beb5ed,2.177619277514168,4.654465228885917,1.0763580000493675,eb2616a263e8d49b7e27d3016212b774aea2a0b85d5a11d01271bbacc4beb5ed,2.1560342711381963,4.372934246180385,0.0483294450788483,0.1236510510257023,eb2616a263e8d49b7e27d3016212b774aea2a0b85d5a11d01271bbacc4beb5ed,2.3210200358371367,4.590302978751207,3.915752799948677
cluster_N16_013_frame01209.xyz,affb7a69efd59bc6886b6f86ec480df67fa69f364f2fa26f37e5b1b9fe9002c8,0.0,3.1901516282379627,1.1651105000055395,affb7a69efd59bc6886b6f86ec480df67fa69f364f2fa26f37e5b1b9fe9002c8,0.0,3.2057221774566376,0.0006177821051096,0.1256563614517608,affb7a69efd59bc6886b6f86ec480df67fa69f364f2fa26f37e5b1b9fe9002c8,0.0,3.380629008450417,3.154657700099051
cluster_N16_014_frame01310.xyz,bd39c495e5598665a78032234fef0014784eafdf0589314a7428f75f9659b17a,0.8419018457716447,3.0562569703005757,1.1205328000360169,bd39c495e5598665a78032234fef0014784eafdf0589314a7428f75f9659b17a,0.9200625661760568,3.757076339462456,0.1519151696257709,0.1059411861585687,bd39c495e5598665a78032234fef0014784eafdf0589314a7428f75f9659b17a,1.009156592292129,3.882115238723273,2.79462830000557
cluster_N16_015_frame01411.xyz,120a122718f2e3e0d29b41af026a8beb0ed012b707637f1f3d3f06f4d869a719,1.3111233343879576,3.431603096865457,1.0621980999712832,120a122718f2e3e0d29b41af026a8beb0ed012b707637f1f3d3f06f4d869a719,1.2939663470024243,3.10574659363434,0.1301090273849848,0.1223618481645183,120a122718f2e3e0d29b41af026a8beb0ed012b707637f1f3d3f06f4d869a719,1.412439317900862,3.499578525668688,4.034864899935201
cluster_N16_016_frame01512.xyz,69c299d9ac413f97860872158a865b7ee4780005a49c9f0f5af77f95db3489bc,1.7661118157193414,2.918792741546355,1.1481170000042766,69c299d9ac413f97860872158a865b7ee4780005a49c9f0f5af77f95db3489bc,1.8592750380048528,3.407628755056736,0.0920853202536029,0.1066176543131788,69c299d9ac413f97860872158a865b7ee4780005a49c9f0f5af77f95db3489bc,1.891221512843913,3.474391939822149,2.927429399918765
cluster_N16_017_frame01613.xyz,ee2adf0f3451879e88d2f3b7c11033fcb57da94ef297f2bfaf4acb5c6ec4bd0b,1.167904003537842,2.621270603761344,1.0946544000180438,ee2adf0f3451879e88d2f3b7c11033fcb57da94ef297f2bfaf4acb5c6ec4bd0b,0.684093468626088,2.925536479918435,0.0761228585822331,0.126927339858605,ee2adf0f3451879e88d2f3b7c11033fcb57da94ef297f2bfaf4acb5c6ec4bd0b,0.9565260470626528,3.2070889488825114,2.602496200008318
cluster_N16_018_frame01713.xyz,8ab24293037adbb37da5f5803011cb81f4beef32da09c549b1076b8dd4916e06,1.3002106646963512,3.0896717063965,1.0724934000172652,8ab24293037adbb37da5f5803011cb81f4beef32da09c549b1076b8dd4916e06,1.2815009250189178,3.412712479543282,0.1448683224235294,0.1206318451276943,8ab24293037adbb37da5f5803011cb81f4beef32da09c549b1076b8dd4916e06,1.4160019972841835,3.768500804901127,2.1838932000100613
cluster_N16_019_frame01814.xyz,1d370b7a75bf4b2bdb9638c3619a9d1dee61853ef38dcad841f5ad58d41dcba9,2.434565660863882,3.872862305363274,1.123910499969497,1d370b7a75bf4b2bdb9638c3619a9d1dee61853ef38dcad841f5ad58d41dcba9,2.137999864295125,3.824957809096092,0.1723488485841393,0.104629724636154,1d370b7a75bf4b2bdb9638c3619a9d1dee61853ef38dcad841f5ad58d41dcba9,2.226225572761905,3.9969523965789904,2.5044277000706643
cluster_N16_020_frame01915.xyz,1541118de4f64d741e69ff5122e71b5617a1675df1de9fe8796293502aa2941b,1.5877312164375326,2.165951821614033,1.1536559999804012,1541118de4f64d741e69ff5122e71b5617a1675df1de9fe8796293502aa2941b,1.5879670976064515,2.671534536720078,0.1106145561363794,0.1141741563251192,1541118de4f64d741e69ff5122e71b5617a1675df1de9fe8796293502aa2941b,1.602104233985301,2.702892882279395,2.548909700009972
cluster_N16_021_frame02016.xyz,bde34acbd8a285f263abf8790fb04744420981c7137c6b2696264dd9f2c738e0,1.4419242748408578,2.706238784744637,1.0723566000233404,bde34acbd8a285f263abf8790fb04744420981c7137c6b2696264dd9f2c738e0,1.13246526302828,2.8470866232202656,0.0855904571545588,0.1162258859845791,bde34acbd8a285f263abf8790fb04744420981c7137c6b2696264dd9f2c738e0,1.3663635693083052,3.234312962180379,2.266295500099659
cluster_N16_022_frame02117.xyz,15c00399d9afbda9f71443d7b71b395737f053626d37a5019b7eb57db16f7f5c,1.0386016391566957,2.264077353028385,1.2111254999763332,15c00399d9afbda9f71443d7b71b395737f053626d37a5019b7eb57db16f7f5c,1.351032153746928,2.3545595044251924,0.2066263049660406,0.1297772202992472,15c00399d9afbda9f71443d7b71b395737f053626d37a5019b7eb57db16f7f5c,1.3857086464049644,2.1286006845577394,2.3762273001484573
cluster_N16_023_frame02218.xyz,c8bc84e519107afaef4e1d22b007e9dbd7c419a85f2710d639f51f8837ef3a81,1.8879592408702592,3.311072904079565,1.105133700009901,c8bc84e519107afaef4e1d22b007e9dbd7c419a85f2710d639f51f8837ef3a81,1.6430034336372046,3.2036839402193475,0.2110809003398654,0.1098870889637233,c8bc84e519107afaef4e1d22b007e9dbd7c419a85f2710d639f51f8837ef3a81,1.6811992408838703,3.1078271278238314,2.1907879000063986
cluster_N16_024_frame02318.xyz,17635e3822a4ca990fd8cc7b9198542e0d2f1cce2636af55c396975e6d02b0f2,1.101928866461094,2.520457939330564,1.1111199000151828,17635e3822a4ca990fd8cc7b9198542e0d2f1cce2636af55c396975e6d02b0f2,1.1361260559497168,2.588817864281028,0.1220929111450176,0.1262402858795486,17635e3822a4ca990fd8cc7b9198542e0d2f1cce2636af55c396975e6d02b0f2,1.2808355771849165,2.5619653873267407,2.53607439994812
cluster_N16_025_frame02419.xyz,77df9db2552f436a1defea7400a4f10fce11b2de4d355a2a876397f77e1d6580,2.04471241421561,3.03492819761788,1.1954225999652408,77df9db2552f436a1defea7400a4f10fce11b2de4d355a2a876397f77e1d6580,1.7194674241327448,3.0208865765029884,0.1567451436683601,0.1346537473797891,77df9db2552f436a1defea7400a4f10fce11b2de4d355a2a876397f77e1d6580,2.0728290107872454,2.968244177961056,3.347109799971804
cluster_N16_026_frame02520.xyz,6810a2a5f796a6a47d21551b011914e67c1f9d01146827063cadd080697f2e89,2.012537060087197,4.243851030709094,1.0404898000415417,6810a2a5f796a6a47d21551b011914e67c1f9d01146827063cadd080697f2e89,1.901543858963123,4.2946903577892375,0.0978286137155949,0.1267080436132871,6810a2a5f796a6a47d21551b011914e67c1f9d01146827063cadd080697f2e89,2.0797957830072846,4.312102900433434,3.613825500011444
cluster_N16_027_frame02621.xyz,a133ce679d20c17766dd33a5e712fa8569e5ccfae9e12d14f6173599b967486d,1.8660268586536404,3.772284912258975,1.0429396000108682,a133ce679d20c17766dd33a5e712fa8569e5ccfae9e12d14f6173599b967486d,1.7141684281814378,3.71301646996104,0.104749063898813,0.108508102712311,a133ce679d20c17766dd33a5e712fa8569e5ccfae9e12d14f6173599b967486d,1.7970546868818928,3.701430809895312,2.9869759001303464
cluster_N16_028_frame02722.xyz,1987953a01ceca93e374e5db204153f0e98acb7af2ec13acf7e366ebb9e43ec8,1.5410875935776858,2.7868824127273397,1.1180768000194805,1987953a01ceca93e374e5db204153f0e98acb7af2ec13acf7e366ebb9e43ec8,1.5097693890420487,2.5267040262233,0.1175804306717221,0.1114044126311158,1987953a01ceca93e374e5db204153f0e98acb7af2ec13acf7e366ebb9e43ec8,1.6254396314834594,2.6109527740371354,5.945069800131023
cluster_N16_029_frame02822.xyz,be6eb0d71168c616a4274ecc5c40f0dcefb0fe6a05a1fb859ada0feb0209b9d7,1.41586407549039,3.680870886285769,1.1470012000063434,be6eb0d71168c616a4274ecc5c40f0dcefb0fe6a05a1fb859ada0feb0209b9d7,1.253584654565202,3.799835953281805,0.1124894919985702,0.1123211047008678,be6eb0d71168c616a4274ecc5c40f0dcefb0fe6a05a1fb859ada0feb0209b9d7,1.380990064710204,3.94339401326595,3.228115800069645
cluster_N16_030_frame02923.xyz,c4d5bddf3ac44576ba9b078b2a4d588876bd4a89cc431e4dbac85951e09ca8b7,0.9133793539804174,3.860441470195243,1.1825240000034682,c4d5bddf3ac44576ba9b078b2a4d588876bd4a89cc431e4dbac85951e09ca8b7,0.5773491290528909,3.8932240363110417,0.0750332821458115,0.1236109648420326,c4d5bddf3ac44576ba9b078b2a4d588876bd4a89cc431e4dbac85951e09ca8b7,0.9889527236373395,4.278032411920916,7.892762099858373
cluster_N16_031_frame03024.xyz,5782120c5a31ef3897d08171e97d658bbe3c1b73633bfce0ec6aa03efed88c57,1.348640201940725,2.5239982847420364,1.0376584999612533,5782120c5a31ef3897d08171e97d658bbe3c1b73633bfce0ec6aa03efed88c57,1.3085191695208778,2.531974408790811,0.1874090010502126,0.1207850837096571,5782120c5a31ef3897d08171e97d658bbe3c1b73633bfce0ec6aa03efed88c57,1.2825652037063264,2.742223837611906,5.385158499935642
cluster_N16_032_frame03125.xyz,ef57bf5947a2964f574b69826f0067560169b697d4a412beb7f67aa8b0f6a5e2,0.650114085234236,3.930610075016261,1.059512600011658,ef57bf5947a2964f574b69826f0067560169b697d4a412beb7f67aa8b0f6a5e2,0.5929433676283224,3.679274615319601,0.081489816867654,0.1098823986958171,ef57bf5947a2964f574b69826f0067560169b697d4a412beb7f67aa8b0f6a5e2,0.7185638333321549,3.5925731769595464,7.338861100142822
cluster_N16_033_frame03226.xyz,be8e4078a7ce493e4e3341731934cfd0e9b97fbf4fe69b75715359e595fe81ab,1.6286268006369935,2.7251900446277637,1.1923118999693545,be8e4078a7ce493e4e3341731934cfd0e9b97fbf4fe69b75715359e595fe81ab,1.5550452153765946,2.8546521367321693,0.1028898424830445,0.1097005367449095,be8e4078a7ce493e4e3341731934cfd0e9b97fbf4fe69b75715359e595fe81ab,1.754189679159026,2.9118452219419564,6.404752000002191
cluster_N16_034_frame03327.xyz,ecf4e62785da647ce0b7b226372bca789fda19209c29779ab9e89d60f35c4fc3,1.9075133241567528,2.7138087804714948,1.051300400053151,ecf4e62785da647ce0b7b226372bca789fda19209c29779ab9e89d60f35c4fc3,1.981632537659607,3.403233567693332,0.0891962351735518,0.1128786686880081,ecf4e62785da647ce0b7b226372bca789fda19209c29779ab9e89d60f35c4fc3,2.040695685464016,3.3991133099462543,2.8404111999552697
cluster_N16_035_frame03427.xyz,d6bc64b4f795f5076d251ff33aeb02df63f00823bd9467b0d084d46f54996c96,0.8565934880025452,3.2376998739082063,1.104812400008086,d6bc64b4f795f5076d251ff33aeb02df63f00823bd9467b0d084d46f54996c96,0.8039127956726588,3.230155225906932,0.1054667405563751,0.113585087069374,d6bc64b4f795f5076d251ff33aeb02df63f00823bd9467b0d084d46f54996c96,1.0330422196057043,3.476096720188485,5.703582700109109
cluster_N16_036_frame03528.xyz,8b79656dfdf8536e033855d1305f0aa5d1115202966f8f4c4b3a0b54eac04d7f,2.0852797608604305,3.238496190202408,1.117941299977247,8b79656dfdf8536e033855d1305f0aa5d1115202966f8f4c4b3a0b54eac04d7f,1.9698160896878107,3.390836724162708,0.0753550308712814,0.1196736500374375,8b79656dfdf8536e033855d1305f0aa5d1115202966f8f4c4b3a0b54eac04d7f,2.208261228282936,3.405182455095727,4.573769400129095
cluster_N16_037_frame03629.xyz,7ece9f2d360cd11787ade5bb0df2040b0d3a0fbb75e9dde065c067f006a99263,0.4087271796670393,2.915948852276608,1.159305100038182,7ece9f2d360cd11787ade5bb0df2040b0d3a0fbb75e9dde065c067f006a99263,0.5172142742958385,3.318211562673598,0.170896852861401,0.1175110850505086,7ece9f2d360cd11787ade5bb0df2040b0d3a0fbb75e9dde065c067f006a99263,0.6411166662728647,3.6003520394578223,6.021988499909639
cluster_N16_038_frame03730.xyz,7e0c376a26c17a78ded3f57fa6b536b6ee7c5f2383b56c17d64de6f6a4e855b3,0.584484696155414,2.675000527140205,1.1453397999866866,7e0c376a26c17a78ded3f57fa6b536b6ee7c5f2383b56c17d64de6f6a4e855b3,0.182390445152123,2.8465142460612483,0.0741320614304693,0.1228250249248854,7e0c376a26c17a78ded3f57fa6b536b6ee7c5f2383b56c17d64de6f6a4e855b3,0.4987304723617853,3.074943020219552,3.4295373000204563
cluster_N16_039_frame03831.xyz,e8e329cb6d847f2fba6b527fe52e01c6e5c4538adb5bd825f0a5a8b44417774a,1.6524790811527057,3.4833790222444,1.1277066000038758,e8e329cb6d847f2fba6b527fe52e01c6e5c4538adb5bd825f0a5a8b44417774a,1.636475715575216,3.6485459917240126,0.0615571690798167,0.1098173926084142,e8e329cb6d847f2fba6b527fe52e01c6e5c4538adb5bd825f0a5a8b44417774a,1.833498097861593,3.741146169202576,4.729931300040335
cluster_N16_040_frame03931.xyz,ba955673d68d233ff0baba237b29fe62d5aaeb6c3d938a64eb429068ced5f9c9,1.662102688474988,3.686058171462328,1.0723707000142897,ba955673d68d233ff0baba237b29fe62d5aaeb6c3d938a64eb429068ced5f9c9,1.65167542740528,3.708175806710697,0.1748818456630102,0.1158965448782043,ba955673d68d233ff0baba237b29fe62d5aaeb6c3d938a64eb429068ced5f9c9,1.794946495363547,3.8376919374912832,6.34382320009172
cluster_N16_041_frame04032.xyz,3df8335dd79a4812c45884e6efc1745513c5c5e43e8a3757a7b72469f80a51b8,0.9180572215409484,2.3911427643851675,1.3258560000103898,3df8335dd79a4812c45884e6efc1745513c5c5e43e8a3757a7b72469f80a51b8,0.6547314085983089,2.5339287138127338,0.127741022476336,0.1254062343096251,3df8335dd79a4812c45884e6efc1745513c5c5e43e8a3757a7b72469f80a51b8,0.9046419632213656,2.417352718695372,6.5891672999132425
cluster_N16_042_frame04133.xyz,f65a9a48034c1b38693506be2220538bdb0d0692dec3d2144e7b71a2b4245d8b,2.10850066455896,5.435416623190307,1.0543412999832071,f65a9a48034c1b38693506be2220538bdb0d0692dec3d2144e7b71a2b4245d8b,2.2485541228816146,5.160269468377467,0.1572499362094696,0.1240809740711643,f65a9a48034c1b38693506be2220538bdb0d0692dec3d2144e7b71a2b4245d8b,2.413802899616712,5.636920578772889,6.007851999951527
cluster_N16_043_frame04234.xyz,cf5a83dbea4189549331749fc7861f7c8ea4c740d948d6c4ab77f8036ec498b3,1.4008432678383542,2.8002979449647207,1.0937912999652326,cf5a83dbea4189549331749fc7861f7c8ea4c740d948d6c4ab77f8036ec498b3,1.6071629190264505,2.906852013836386,0.1749234090611878,0.1364608368422014,cf5a83dbea4189549331749fc7861f7c8ea4c740d948d6c4ab77f8036ec498b3,1.6439808947616257,2.9358105214695014,6.515141600044444
cluster_N16_044_frame04335.xyz,1b02b11094128359da98449f014c19a1414fd148c65b4c5ad0513984b0d42101,1.236295585105836,2.747765267650313,1.105695599981118,1b02b11094128359da98449f014c19a1414fd148c65b4c5ad0513984b0d42101,1.0083345898165137,2.807209430460844,0.1028437083255514,0.1209698504447568,1b02b11094128359da98449f014c19a1414fd148c65b4c5ad0513984b0d42101,1.096929667852237,2.8481815881155503,5.179280199809
cluster_N16_045_frame04436.xyz,dd6573e170b361f78fe6816d394293eff1d4f94a7acf939bc204bfdbb504858f,1.760206719438429,4.393434391057023,1.2762740000034682,dd6573e170b361f78fe6816d394293eff1d4f94a7acf939bc204bfdbb504858f,1.7253282909005063,3.5735833820090988,0.2279225651563337,0.1237402371330866,dd6573e170b361f78fe6816d394293eff1d4f94a7acf939bc204bfdbb504858f,1.8945584070679613,3.930850944038693,7.444557199953124
cluster_N16_046_frame04536.xyz,64bb78bc6ca3b081ed01e15bdd8830aeb5095e280db8c00739f28bf41cd75b6f,1.6577753410165317,2.8288709636254943,1.1420729999663308,64bb78bc6ca3b081ed01e15bdd8830aeb5095e280db8c00739f28bf41cd75b6f,1.4256151554654934,3.250746979763357,0.0162367354070475,0.1411560298500318,64bb78bc6ca3b081ed01e15bdd8830aeb5095e280db8c00739f28bf41cd75b6f,1.742080773692578,3.455170068974,4.631800400093198
cluster_N16_047_frame04637.xyz,0924a767cd5c9ef802f12cf3169b47f97eb2485f9da92fd14e597b080e478d80,1.6952198631188369,3.982491418545439,1.006812799954787,0924a767cd5c9ef802f12cf3169b47f97eb2485f9da92fd14e597b080e478d80,1.628286522180133,4.016040970721097,0.1308267309342068,0.1148012841625518,0924a767cd5c9ef802f12cf3169b47f97eb2485f9da92fd14e597b080e478d80,1.7513453873762046,3.7474313475909,5.191293600015342
cluster_N16_048_frame04738.xyz,1637bc229d33dcb193c909bc4dd99da45c0f675f7a3fc1d94e91e18719f76202,2.2949858449137537,4.491472301966391,0.979115099995397,1637bc229d33dcb193c909bc4dd99da45c0f675f7a3fc1d94e91e18719f76202,2.4890141503710765,4.642351666622703,0.0773159220119559,0.1100165596112949,1637bc229d33dcb193c909bc4dd99da45c0f675f7a3fc1d94e91e18719f76202,2.503390765450604,4.697950008682523,3.3574468998704106
cluster_N16_049_frame04839.xyz,e8db8239d6cdf679824e98c1b0c603b5385a5cbcb78a61805fc9a6f39032a633,1.602331414418586,3.730002208907876,0.983555199985858,e8db8239d6cdf679824e98c1b0c603b5385a5cbcb78a61805fc9a6f39032a633,1.6233507623619516,3.551427946958183,0.0906488752147668,0.1065700556842477,e8db8239d6cdf679824e98c1b0c603b5385a5cbcb78a61805fc9a6f39032a633,1.6401886382082012,3.820639719837226,6.912792099872604
cluster_N16_050_frame04940.xyz,3e5df867cc65f07f22f14487555bed78ff32b1fbee6e81cfd6df2a5b03beccc5,2.215773601528781,3.476779135789592,1.0409998000250198,3e5df867cc65f07f22f14487555bed78ff32b1fbee6e81cfd6df2a5b03beccc5,2.142668262065854,3.4368034967263337,0.1624425414655516,0.1157015841203281,3e5df867cc65f07f22f14487555bed78ff32b1fbee6e81cfd6df2a5b03beccc5,2.2262277824775083,3.605978641529296,2.922155699925497
cluster_N16_051_frame05040.xyz,8b3f2d2f10c1f2ff220b716838dbfa34c50101d832b28412a0db27b32cd9a9a3,1.747241795703303,3.494920777564425,1.0099340999731794,8b3f2d2f10c1f2ff220b716838dbfa34c50101d832b28412a0db27b32cd9a9a3,1.2992653001929284,3.3756037040420304,0.0548545646578403,0.1167414464622231,8b3f2d2f10c1f2ff220b716838dbfa34c50101d832b28412a0db27b32cd9a9a3,1.534756075387122,3.630159428437564,6.689265700057149
cluster_N16_052_frame05141.xyz,0c52e14f3fde464e2dad3ea2eb775078c91904efa4f705af6562cfa4d891addc,2.05713394760096,3.378482290808653,1.035448800015729,0c52e14f3fde464e2dad3ea2eb775078c91904efa4f705af6562cfa4d891addc,1.7968398569137207,3.4823244076377367,0.1186458332975124,0.1168426849711949,0c52e14f3fde464e2dad3ea2eb775078c91904efa4f705af6562cfa4d891addc,1.7798895018277108,3.7617384614093368,3.3060131000820547
cluster_N16_053_frame05242.xyz,9adb05396299ad7a6785faf54bf5d0e4b9e3766e1f5aac74153bcbe5c4dba487,0.9327344253615591,2.5203425194620617,1.0050492000300435,9adb05396299ad7a6785faf54bf5d0e4b9e3766e1f5aac74153bcbe5c4dba487,0.6112306100112619,2.340640322097894,0.1156300409410147,0.1061912704786762,9adb05396299ad7a6785faf54bf5d0e4b9e3766e1f5aac74153bcbe5c4dba487,0.7609310593106784,2.5775042378133755,4.999810399953276
cluster_N16_054_frame05343.xyz,2ca2f2a41c3e0096a93bc47c64871aab86b8d624ebfdcac030269538b371bb3a,1.6311793203785785,4.59833239481686,1.0824168000253849,2ca2f2a41c3e0096a93bc47c64871aab86b8d624ebfdcac030269538b371bb3a,1.6381479889096229,4.603897777981648,0.0634265362228128,0.1020961640365544,2ca2f2a41c3e0096a93bc47c64871aab86b8d624ebfdcac030269538b371bb3a,1.7773049957249896,5.000363589772491,5.667390600079671
cluster_N16_055_frame05444.xyz,efcf804a40e242ce2ad6aa499d789a998a83cbc41ad14ff4a9c6825ddc105722,1.4608798417029902,2.8192731794814176,1.0585081999888644,efcf804a40e242ce2ad6aa499d789a998a83cbc41ad14ff4a9c6825ddc105722,1.3589695406335522,3.0008573637441938,0.0854623869014997,0.13247938759411,efcf804a40e242ce2ad6aa499d789a998a83cbc41ad14ff4a9c6825ddc105722,1.616705742693739,3.121194838948081,6.878089400008321
cluster_N16_056_frame05545.xyz,9adb4ac87d3cd91dccdba0c9cf70573ce8850fcc52a416e9a26f27627512aa43,1.823898211026972,3.21430316054058,1.1085430000093766,9adb4ac87d3cd91dccdba0c9cf70573ce8850fcc52a416e9a26f27627512aa43,1.9177714456163808,3.034370295568553,0.0816722775022399,0.1178625158674155,9adb4ac87d3cd91dccdba0c9cf70573ce8850fcc52a416e9a26f27627512aa43,1.8758286086813316,3.1613067837581745,5.2084315998945385
cluster_N16_057_frame05645.xyz,f0bff423dd7892cc601529474abbbc476652e9ad32b3e49c654b92244addb9a0,0.2067454910866217,2.707648630372576,1.0192604000330905,f0bff423dd7892cc601529474abbbc476652e9ad32b3e49c654b92244addb9a0,0.0692423879372654,2.85780399049545,0.0789925977244127,0.1157513151232745,f0bff423dd7892cc601529474abbbc476652e9ad32b3e49c654b92244addb9a0,0.2725801408450934,2.49557232213774,5.267982100136578
cluster_N16_058_frame05746.xyz,b9e929d736684f3fcdff817a2704917ab060de5c5adbf7f83dda312d1b9dc4a1,1.4761238765568123,3.189002441275341,1.028226500027813,b9e929d736684f3fcdff817a2704917ab060de5c5adbf7f83dda312d1b9dc4a1,1.4431193782875198,3.288781030506564,0.1089915480569327,0.1252010100199013,b9e929d736684f3fcdff817a2704917ab060de5c5adbf7f83dda312d1b9dc4a1,1.6122617572254967,3.539295379531834,7.86906970012933
cluster_N16_059_frame05847.xyz,2969be6d0b8aeeabd07a67532b2d9c09e64fc1f9bd39a7d28c23a47c3c8889d0,1.8259748152268005,2.957510101668143,1.0099677999969572,2969be6d0b8aeeabd07a67532b2d9c09e64fc1f9bd39a7d28c23a47c3c8889d0,2.2371838112158,2.842879952434236,0.1191336411486453,0.1069934443893763,2969be6d0b8aeeabd07a67532b2d9c09e64fc1f9bd39a7d28c23a47c3c8889d0,2.304198815341806,3.0026472797814425,8.116377500118688
cluster_N16_060_frame05948.xyz,157e109a22860463ba84e83a43d7c33e7b0f94ea2f83cec52c3fc6680b5e3e42,2.2689285954402294,2.927791779690735,0.9620710000162944,157e109a22860463ba84e83a43d7c33e7b0f94ea2f83cec52c3fc6680b5e3e42,2.3224019595218124,2.7460197108526314,0.0985333063934127,0.1315188606033819,157e109a22860463ba84e83a43d7c33e7b0f94ea2f83cec52c3fc6680b5e3e42,2.3842427743875305,2.7830257212261684,4.835996799869463
cluster_N16_061_frame06049.xyz,52f93077a976e843c1781f3377da845186b1e710ece25d3ea9916c3b6dba4a60,1.960661551776866,3.9519702696768175,1.063952100055758,52f93077a976e843c1781f3377da845186b1e710ece25d3ea9916c3b6dba4a60,2.019605048073572,3.955419455427137,0.1081798913755664,0.1208012405399985,52f93077a976e843c1781f3377da845186b1e710ece25d3ea9916c3b6dba4a60,2.10830051015364,4.142289356001935,10.87740830006078
cluster_N16_062_frame06149.xyz,c179360b8ed6ab6d085d234f77ce6ba154fad2bd0bda24f052da699ce166cff9,1.4902902882022315,3.0388317388566346,1.071924299991224,c179360b8ed6ab6d085d234f77ce6ba154fad2bd0bda24f052da699ce166cff9,1.320346621061617,2.376190975827062,0.0695407997350422,0.1205642015175874,c179360b8ed6ab6d085d234f77ce6ba154fad2bd0bda24f052da699ce166cff9,1.503983265341958,2.419767151047141,7.750694900052622
cluster_N16_063_frame06250.xyz,39740dbc593befb7a76f8f92374a0307ed5a24d5b2c20c98b3f4b162890344db,0.7877759559560218,4.616685484699569,1.085842800035607,39740dbc593befb7a76f8f92374a0307ed5a24d5b2c20c98b3f4b162890344db,0.5855091612320393,4.822330697436078,0.0623416793081242,0.1207389798582529,39740dbc593befb7a76f8f92374a0307ed5a24d5b2c20c98b3f4b162890344db,0.7547632365531172,5.038295281356094,3.703793899854645
cluster_N16_064_frame06351.xyz,3544c66589eb69020c27b152b2ff9f1dd44383bf8dbb52b1499c16bb0af7be9e,1.0387616123771295,3.734639093320108,1.0112335000303574,3544c66589eb69020c27b152b2ff9f1dd44383bf8dbb52b1499c16bb0af7be9e,0.8799599090780248,3.621279058844199,0.1580161497015793,0.1226182048113549,3544c66589eb69020c27b152b2ff9f1dd44383bf8dbb52b1499c16bb0af7be9e,1.1127327403373783,3.771677236719681,5.433767799986526
cluster_N16_065_frame06452.xyz,abe84e11bf755fb739799326d8948656835263e86492b35aa58f03885f5a4a57,1.5393434861907735,3.203841927628676,1.0102717999834567,abe84e11bf755fb739799326d8948656835263e86492b35aa58f03885f5a4a57,1.7986366844488657,3.5417648838056297,0.0623383734462666,0.1190690447829704,abe84e11bf755fb739799326d8948656835263e86492b35aa58f03885f5a4a57,1.8707709592781607,3.5429335655748813,3.78462959988974
cluster_N16_066_frame06553.xyz,e21b3809335c46b0fe091cd948aa9e4c96bd07a9b052ffc2d7544b4732c45bb2,2.080856507833232,2.8690594864932946,1.0393880000337958,e21b3809335c46b0fe091cd948aa9e4c96bd07a9b052ffc2d7544b4732c45bb2,1.810563979975996,3.1421331759039126,0.1187089218009731,0.1253850474272824,e21b3809335c46b0fe091cd948aa9e4c96bd07a9b052ffc2d7544b4732c45bb2,1.9343236742424776,3.5555152780636208,5.935481599997729
cluster_N16_067_frame06654.xyz,0c0c8fba85cad9bb0277c5646856a5e42f1dae307a84aaed2d37421cab5796aa,1.7438381769025,3.677284900105182,0.9910944000002928,0c0c8fba85cad9bb0277c5646856a5e42f1dae307a84aaed2d37421cab5796aa,1.9018555095244665,3.562989013907487,0.1260573270353597,0.1031952023422868,0c0c8fba85cad9bb0277c5646856a5e42f1dae307a84aaed2d37421cab5796aa,1.967642188013997,3.658041934402144,3.580825899960473
cluster_N16_068_frame06754.xyz,4653fdf1397b62433a3d133f165518b232a9ebe1ec383e3f9614876fd175b78c,1.750773679144913,3.359284590722235,1.033903100003954,4653fdf1397b62433a3d133f165518b232a9ebe1ec383e3f9614876fd175b78c,1.4299141542433065,3.449025409905976,0.1019070384989751,0.1051086325961181,4653fdf1397b62433a3d133f165518b232a9ebe1ec383e3f9614876fd175b78c,1.6259934208283084,3.658196719266003,7.219989300007001
cluster_N16_069_frame06855.xyz,bfb6df31a6f6940948e3c09ff29acc41a417419e9911c8b284faa143dfe85568,1.851072957360884,2.601242505538658,1.013572700030636,bfb6df31a6f6940948e3c09ff29acc41a417419e9911c8b284faa143dfe85568,1.6045565777239972,2.579640729130679,0.176681561370583,0.107420394363341,bfb6df31a6f6940948e3c09ff29acc41a417419e9911c8b284faa143dfe85568,1.8919352285738569,2.753954839475703,4.611679300200194
cluster_N16_070_frame06956.xyz,11fa3c78b294784f51ea192dff3cfc6359604fd021e9da34ac95aa7e5c8f06d8,1.2666374509208254,2.2664762485218914,1.0624316000030376,11fa3c78b294784f51ea192dff3cfc6359604fd021e9da34ac95aa7e5c8f06d8,1.5360617614569492,2.134269287210368,0.1432256354987194,0.1214409038305598,11fa3c78b294784f51ea192dff3cfc6359604fd021e9da34ac95aa7e5c8f06d8,1.6385622855377733,2.0574747048693576,5.207881600130349
cluster_N16_071_frame07057.xyz,3b4dbd07a67b8fa976017dfbab2592cd3c905e7b273b8f54d4f74140c4336243,2.2687413424573606,2.9056385446727653,1.0162455000099726,3b4dbd07a67b8fa976017dfbab2592cd3c905e7b273b8f54d4f74140c4336243,2.4491183341961005,2.8727518613526875,0.1425110762174359,0.1110386834964961,3b4dbd07a67b8fa976017dfbab2592cd3c905e7b273b8f54d4f74140c4336243,2.489664016196912,2.9262816945888463,12.067058499902489
cluster_N16_072_frame07158.xyz,07cbea7804c83a2c6ff3b392665b07ee203561baec6eeb0044f19e96bafffbf0,2.0545611985435244,3.203627393659109,1.0125677000032738,07cbea7804c83a2c6ff3b392665b07ee203561baec6eeb0044f19e96bafffbf0,1.820171711144212,3.4881583855349345,0.1565456182533727,0.1052398201142001,07cbea7804c83a2c6ff3b392665b07ee203561baec6eeb0044f19e96bafffbf0,1.882847416534787,3.721114655542331,3.964367799926549
cluster_N16_073_frame07258.xyz,cbe6aa65f70e20fab40297ac21d56a8a923495d34e325c708335fa8c2fe446c3,1.2056215791453724,2.9426333063761403,1.06226749997586,cbe6aa65f70e20fab40297ac21d56a8a923495d34e325c708335fa8c2fe446c3,1.1055045260145562,2.87944349488585,0.0790882503547637,0.120726837517977,cbe6aa65f70e20fab40297ac21d56a8a923495d34e325c708335fa8c2fe446c3,1.1750596297279117,3.1643363180496835,7.534619299927726
cluster_N16_074_frame07359.xyz,065d316658b29534e217210a4c034f38ce5546b13df9e4a5703a3ae016055a81,1.9583327157015449,3.4250828816015444,1.1400925999623723,065d316658b29534e217210a4c034f38ce5546b13df9e4a5703a3ae016055a81,1.8680220446840397,4.070308863283482,0.1076494088288812,0.1180071471541231,065d316658b29534e217210a4c034f38ce5546b13df9e4a5703a3ae016055a81,1.9139196295218424,4.015841991394819,5.787792899878696
cluster_N16_075_frame07460.xyz,c13791b1dda077b6c3390b87d619706e149fa164c3dd6439d8c5e4126df258a7,2.0409348530010902,3.5243348319717733,1.0832111000199802,c13791b1dda077b6c3390b87d619706e149fa164c3dd6439d8c5e4126df258a7,1.8026299318080417,3.5463307058546487,0.1688036269954846,0.1064802870179266,c13791b1dda077b6c3390b87d619706e149fa164c3dd6439d8c5e4126df258a7,1.8431536948992289,3.587055746027936,5.289436500053853
cluster_N16_076_frame07561.xyz,217965c7d32be4cef1bf627e28368cdf5b7caff013f86870af9d224c2c6c2fc4,1.152681371437211,2.375751343457212,1.0371011000243016,217965c7d32be4cef1bf627e28368cdf5b7caff013f86870af9d224c2c6c2fc4,1.0947154661043896,2.413080214613625,0.1841125997468323,0.0979403180795215,217965c7d32be4cef1bf627e28368cdf5b7caff013f86870af9d224c2c6c2fc4,1.2007425071278703,2.343364655341797,5.637516800081357
cluster_N16_077_frame07662.xyz,6c54a33ec711920cfb5f851585343f96f94981443acdc5199c932d201e5d0346,1.1867825586159595,3.7698873027208655,1.068902299972251,6c54a33ec711920cfb5f851585343f96f94981443acdc5199c932d201e5d0346,0.9914003675294224,3.703381810103872,0.0953320081435818,0.1171970488771415,6c54a33ec711920cfb5f851585343f96f94981443acdc5199c932d201e5d0346,1.0594881662036642,4.15172182099027,3.1576555999927223
cluster_N16_078_frame07763.xyz,467a40157d144aad1853fba3ca27cd801bc1b2f31f7858b6ddd14b740c849885,1.6395155969148618,2.3405279519973305,0.9900097000063396,467a40157d144aad1853fba3ca27cd801bc1b2f31f7858b6ddd14b740c849885,1.5136894464521902,2.192752757674919,0.0973164665641565,0.1219029872738668,467a40157d144aad1853fba3ca27cd801bc1b2f31f7858b6ddd14b740c849885,1.5974418348778272,2.0007564712256656,4.940810500178486
cluster_N16_079_frame07863.xyz,d14ec86d5955a7eaba18864f5fffd472f348ed6a1a2f7a37df9c187d01780a75,1.8026720970665335,2.6643765228240923,1.0651803000364453,d14ec86d5955a7eaba18864f5fffd472f348ed6a1a2f7a37df9c187d01780a75,1.9460335802432385,2.761629277941008,0.0915866920380192,0.1112395290267766,d14ec86d5955a7eaba18864f5fffd472f348ed6a1a2f7a37df9c187d01780a75,1.9116588606630105,2.932759443727013,6.251087799901143
cluster_N16_080_frame07964.xyz,c3c3a5b924d802d1421148e03fd53cedaf165616a7e166091e2a53e726ae5679,1.666600935444876,4.328908742221167,1.0417579999775626,c3c3a5b924d802d1421148e03fd53cedaf165616a7e166091e2a53e726ae5679,1.8287754283373945,4.322730494753266,0.1036614819924601,0.1264345131508093,c3c3a5b924d802d1421148e03fd53cedaf165616a7e166091e2a53e726ae5679,1.7635310402038158,4.49005078798953,8.344048599945381
cluster_N16_081_frame08065.xyz,8f84d2f0fe47679d3ea175c5c5689e5f630849bf101c87b0fa798c0facde55d8,1.5049098068848252,2.8030910797064683,1.0277544999844397,8f84d2f0fe47679d3ea175c5c5689e5f630849bf101c87b0fa798c0facde55d8,1.297127805155469,3.071723379912364,0.1259258388727161,0.1116203424751416,8f84d2f0fe47679d3ea175c5c5689e5f630849bf101c87b0fa798c0facde55d8,1.4195459541442688,3.30332748513796,3.683711300138384
cluster_N16_082_frame08166.xyz,30ffd64b3f68a150f8b1f749ae0f7c24f5ce7d46335ec47864aead730b34e6a7,1.896200758666964,3.0150405875487403,1.0619823000160975,30ffd64b3f68a150f8b1f749ae0f7c24f5ce7d46335ec47864aead730b34e6a7,2.0244045536746853,3.091759834734974,0.0546891870847803,0.127111890519201,30ffd64b3f68a150f8b1f749ae0f7c24f5ce7d46335ec47864aead730b34e6a7,2.238230559465592,3.1547775478741293,6.274601099779829
cluster_N16_083_frame08267.xyz,077c4df14bd43709c4fac31e3019a621e142ae6c761a01dbb85c544c65671b84,1.1986612520267954,3.118124987282677,1.1145007999730296,077c4df14bd43709c4fac31e3019a621e142ae6c761a01dbb85c544c65671b84,1.0963976505881874,3.1438273578365825,0.0784873129072219,0.1056723840835999,077c4df14bd43709c4fac31e3019a621e142ae6c761a01dbb85c544c65671b84,1.2421826505669742,3.4535162905119448,4.266443599946797
cluster_N16_084_frame08367.xyz,196973b0062d19c7b1613bbcfc5a0e9df660cb7ca369db356439f0feb6eb42e5,1.6270392152437123,2.505514558282523,1.1429288999643177,196973b0062d19c7b1613bbcfc5a0e9df660cb7ca369db356439f0feb6eb42e5,1.6102474821746,2.824666230394283,0.0932128570480893,0.121345800395829,196973b0062d19c7b1613bbcfc5a0e9df660cb7ca369db356439f0feb6eb42e5,1.7784788081626175,2.985156504181586,5.797918800031766
cluster_N16_085_frame08468.xyz,c6c194f620da777cccb79a5407e21ed7e7c6bb62a23fdcb81ac2a7d4a4aed68a,2.0319678526575444,2.9924472590784545,0.9990598000003956,c6c194f620da777cccb79a5407e21ed7e7c6bb62a23fdcb81ac2a7d4a4aed68a,1.72728161032137,3.09634292385916,0.0832361608052467,0.1253578888902734,c6c194f620da777cccb79a5407e21ed7e7c6bb62a23fdcb81ac2a7d4a4aed68a,1.9512708530965028,3.1331922151141343,5.318912100046873
cluster_N16_086_frame08569.xyz,8885fb9e961d5b21669a3086c74d0309c355448975daffca84ba6954f942a09f,1.3114845525706187,4.023759054529566,1.0724235999514349,8885fb9e961d5b21669a3086c74d0309c355448975daffca84ba6954f942a09f,1.3130775056342827,3.879671193721992,0.0738484388765499,0.120751739204277,8885fb9e961d5b21669a3086c74d0309c355448975daffca84ba6954f942a09f,1.381270072721236,4.056726360633945,3.974184500053525
cluster_N16_087_frame08670.xyz,811e2ac1df67d823f03f132f2a3fa76422f1a53ad82b9358eef00b58461e7bcf,2.225842216234014,3.9083828661518023,1.1008635999751275,811e2ac1df67d823f03f132f2a3fa76422f1a53ad82b9358eef00b58461e7bcf,1.863361279400124,4.037506073331118,0.1386073468466989,0.1162418473033925,811e2ac1df67d823f03f132f2a3fa76422f1a53ad82b9358eef00b58461e7bcf,2.239132510316267,4.631170390236215,5.2865042998455465
cluster_N16_088_frame08771.xyz,e7c0f0e739ea2365f9f7492da3e3167be196d143e9e3e60b558673cdf9f6d1b4,2.182071263872785,3.6516120476730833,0.9984751000301912,e7c0f0e739ea2365f9f7492da3e3167be196d143e9e3e60b558673cdf9f6d1b4,2.0586962808010867,3.6373516702389153,0.0804145873808999,0.1135054679048724,e7c0f0e739ea2365f9f7492da3e3167be196d143e9e3e60b558673cdf9f6d1b4,2.345254952007963,3.6242214051777855,5.617133799940348
cluster_N16_089_frame08872.xyz,809121db1c5aca462040f52a304b9812d36099f1b436caf601f86f6feac16a24,1.02379796752939,3.888722775002191,0.9875287999748252,809121db1c5aca462040f52a304b9812d36099f1b436caf601f86f6feac16a24,0.840603152566473,4.052974583429786,0.1591502216645621,0.1095270481109969,809121db1c5aca462040f52a304b9812d36099f1b436caf601f86f6feac16a24,0.9417067696267624,4.393284484338785,6.705796499969438
cluster_N16_090_frame08972.xyz,b37d4781c0ffdba6fda6c6e59da67f7e9681082e8b6b698c4d8e81212e9e06e2,1.136597129443544,4.0669318963791685,1.0659515999723226,b37d4781c0ffdba6fda6c6e59da67f7e9681082e8b6b698c4d8e81212e9e06e2,0.9328707530439716,3.702870033593551,0.0409236592863073,0.1168596401517621,b37d4781c0ffdba6fda6c6e59da67f7e9681082e8b6b698c4d8e81212e9e06e2,1.17928475910594,3.855018848885309,5.585559099912643
cluster_N16_091_frame09073.xyz,9202db6060aceb3db7cbdf3196969f1302d54944f1e60ffce3634344874d75df,1.4838023886768497,2.628110814120158,0.9907744000083768,9202db6060aceb3db7cbdf3196969f1302d54944f1e60ffce3634344874d75df,1.5355990496900631,2.838917076880102,0.127617622502523,0.1087795731402376,9202db6060aceb3db7cbdf3196969f1302d54944f1e60ffce3634344874d75df,1.6329181161054294,3.147818719491321,6.461937399813905
cluster_N16_092_frame09174.xyz,e33d41f7ae303681ce6f1c6e093e18fbcc661d861445b24c40c5113b09b07afa,1.06698406747455,4.046553307352287,1.037794500007294,e33d41f7ae303681ce6f1c6e093e18fbcc661d861445b24c40c5113b09b07afa,1.2905080379132414,4.326773842621212,0.1061524043718808,0.1170151174726234,e33d41f7ae303681ce6f1c6e093e18fbcc661d861445b24c40c5113b09b07afa,1.51852928387234,4.745385134709642,5.915030400035903
cluster_N16_093_frame09275.xyz,c926b8e49030c0317cd73ffffb5789c695748e3f25e32c9bd8f1c84ec46eaf56,1.920643207602552,3.998227789619883,1.0564813999808391,c926b8e49030c0317cd73ffffb5789c695748e3f25e32c9bd8f1c84ec46eaf56,1.702087037207093,3.963189919101907,0.1089537812766947,0.1041153720158419,c926b8e49030c0317cd73ffffb5789c695748e3f25e32c9bd8f1c84ec46eaf56,1.7546620317662018,4.168970913097421,5.630242800107226
cluster_N16_094_frame09376.xyz,7c66713c29f25195b01076e08506833b816f5b205e83a052a10d407380253ff2,2.220789179475105,2.908404881494394,1.0004360000020824,7c66713c29f25195b01076e08506833b816f5b205e83a052a10d407380253ff2,2.160614796637674,2.929698058485384,0.1560141629085871,0.1275748478668064,7c66713c29f25195b01076e08506833b816f5b205e83a052a10d407380253ff2,2.2777868067569216,2.915832270983723,5.48012170009315
cluster_N16_095_frame09476.xyz,1775f36f3d26f051efd7c91e61f7f0980bed53b94c29e48d88295b7f7247818d,1.919091571449826,3.642793294888696,0.992130799975712,1775f36f3d26f051efd7c91e61f7f0980bed53b94c29e48d88295b7f7247818d,1.7344207413116235,3.728117635743185,0.1499729855105385,0.1338337628294365,1775f36f3d26f051efd7c91e61f7f0980bed53b94c29e48d88295b7f7247818d,1.968285208073212,3.6173675050362655,6.916827500099316
cluster_N16_096_frame09577.xyz,3e9e3074a25c0b7b1df0a15daca0c8b85cd43ecb801d7842332d11c43f5d38f7,1.6417111609771382,4.2009790950893935,1.0513488000142388,3e9e3074a25c0b7b1df0a15daca0c8b85cd43ecb801d7842332d11c43f5d38f7,1.518508253779146,4.293696882013683,0.111513590784744,0.1079253061260421,3e9e3074a25c0b7b1df0a15daca0c8b85cd43ecb801d7842332d11c43f5d38f7,1.724493444402469,4.379111913350648,5.691839299863204
cluster_N16_097_frame09678.xyz,9aa815ab7a139de94ab20d177db7562883ec48c537fd0dc13a8e3e07a04af01a,2.0547905921484926,4.362101000336931,1.0898811999941245,9aa815ab7a139de94ab20d177db7562883ec48c537fd0dc13a8e3e07a04af01a,2.3848865691179526,4.342873752004197,0.059404638736093,0.1190434633829315,9aa815ab7a139de94ab20d177db7562883ec48c537fd0dc13a8e3e07a04af01a,2.455105208762689,4.348479927058676,8.926872399868444
cluster_N16_098_frame09779.xyz,dffb9cda221aa96471183aa67d3a9a7bd5561b7d1ed338e85126e0c02d97b8b5,2.087215674604522,4.062862621225551,0.9675526999635622,dffb9cda221aa96471183aa67d3a9a7bd5561b7d1ed338e85126e0c02d97b8b5,1.9885772351626656,3.9374132449373342,0.1505769095952104,0.1034448586515636,dffb9cda221aa96471183aa67d3a9a7bd5561b7d1ed338e85126e0c02d97b8b5,2.0990750687997206,4.215605809847835,6.899650800041854
cluster_N16_099_frame09880.xyz,99336233c2761b8f52ef37efec3839d60b3db3089ddda992653a47f744ba464a,1.4274439090877422,4.486919251073553,1.118885700008832,99336233c2761b8f52ef37efec3839d60b3db3089ddda992653a47f744ba464a,1.5170256331257406,3.7941847955435,0.1711481537725864,0.1135948096004171,99336233c2761b8f52ef37efec3839d60b3db3089ddda992653a47f744ba464a,1.6431870321248423,3.930073258500033,9.678684500046074
cluster_N16_100_frame09981.xyz,de54afc50a3eebb93b872e1780f82fd745bda7ffdc8d343a5b3cc9036eb08f51,1.6945801577458042,3.614615757406541,1.0732954000122843,de54afc50a3eebb93b872e1780f82fd745bda7ffdc8d343a5b3cc9036eb08f51,1.3661085412313696,3.622098735480863,0.1137771550995497,0.1115940812479524,de54afc50a3eebb93b872e1780f82fd745bda7ffdc8d343a5b3cc9036eb08f51,1.3847857333166758,3.914888999897523,6.71331929997541
