figure_number,dissertation_page,description,exact_final_asset,asset_format,sha256,source_document,generator_status,generator_candidate,generator_candidate_sha256,data_inputs,historical_environment,audit_replay_environment,status,crop,notes
1,10,MLFF_evolution,Figure01_MLFF_evolution.svg,svg,e6ba1fcca394fcc0b43415cab186dff760bee9a23c40a65ead0e4ff1f3205fda,Retained dissertation_v10.docx::word/media/image6.svg,UNRESOLVED — EVIDENCE REQUIRED,make_intro_figure1_exact.py,7ce2428607f09b2182052bb748774f1e78b7f4840c9630811d796a1cc9f39446,Literature milestones; schematic,UNRESOLVED — EVIDENCE REQUIRED,kian-rdkit (Conda-activated audit replay),Exact Word relationship/source format; submitted appearance visually checked,see document relationship,NO exact export identity demonstrated; MEANINGFULLY DIFFERENT typography/placement from public script; recover exact PDF clip
2,13,published_glycine_microhydration,,literature figure,not redistributed,Published literature figure in submitted PDF,Third-party literature,Not established,Not established,Tripathi et al. ACS Omega2021 DOI10.1021/acsomega.1c00869,Not a project environment,Not a project-generation test,THIRD-PARTY; not redistributed,see document relationship,Not applicable
3,15,tacrine_tacrinium,Figure03_tacrine_tacrinium.emf,emf,31f995c2f2b27520c55d343d4de6acd5e5d63781863c229ad484b54d0eee2393,Retained dissertation_v10.docx::word/media/image8.emf,UNRESOLVED — EVIDENCE REQUIRED,Not established,Not established,Tacrine/tacrinium structure schematic; no generating application proven,UNRESOLVED — EVIDENCE REQUIRED,Not established,Exact Word relationship/source format; submitted appearance visually checked,see document relationship,NO exact export identity demonstrated; MEANINGFULLY DIFFERENT public RDKit alternative; CairoSVG import fails; recovered EMF visually verified
4,19,computational_workflow,Figure04_computational_workflow.png,png,06c386d295dfe2702b3eaf7a9d65ceecca263220c864cf4a14d1e0247459eec3,Retained dissertation_v10.docx::word/media/image9.png,UNRESOLVED — EVIDENCE REQUIRED,make_figure4_FINAL_B3LYP100_UPDATED_COMPACT_TEXT.py,e3b4c38eb3a39def471220b5585122373511effde350fb28376420a811976cac,Workflow definitions; embedded illustrative N16 geometry,UNRESOLVED — EVIDENCE REQUIRED,kian-rdkit (Conda-activated audit replay),Proved Word media/PDF embedded pixels after recorded crop,"[23, 6, 1435, 1595]",NO exact export identity demonstrated; MEANINGFULLY DIFFERENT public pre-MD100 workflow; local updated candidate still differs in text
5,23,hydration_analysis,Figure05_hydration_analysis.png,png,cde4f356600f036c285ee036dc95bc88a39d6ab329225f836c6b30aa2f52167a,Retained dissertation_v10.docx::word/media/image10.png,UNRESOLVED — EVIDENCE REQUIRED,make_figure5_HYDRATION_FINAL_PERFECTED.py,95bffed10f6876eca590d0213701c6763031619e42cd519796ef19866d2ee822,data/hydration/microhydration_candidate_distances_by_frame.csv; data/hydration/tacrineHeavy_waterO_pair_RDF.csv; data/hydration/water_count_histogram.csv,UNRESOLVED — EVIDENCE REQUIRED,che701p-gaussian-analysis (audit replay),Proved Word media/PDF embedded pixels after recorded crop,"[0, 0, 1378, 994]","NO exact export identity demonstrated; Local original-family generator passes; submitted media is exact, original-export byte identity unproven"
6,24,N16_snapshots,Figure06_N16_snapshots.png,png,b182838ebba0d926d7290b40c58d3fb9f2f5f9989d9bd9d3af2aa7735cad8696,Retained dissertation_v10.docx::word/media/image11.png,UNRESOLVED — EVIDENCE REQUIRED,make_figure6_N16_SNAPSHOTS_FINAL.py,7d65225035b52373907bc367e12021669355811d2be2136a61fc15be95d59822,data/n16_xyz/cluster_N16_001_frame00000.xyz; data/n16_xyz/cluster_N16_050_frame04940.xyz; data/n16_xyz/cluster_N16_100_frame09981.xyz,UNRESOLVED — EVIDENCE REQUIRED,che701p-gaussian-analysis (audit replay),Proved Word media/PDF embedded pixels after recorded crop,"[23, 82, 1440, 830]","NO exact export identity demonstrated; Local generator passes; submitted media is exact, Word crops differ"
7,33,MD100_ranks,Figure07_MD100_ranks.png,png,4ca8e497cd2e77e571ba40d084284457712b680f5373baafe5059524667b0386,Retained dissertation_v10.docx::word/media/image12.png,UNRESOLVED — EVIDENCE REQUIRED,make_figure7_B3LYP_MLFF_energy_ranks_OLDSTYLE_FINAL.py,262596faa0b8da3e299e5fff6f1f09b582f985cb0fd704394eba3cb13ea1b8af,data/b3lyp_md100/md100_b3lyp_mlff_structure_ranking.csv; data/b3lyp_md100/md100_rank_summary_dissertation.csv,UNRESOLVED — EVIDENCE REQUIRED,che701p-gaussian-analysis (audit replay),Proved Word media/PDF embedded pixels after recorded crop,"[0, 0, 1398, 702]",NO exact export identity demonstrated; MEANINGFULLY DIFFERENT public plot; local OLDSTYLE generator passes
8,35,intermodel_force_disagreement,Figure08_intermodel_force_disagreement.png,png,5b8fa14481da4b4bed15fb9ef2ec03ac8e4f51f5c9b30a2e87c955cce2f51acf,Retained dissertation_v10.docx::word/media/image13.png,UNRESOLVED — EVIDENCE REQUIRED,make_FINAL_CLEAN_Section3_1_Figures_7_8.py,d903d2c4ff19ac5e75656b8fa5168c31aea95260ae86c2e5090c12a3047db6fe,data/inter_model/three_model_atomic_force_comparison.csv; data/inter_model/three_model_group_metrics.csv; data/inter_model/three_model_pairwise_metrics.csv; data/inter_model/three_model_structure_comparison.csv,UNRESOLVED — EVIDENCE REQUIRED,che701p-gaussian-analysis (audit replay),Proved Word media/PDF embedded pixels after recorded crop,"[13, 17, 1363, 627]",NO exact export identity demonstrated; MEANINGFULLY DIFFERENT one-panel public plot; local two-panel generator passes
9,37,path_energy,Figure09_path_energy.png,png,8554a41d3c95ccccccb2dad6ca1379d2cb5acf9019e2356de2c9ea9fd1847167,Retained dissertation_v10.docx::word/media/image14.png,UNRESOLVED — EVIDENCE REQUIRED,make_FINAL_Section3_2_Figures_9_10_PERFECT.py,a13657b4292ad4d236b7a1cc0e8df20a27764a08ee100cab19b5e3444fa05952,data/b3lyp_benchmark/energy_metrics.csv; data/b3lyp_benchmark/energy_predictions_and_errors.csv; data/b3lyp_benchmark/force_element_metrics.csv; data/b3lyp_benchmark/force_molecular_group_metrics.csv; data/b3lyp_benchmark/force_overall_metrics.csv,UNRESOLVED — EVIDENCE REQUIRED,che701p-gaussian-analysis (audit replay),Proved Word media/PDF embedded pixels after recorded crop,"[0, 0, 1385, 1186]",NO exact export identity demonstrated; Public data and panel content agree; exact layout/typography not reproduced
10,39,path_force_error,Figure10_path_force_error.png,png,5de4cd8766364713fe2de4f25100211a523eacc402aedafc7744ba649af2a5eb,Retained dissertation_v10.docx::word/media/image15.png,UNRESOLVED — EVIDENCE REQUIRED,make_FINAL_Section3_2_Figures_9_10_PERFECT.py,a13657b4292ad4d236b7a1cc0e8df20a27764a08ee100cab19b5e3444fa05952,data/b3lyp_benchmark/energy_metrics.csv; data/b3lyp_benchmark/energy_predictions_and_errors.csv; data/b3lyp_benchmark/force_element_metrics.csv; data/b3lyp_benchmark/force_molecular_group_metrics.csv; data/b3lyp_benchmark/force_overall_metrics.csv,UNRESOLVED — EVIDENCE REQUIRED,che701p-gaussian-analysis (audit replay),Proved Word media/PDF embedded pixels after recorded crop,"[0, 25, 1375, 1060]",NO exact export identity demonstrated; MEANINGFULLY DIFFERENT public corrupted unit; local source candidate passes
11,41,retrospective_recovery,Figure11_retrospective_recovery.png,png,3daa628faa8914e05439e4d92cca7c0bdc98e1e96094eb51823b20542660a97e,Retained dissertation_v10.docx::word/media/image16.png,UNRESOLVED — EVIDENCE REQUIRED,make_FINAL_Figure11.py,ad19a82b8810eeeed2900b0e81e28879183fb3ef565b344b92522f7642aa4736,data/b3lyp_benchmark/disagreement_recovery.csv; original local generator hardcodes rounded percentages,UNRESOLVED — EVIDENCE REQUIRED,che701p-gaussian-analysis (audit replay),Proved Word media/PDF embedded pixels after recorded crop,"[13, 14, 1395, 883]",NO exact export identity demonstrated; MEANINGFULLY DIFFERENT public colours/ticks/layout; local final generator passes
1,10,MLFF_evolution,Figure01_submitted_PDF_clip.pdf,pdf,2e098bc3cb85e76d8c3b021894aa7a9397f4d461c6b88926210e28fdcc074b95,Submitted dissertation PDF page10; SHA256 df2939cea3cb46660d2f2224ee8f3c4912a4fc7e61e32f19cd9677801bfe7726,Audit PDF extraction; not an original figure-generation run,Not applicable,Not applicable,Literature milestones; schematic,Not applicable to this labelled audit extraction,Audit pypdf extraction; original PDF font resources retained,EXACT SUBMITTED VISUAL REPRODUCTION; explicitly labelled audit derivative,"PDF points (72,461,539,699), lower-left origin",Caption excluded. Independent original final PDF export remains unproved.
