step,time_fs,temperature_K,potential_energy_eV,kinetic_energy_eV,total_energy_eV,maximum_force_eV_per_A,minimum_pair_distance_A,waters_within_5p325_A,farthest_water_O_to_tacrine_heavy_A
0,0.0,322.57091047887525,-50012.12439778068,3.252249108544866,-50008.87214867213,3.2406935732890676,0.9999993339822439,16,3.756343653519958
0,0.0,322.57091047887525,-50012.12439778068,3.252249108544866,-50008.87214867213,3.2406935732890676,0.9999993339822439,16,3.756343653519958
10,2.5,325.8872902283292,-50012.23400659989,3.2856857661397676,-50008.94832083375,5.006005720727601,0.89266438605908,16,3.757036707241896
20,5.0,331.33605665438773,-50012.35577804766,3.340621735801479,-50009.01515631186,3.3552082561155347,0.9091265318779477,16,3.7704251698476163
30,7.5,320.55986634049054,-50012.187239206905,3.2319732054989387,-50008.95526600141,3.932617734879082,0.9545455477514049,16,3.7811374993401405
40,10.0,358.201744807325,-50012.48330444883,3.611489031975591,-50008.87181541686,2.923301329628865,0.933859952028292,16,3.7950513902836795
50,12.5,354.56165452388376,-50012.49828096508,3.574788635272833,-50008.92349232981,3.573369104445345,0.9071230305154407,16,3.8092100857650473
60,15.0,350.8508427919597,-50012.6422067572,3.537375205372376,-50009.10483155183,3.354742308186623,0.9135917109980128,16,3.8197718662673883
70,17.5,321.211910407278,-50012.27488281131,3.2385472940669175,-50009.036335517245,3.005070656387438,0.9571564784206664,16,3.8301900299049154
80,20.0,348.6665723523159,-50012.6053863509,3.515352786861028,-50009.09003356404,3.7809275065570462,0.9011070234532036,16,3.833941526458154
90,22.5,354.86834023503314,-50012.755613029774,3.577880725409567,-50009.177732304364,3.277518327877777,0.9083598397296007,16,3.825174212916843
100,25.0,327.8803837004775,-50012.43844973776,3.3057806856054377,-50009.13266905215,3.8994093484150674,0.9285209272846899,16,3.835482921547234
110,27.5,341.68793553335195,-50012.519543006376,3.4449922408972276,-50009.07455076548,3.63893452097226,0.9191032833585431,16,3.843633008178983
120,30.0,318.18365734131515,-50012.28797319879,3.208015609360429,-50009.079957589434,4.509918513809709,0.8977674052208726,16,3.85182292232832
130,32.5,350.58754757469137,-50012.69508792545,3.534720590192186,-50009.16036733526,2.9653759586284236,0.9177511758832475,16,3.85957273105965
140,35.0,311.7377419447723,-50012.143206960485,3.1430261080720445,-50009.00018085241,3.406896869976583,0.9220539809719849,16,3.867887920517133
150,37.5,341.9828356115629,-50012.42209385877,3.447965505024013,-50008.974128353744,3.8572604422516648,0.9089258600594612,16,3.886130849716357
160,40.0,323.31729477503023,-50012.358940663406,3.259774361389886,-50009.09916630202,4.139416518529366,0.9022223145277933,16,3.8945934848779533
170,42.5,298.81138098022603,-50012.197705543134,3.0126989627592065,-50009.185006580374,3.7145731750043134,0.9130357033876549,16,3.890214150462968
180,45.0,339.5444863680015,-50012.60786396139,3.4233813937601645,-50009.18448256763,3.4004634048853695,0.9188687058804494,16,3.8827635314620768
190,47.5,311.03980746076934,-50012.34109266511,3.1359893396292495,-50009.20510332548,3.6345746985444114,0.9061512857979901,16,3.87916914007317
200,50.0,340.1214408170587,-50012.58805125544,3.429198408040317,-50009.1588528474,3.4023788606570378,0.9139909649969014,16,3.88299023496097
210,52.5,303.4870368512243,-50012.17260931623,3.0598402180439495,-50009.11276909819,3.536898334638706,0.923160152414659,16,3.885619019012014
220,55.0,356.8118849525103,-50012.72654475024,3.5974760806306825,-50009.129068669616,4.05044643168481,0.9128831535983652,16,3.885167572550188
230,57.5,336.48022307157333,-50012.6398884342,3.392486643953492,-50009.24740179024,5.224718391554784,0.8932810081088335,16,3.8793468320343543
240,60.0,327.7060300418845,-50012.57161033333,3.3040228038116677,-50009.267587529524,3.6320110622932034,0.9214720063387529,16,3.8681644059372564
250,62.5,358.10692455387476,-50012.818143630175,3.610533027963023,-50009.207610602214,3.7442330385741074,0.9134437594932698,16,3.854823471296283
260,65.0,345.35432584033873,-50012.55020419695,3.481957801709185,-50009.06824639524,4.3240365253000945,0.8942539215587701,16,3.865584952157447
270,67.5,366.04476973169733,-50012.7371963624,3.690564577816714,-50009.046631784586,3.657167793614804,0.9187998920356426,16,3.8668603842199416
280,70.0,330.4376384457365,-50012.307438371914,3.331563635014124,-50008.9758747369,4.720925207074707,0.9155017206920215,16,3.863171212166065
290,72.5,391.0209549364208,-50012.95853531867,3.9423813828296788,-50009.01615393584,3.502251759335134,0.9250324360045455,16,3.8545543694474245
300,75.0,342.02506661060465,-50012.59947997454,3.4483912896329927,-50009.15108868491,5.303812395647303,0.8949533331275393,16,3.8405896371311403
310,77.5,357.62205793191606,-50012.74168896014,3.60564446861746,-50009.13604449152,3.797425484666738,0.9116312844989783,16,3.829117260932175
320,80.0,321.10774256213693,-50012.32707029087,3.237497045050364,-50009.08957324582,4.794661209884108,0.8934096963739458,16,3.821890737600451
330,82.5,334.4903338209002,-50012.54363421142,3.372424030334685,-50009.171210181084,4.04339839791494,0.9027076780110639,16,3.8109547688936134
340,85.0,338.65672855442807,-50012.55543738974,3.414430774023525,-50009.14100661572,5.273432298286882,0.9080938670281326,16,3.7956418375385708
350,87.5,336.81810992143255,-50012.58587556574,3.3958933125976434,-50009.18998225314,3.5271101109497947,0.9170616356177413,16,3.787542674859725
360,90.0,323.9391278716426,-50012.54654892263,3.2660438546033905,-50009.28050506803,3.361892819954189,0.9221369637556605,16,3.7767805087255097
370,92.5,340.2885625212202,-50012.51542517506,3.4308833752699117,-50009.084541799784,4.531199088643703,0.9080432966273687,16,3.7586643174265695
380,95.0,347.998830971158,-50012.55290180363,3.508620433629345,-50009.04428137001,4.517643022505417,0.9246017154225743,16,3.7472924018308067
390,97.5,354.0986278769579,-50012.60241506836,3.5701202725941847,-50009.03229479576,5.126109102617727,0.9002461344399605,16,3.7477328462147423
400,100.0,340.7465283586099,-50012.434012485275,3.4355007134675306,-50008.99851177181,4.9618899174345605,0.9012688577422431,16,3.7509027769968624
410,102.5,350.0136855630136,-50012.36118776744,3.5289347547207353,-50008.83225301272,4.957906825303663,0.9023151960816286,16,3.7514480437996616
420,105.0,350.10860944310826,-50012.3826945677,3.5298918035257847,-50008.85280276417,4.308578342191479,0.9105294682864221,16,3.748947778095444
430,107.5,377.7415290844845,-50012.55835167091,3.80849453970166,-50008.74985713121,4.675271733539482,0.8995054737724478,16,3.7391187628259686
440,110.0,380.6108912679476,-50012.75591181151,3.837424242598323,-50008.91848756891,4.0464974889385985,0.9190457310817819,16,3.7268725819401394
450,112.5,358.0942584988783,-50012.641555180235,3.6104053252944532,-50009.03114985494,3.6569984089467136,0.9291285411667226,16,3.7110034379864647
460,115.0,352.3565754351042,-50012.70439239641,3.5525564182074203,-50009.1518359782,4.490025943015112,0.914914043870777,16,3.7060345401586368
470,117.5,334.3353938856705,-50012.61861399176,3.370861883067652,-50009.2477521087,5.220594489385139,0.9086086220071883,16,3.7307701828645516
480,120.0,339.83242961694975,-50012.729084550556,3.426284517210798,-50009.30280003334,4.053237927267246,0.9193688208551557,16,3.755541221915529
490,122.5,354.80865307985044,-50012.88276129295,3.577278943007842,-50009.30548234995,4.18901062573636,0.90932917903888,16,3.781911022949133
500,125.0,350.78316897957524,-50012.94212227076,3.536692899284476,-50009.40542937147,3.8649715121158232,0.9032593593049529,16,3.818978601940371
510,127.5,342.1590039992649,-50012.928416551025,3.4497416834184227,-50009.478674867605,3.676612503234947,0.9123130306607127,16,3.855690174541128
520,130.0,336.8625774084721,-50012.83527849761,3.3963416460969937,-50009.43893685151,4.053195730308938,0.925333922930564,16,3.88454326748577
530,132.5,336.7102293882373,-50012.84411426607,3.39480563123359,-50009.44930863483,3.4710885909209366,0.9281506185536241,16,3.9008774092902847
540,135.0,376.58395421592246,-50013.249998164974,3.7968235498136815,-50009.45317461516,3.222174175057119,0.9233611051774685,16,3.913268640628831
550,137.5,369.7395517214022,-50013.055356669276,3.7278163914239806,-50009.32754027785,3.5451382618438574,0.9215401222389444,16,3.906934087478961
560,140.0,379.5888933637138,-50013.160929482,3.8271201771509933,-50009.33380930485,4.584908569543113,0.8957049891707402,16,3.8835403270546864
570,142.5,339.10650583481424,-50012.78510783233,3.418965552925343,-50009.3661422794,4.121735303324295,0.9001785514650579,16,3.8558541162801565
580,145.0,364.6896219093059,-50013.08995626566,3.6769016027803842,-50009.41305466288,4.027177188340934,0.9031740759723825,16,3.839855192685825
590,147.5,341.5629394723644,-50013.00702643522,3.443731996049622,-50009.56329443917,4.436060723369874,0.9121551756818757,16,3.83344520821972
600,150.0,363.95697592760564,-50013.19891022103,3.6695148634202654,-50009.52939535761,4.449367264015964,0.9153424376148596,16,3.830436690301096
610,152.5,382.4083253923343,-50013.22325829633,3.855546470421119,-50009.367711825915,3.25663328255493,0.9136827363925905,16,3.829306431299728
620,155.0,320.9744572955251,-50012.985959998274,3.2361532261397343,-50009.74980677213,3.5991960781480654,0.9134346631507302,16,3.8346364662222445
630,157.5,299.74105231198143,-50012.721585871564,3.0220721661750156,-50009.69951370539,5.128956062736066,0.9040383365259608,16,3.8452958401811683
640,160.0,300.02136614450734,-50012.71447972977,3.024898367739787,-50009.689581362036,4.654087677458772,0.915996670269528,16,3.8534293029239364
650,162.5,318.31234524933024,-50012.88874226122,3.209313076430541,-50009.679429184784,5.072182546786889,0.8873917107883513,16,3.856589066590745
660,165.0,336.61388669697527,-50013.03596379089,3.393834277582058,-50009.64212951331,4.199539944980263,0.9086626004216269,16,3.864322165841337
670,167.5,352.63943050094974,-50013.08428716043,3.5554082411891574,-50009.52887891924,4.274975939917349,0.9092468167649126,16,3.869097428850571
680,170.0,348.9305850656102,-50012.89257035388,3.518014636034536,-50009.37455571784,3.945714132166967,0.9128304405971086,16,3.8649526400883896
690,172.5,312.72176524027816,-50012.60629468097,3.152947303014407,-50009.45334737795,3.8709995089907507,0.9246240415967417,16,3.858130278584269
700,175.0,310.93505608833874,-50012.62683399654,3.1349332073292215,-50009.49190078921,3.6299759555877014,0.9175587420563891,16,3.859316197035256
710,177.5,341.88967595088764,-50012.83336495059,3.447026243566947,-50009.38633870702,3.374406359315154,0.9216337732906271,16,3.86991602576745
720,180.0,355.55740979620816,-50013.04313268504,3.584828115249308,-50009.45830456979,4.691598440656187,0.8936387721266554,16,3.885515336399043
730,182.5,366.61079783915676,-50013.26462153588,3.6962714296998036,-50009.56835010619,4.201052278076266,0.9071093504249819,16,3.906480220797511
740,185.0,350.03247550917456,-50013.21036440058,3.5291242001532477,-50009.68124020042,5.170571627244675,0.896428011506703,16,3.9313592525159833
750,187.5,356.05510598817483,-50013.21238592477,3.5898460258669975,-50009.622539898905,3.7322305145066035,0.9174633520367449,16,3.957513323440775
760,190.0,359.23495263891306,-50013.16760349352,3.6219061190099904,-50009.54569737451,3.5297114555662783,0.9128932623929287,16,3.9806479363662266
770,192.5,350.04904143459083,-50013.08421637518,3.5292912223936828,-50009.554925152785,3.0634447005974796,0.9152681794525246,16,3.9972175768233926
780,195.0,366.1011310822418,-50013.24870553006,3.6911328285365093,-50009.557572701524,3.2535861280312375,0.9324646187894305,16,4.00363034655523
790,197.5,339.79818854394557,-50013.04588650864,3.4259392892453002,-50009.6199472194,4.077246168024659,0.9001473022682881,16,4.006331000401302
800,200.0,336.0324075677876,-50013.12430383905,3.387971644225781,-50009.73633219483,3.7958929616347836,0.9144430526316089,16,4.008370695023153
810,202.5,296.6765288683458,-50012.71130109764,2.991174793492269,-50009.72012630415,5.106236029060335,0.8913381290978943,16,4.0134881453830635
820,205.0,354.44765629978673,-50013.23464072411,3.5736392736575997,-50009.661001450455,3.5819158133716225,0.9148257148448409,16,4.0247608452119215
830,207.5,360.55732554125717,-50013.239084403576,3.6352386482403167,-50009.60384575534,4.033215450865117,0.9089016687019946,16,4.030820235768354
840,210.0,372.40441243629215,-50013.2071549601,3.7546842539709497,-50009.45247070613,3.7466006294081255,0.9175078587488197,16,4.0287998527611135
850,212.5,327.0753083717837,-50012.81898897133,3.297663693542611,-50009.52132527779,3.644808257859255,0.9178910952139975,16,4.024533112071375
860,215.0,336.1126007168111,-50012.93802135462,3.388780173727204,-50009.54924118089,3.4427979055055875,0.9178126794992753,16,4.009356295691943
870,217.5,349.0962851379635,-50013.11756625423,3.519685269979168,-50009.59788098425,3.4649575107489463,0.9177742059183844,16,3.9877166856958057
880,220.0,316.0577829835232,-50012.86622139014,3.1865819562925086,-50009.679639433845,4.216185182883526,0.8965047548286436,16,3.9674449838808488
890,222.5,329.6009114856294,-50013.02131417083,3.323127522451885,-50009.69818664838,3.6809117069245576,0.9275231491977375,16,3.957051776923448
900,225.0,308.0357938589527,-50012.76977000307,3.1057020439023626,-50009.664067959166,4.365678994435734,0.8953996536934912,16,3.9509654573157733
910,227.5,377.69134685311997,-50013.3616575634,3.807988588569929,-50009.55366897483,3.4380118075516184,0.9210168354180612,16,3.948801567651401
920,230.0,331.18733589300575,-50012.9282242396,3.3391222919647463,-50009.58910194763,4.379433144201342,0.914075822178371,16,3.9476758770327827
930,232.5,334.5978627808367,-50013.03840329066,3.3735081670399354,-50009.66489512362,5.55346053647134,0.9222420536316799,16,3.9467642397229765
940,235.0,325.76257792998246,-50013.10542941772,3.2844283822655655,-50009.82100103546,3.876321538583741,0.9281434921147061,16,3.93916838671608
950,237.5,349.1157288236431,-50013.348232312164,3.5198813065942627,-50009.82835100557,4.041139376404991,0.8984150355953159,16,3.925995300856873
960,240.0,328.1915165224285,-50013.12499537686,3.3089176127428757,-50009.81607776412,3.9185329063702117,0.9291169570213321,16,3.90872857399753
970,242.5,308.98982669735506,-50012.9881795621,3.11532086676401,-50009.87285869533,4.322507222198186,0.9061559287344749,16,3.8987535042724764
980,245.0,313.37157430608744,-50013.16018605485,3.1594988576845577,-50010.000687197164,5.0173573965510565,0.9154414758591639,16,3.9046733769271813
990,247.5,340.7629907904351,-50013.375285861155,3.4356666922569645,-50009.9396191689,3.899622421128769,0.9234974269193784,16,3.923827399742855
1000,250.0,328.2330847302959,-50013.39359428992,3.3093367149079773,-50010.084257575014,4.287595105349161,0.9211695810893015,16,3.9407173103937043
