path,size_bytes,sha256
.gitignore,729,72f882fa9320b1f75786023f0758811583d746595b01c5101dab21f899a2d16c
CITATION.cff,880,95e4f361feef26b562d4fc74f3fddc02ab80c07becd9acfc9f43a149899f9b92
data/b3lyp_benchmark/disagreement_error_correlations.csv,895,2e3ed6413468b24b887ceb8bb7f09896b7896e980d9835cea0fadb26c3b5b373
data/b3lyp_benchmark/disagreement_recovery.csv,1106,be14b2d1dc3f386461f086b8906d93b7f129319029b29ae0173d56c182bebd27
data/b3lyp_benchmark/energy_metrics.csv,730,14e09142e32a3f46df18a2f4f3bdae86cbc03c882729e265ea66531da595c3d4
data/b3lyp_benchmark/energy_predictions_and_errors.csv,81158,8b528f22bd4220463afeac2e59dc3cb61e5f313daa593a029724c1f899a1e7e7
data/b3lyp_benchmark/force_element_metrics.csv,3446,c880af1a2637b65aad1c26d8afb2cdf5ae23cf84bf268e48ad71bc6438a5dea5
data/b3lyp_benchmark/force_molecular_group_metrics.csv,1951,88f036d5cd933e2281f5f1b932566f21de8cba68cb83295e71c4cabe491923b3
data/b3lyp_benchmark/force_overall_metrics.csv,1132,2fe8a2ead0033d1d8769a9dc5de592479ac4459c25a5526569c4e304c57f752a
data/b3lyp_benchmark/per_structure_force_errors.csv,85513,c00c8461d0cce0f840191e3a6769d35ac2c04a5a617dff2c0a0346f7f3f25236
data/b3lyp_benchmark/prioritised_quantum_candidates.csv,18838,81b98bb3026d358e54953e0fd5d2f88226dd9e2772d0c96fee9a8a00a1577f20
data/b3lyp_benchmark/timing_summary.csv,669,aa4e9dc991f78ef49c6dfbae44961364c8b503d5203d7fe5938bc5b571fb48d6
data/hydration/cluster_manifest_N16.csv,20803,ca742d2426c9dc3d4383e90ed5383431c5d360b96461e47ee2348f2fe7369ff2
data/hydration/microhydration_candidate_distances_by_frame.csv,2514733,ac135f6a6f30d7b4814be98640cdef234f015891329fe17073ed3e61da95ce2b
data/hydration/microhydration_candidate_summary.csv,661,d6978bdba7767a7ec0336729a12fc07166e9774c8d134509a571135a2384ea1b
data/hydration/selected_100_frame_candidates_N16_used_for_extraction.csv,3352,ced38bc5b919b768cc16a8130c41c91fd8c28f9a5aae5ee62ccdd52920fb58bf
data/hydration/tacrineHeavy_waterO_pair_RDF.csv,7098,ebde712ac424a20878323c2847e9de8c89b68ce8643aa1100d232099c83d8a54
data/hydration/water_count_histogram.csv,199,592230fdeb70ec27dee084e01a5c2ae5e9b5b96a75fc569ccf811f4f933840fd
data/inter_model/observed_inference_timings.csv,93,5d9d41bde9a14bb620de06e01126f0d780e765fc4c02dbefbe3fc933dd727dfa
data/inter_model/three_model_atomic_force_comparison.csv,1874232,178b05f7576b6a548a2b7d2777de4ebced41ca28112d9ba0d484810c3ebba755
data/inter_model/three_model_group_metrics.csv,2114,a5c5473054b2432048732bbb54fedd4b3a73d6e85c055ef0bb0837ac22e596b0
data/inter_model/three_model_pairwise_metrics.csv,1056,7456b64c381e5931a30863ef9e20bea35093b96b9317c5476ee4045bbd06a885
data/inter_model/three_model_structure_comparison.csv,41449,733bc9f1572005d298869218aacfafb477814f216a943b4733192c7934288418
data/n16_xyz/cluster_N16_001_frame00000.xyz,3241,c75a2a0b59b59cd795513361d526ae076f27f3580373e4c34dc7f0acc1d733f0
data/n16_xyz/cluster_N16_002_frame00100.xyz,3245,0ab5bb2c513c121829abeb362fc085a913ead32357795d4b679bb03933cb1c10
data/n16_xyz/cluster_N16_003_frame00201.xyz,3245,683571f3cb2375c231751560eac313711e073a02a3796d45b47603debf4fcb52
data/n16_xyz/cluster_N16_004_frame00302.xyz,3245,7a60944fdfefd00ccc8135671b7eb513f50311638a7773ed67ed4b3d6ea0f119
data/n16_xyz/cluster_N16_005_frame00403.xyz,3245,e8a9aac27cac6d76ae56fe8e4193fa6634c505599ff86790a920dbcb77ea2b8f
data/n16_xyz/cluster_N16_006_frame00504.xyz,3245,8fae76132dcfa73d8fb300ce60196f45999907a0289f92ec672d79b55167c37b
data/n16_xyz/cluster_N16_007_frame00604.xyz,3245,1ffd78b4aca506fe69d032f7930aa54e20586186ae7bc6463778cf41e129d740
data/n16_xyz/cluster_N16_008_frame00705.xyz,3245,4532e3b2212dc7e41d95f8eed6965885f15611b554acb42f7634f9bbb6301379
data/n16_xyz/cluster_N16_009_frame00806.xyz,3245,4e9b0126da42b11048c01a70184046853513fa3cb04bbb6970a427c2e3f76715
data/n16_xyz/cluster_N16_010_frame00907.xyz,3245,38223c5d9ef108c6b6b28d14ebf1784f81748f75813428df89c89f9349610310
data/n16_xyz/cluster_N16_011_frame01008.xyz,3247,70604e86b7651e6ff393c8751676c2539263d8d76ccc7176474dc7e55e07b023
data/n16_xyz/cluster_N16_012_frame01109.xyz,3247,eb2616a263e8d49b7e27d3016212b774aea2a0b85d5a11d01271bbacc4beb5ed
data/n16_xyz/cluster_N16_013_frame01209.xyz,3247,affb7a69efd59bc6886b6f86ec480df67fa69f364f2fa26f37e5b1b9fe9002c8
data/n16_xyz/cluster_N16_014_frame01310.xyz,3247,bd39c495e5598665a78032234fef0014784eafdf0589314a7428f75f9659b17a
data/n16_xyz/cluster_N16_015_frame01411.xyz,3247,120a122718f2e3e0d29b41af026a8beb0ed012b707637f1f3d3f06f4d869a719
data/n16_xyz/cluster_N16_016_frame01512.xyz,3247,69c299d9ac413f97860872158a865b7ee4780005a49c9f0f5af77f95db3489bc
data/n16_xyz/cluster_N16_017_frame01613.xyz,3247,ee2adf0f3451879e88d2f3b7c11033fcb57da94ef297f2bfaf4acb5c6ec4bd0b
data/n16_xyz/cluster_N16_018_frame01713.xyz,3247,8ab24293037adbb37da5f5803011cb81f4beef32da09c549b1076b8dd4916e06
data/n16_xyz/cluster_N16_019_frame01814.xyz,3247,1d370b7a75bf4b2bdb9638c3619a9d1dee61853ef38dcad841f5ad58d41dcba9
data/n16_xyz/cluster_N16_020_frame01915.xyz,3247,1541118de4f64d741e69ff5122e71b5617a1675df1de9fe8796293502aa2941b
data/n16_xyz/cluster_N16_021_frame02016.xyz,3247,bde34acbd8a285f263abf8790fb04744420981c7137c6b2696264dd9f2c738e0
data/n16_xyz/cluster_N16_022_frame02117.xyz,3247,15c00399d9afbda9f71443d7b71b395737f053626d37a5019b7eb57db16f7f5c
data/n16_xyz/cluster_N16_023_frame02218.xyz,3247,c8bc84e519107afaef4e1d22b007e9dbd7c419a85f2710d639f51f8837ef3a81
data/n16_xyz/cluster_N16_024_frame02318.xyz,3247,17635e3822a4ca990fd8cc7b9198542e0d2f1cce2636af55c396975e6d02b0f2
data/n16_xyz/cluster_N16_025_frame02419.xyz,3247,77df9db2552f436a1defea7400a4f10fce11b2de4d355a2a876397f77e1d6580
data/n16_xyz/cluster_N16_026_frame02520.xyz,3247,6810a2a5f796a6a47d21551b011914e67c1f9d01146827063cadd080697f2e89
data/n16_xyz/cluster_N16_027_frame02621.xyz,3247,a133ce679d20c17766dd33a5e712fa8569e5ccfae9e12d14f6173599b967486d
data/n16_xyz/cluster_N16_028_frame02722.xyz,3247,1987953a01ceca93e374e5db204153f0e98acb7af2ec13acf7e366ebb9e43ec8
data/n16_xyz/cluster_N16_029_frame02822.xyz,3247,be6eb0d71168c616a4274ecc5c40f0dcefb0fe6a05a1fb859ada0feb0209b9d7
data/n16_xyz/cluster_N16_030_frame02923.xyz,3247,c4d5bddf3ac44576ba9b078b2a4d588876bd4a89cc431e4dbac85951e09ca8b7
data/n16_xyz/cluster_N16_031_frame03024.xyz,3247,5782120c5a31ef3897d08171e97d658bbe3c1b73633bfce0ec6aa03efed88c57
data/n16_xyz/cluster_N16_032_frame03125.xyz,3247,ef57bf5947a2964f574b69826f0067560169b697d4a412beb7f67aa8b0f6a5e2
data/n16_xyz/cluster_N16_033_frame03226.xyz,3247,be8e4078a7ce493e4e3341731934cfd0e9b97fbf4fe69b75715359e595fe81ab
data/n16_xyz/cluster_N16_034_frame03327.xyz,3247,ecf4e62785da647ce0b7b226372bca789fda19209c29779ab9e89d60f35c4fc3
data/n16_xyz/cluster_N16_035_frame03427.xyz,3247,d6bc64b4f795f5076d251ff33aeb02df63f00823bd9467b0d084d46f54996c96
data/n16_xyz/cluster_N16_036_frame03528.xyz,3247,8b79656dfdf8536e033855d1305f0aa5d1115202966f8f4c4b3a0b54eac04d7f
data/n16_xyz/cluster_N16_037_frame03629.xyz,3247,7ece9f2d360cd11787ade5bb0df2040b0d3a0fbb75e9dde065c067f006a99263
data/n16_xyz/cluster_N16_038_frame03730.xyz,3247,7e0c376a26c17a78ded3f57fa6b536b6ee7c5f2383b56c17d64de6f6a4e855b3
data/n16_xyz/cluster_N16_039_frame03831.xyz,3247,e8e329cb6d847f2fba6b527fe52e01c6e5c4538adb5bd825f0a5a8b44417774a
data/n16_xyz/cluster_N16_040_frame03931.xyz,3247,ba955673d68d233ff0baba237b29fe62d5aaeb6c3d938a64eb429068ced5f9c9
data/n16_xyz/cluster_N16_041_frame04032.xyz,3247,3df8335dd79a4812c45884e6efc1745513c5c5e43e8a3757a7b72469f80a51b8
data/n16_xyz/cluster_N16_042_frame04133.xyz,3247,f65a9a48034c1b38693506be2220538bdb0d0692dec3d2144e7b71a2b4245d8b
data/n16_xyz/cluster_N16_043_frame04234.xyz,3247,cf5a83dbea4189549331749fc7861f7c8ea4c740d948d6c4ab77f8036ec498b3
data/n16_xyz/cluster_N16_044_frame04335.xyz,3247,1b02b11094128359da98449f014c19a1414fd148c65b4c5ad0513984b0d42101
data/n16_xyz/cluster_N16_045_frame04436.xyz,3247,dd6573e170b361f78fe6816d394293eff1d4f94a7acf939bc204bfdbb504858f
data/n16_xyz/cluster_N16_046_frame04536.xyz,3247,64bb78bc6ca3b081ed01e15bdd8830aeb5095e280db8c00739f28bf41cd75b6f
data/n16_xyz/cluster_N16_047_frame04637.xyz,3247,0924a767cd5c9ef802f12cf3169b47f97eb2485f9da92fd14e597b080e478d80
data/n16_xyz/cluster_N16_048_frame04738.xyz,3247,1637bc229d33dcb193c909bc4dd99da45c0f675f7a3fc1d94e91e18719f76202
data/n16_xyz/cluster_N16_049_frame04839.xyz,3247,e8db8239d6cdf679824e98c1b0c603b5385a5cbcb78a61805fc9a6f39032a633
data/n16_xyz/cluster_N16_050_frame04940.xyz,3247,3e5df867cc65f07f22f14487555bed78ff32b1fbee6e81cfd6df2a5b03beccc5
data/n16_xyz/cluster_N16_051_frame05040.xyz,3247,8b3f2d2f10c1f2ff220b716838dbfa34c50101d832b28412a0db27b32cd9a9a3
data/n16_xyz/cluster_N16_052_frame05141.xyz,3247,0c52e14f3fde464e2dad3ea2eb775078c91904efa4f705af6562cfa4d891addc
data/n16_xyz/cluster_N16_053_frame05242.xyz,3247,9adb05396299ad7a6785faf54bf5d0e4b9e3766e1f5aac74153bcbe5c4dba487
data/n16_xyz/cluster_N16_054_frame05343.xyz,3247,2ca2f2a41c3e0096a93bc47c64871aab86b8d624ebfdcac030269538b371bb3a
data/n16_xyz/cluster_N16_055_frame05444.xyz,3247,efcf804a40e242ce2ad6aa499d789a998a83cbc41ad14ff4a9c6825ddc105722
data/n16_xyz/cluster_N16_056_frame05545.xyz,3247,9adb4ac87d3cd91dccdba0c9cf70573ce8850fcc52a416e9a26f27627512aa43
data/n16_xyz/cluster_N16_057_frame05645.xyz,3247,f0bff423dd7892cc601529474abbbc476652e9ad32b3e49c654b92244addb9a0
data/n16_xyz/cluster_N16_058_frame05746.xyz,3247,b9e929d736684f3fcdff817a2704917ab060de5c5adbf7f83dda312d1b9dc4a1
data/n16_xyz/cluster_N16_059_frame05847.xyz,3247,2969be6d0b8aeeabd07a67532b2d9c09e64fc1f9bd39a7d28c23a47c3c8889d0
data/n16_xyz/cluster_N16_060_frame05948.xyz,3247,157e109a22860463ba84e83a43d7c33e7b0f94ea2f83cec52c3fc6680b5e3e42
data/n16_xyz/cluster_N16_061_frame06049.xyz,3247,52f93077a976e843c1781f3377da845186b1e710ece25d3ea9916c3b6dba4a60
data/n16_xyz/cluster_N16_062_frame06149.xyz,3247,c179360b8ed6ab6d085d234f77ce6ba154fad2bd0bda24f052da699ce166cff9
data/n16_xyz/cluster_N16_063_frame06250.xyz,3247,39740dbc593befb7a76f8f92374a0307ed5a24d5b2c20c98b3f4b162890344db
data/n16_xyz/cluster_N16_064_frame06351.xyz,3247,3544c66589eb69020c27b152b2ff9f1dd44383bf8dbb52b1499c16bb0af7be9e
data/n16_xyz/cluster_N16_065_frame06452.xyz,3247,abe84e11bf755fb739799326d8948656835263e86492b35aa58f03885f5a4a57
data/n16_xyz/cluster_N16_066_frame06553.xyz,3247,e21b3809335c46b0fe091cd948aa9e4c96bd07a9b052ffc2d7544b4732c45bb2
data/n16_xyz/cluster_N16_067_frame06654.xyz,3247,0c0c8fba85cad9bb0277c5646856a5e42f1dae307a84aaed2d37421cab5796aa
data/n16_xyz/cluster_N16_068_frame06754.xyz,3247,4653fdf1397b62433a3d133f165518b232a9ebe1ec383e3f9614876fd175b78c
data/n16_xyz/cluster_N16_069_frame06855.xyz,3247,bfb6df31a6f6940948e3c09ff29acc41a417419e9911c8b284faa143dfe85568
data/n16_xyz/cluster_N16_070_frame06956.xyz,3247,11fa3c78b294784f51ea192dff3cfc6359604fd021e9da34ac95aa7e5c8f06d8
data/n16_xyz/cluster_N16_071_frame07057.xyz,3247,3b4dbd07a67b8fa976017dfbab2592cd3c905e7b273b8f54d4f74140c4336243
data/n16_xyz/cluster_N16_072_frame07158.xyz,3247,07cbea7804c83a2c6ff3b392665b07ee203561baec6eeb0044f19e96bafffbf0
data/n16_xyz/cluster_N16_073_frame07258.xyz,3247,cbe6aa65f70e20fab40297ac21d56a8a923495d34e325c708335fa8c2fe446c3
data/n16_xyz/cluster_N16_074_frame07359.xyz,3247,065d316658b29534e217210a4c034f38ce5546b13df9e4a5703a3ae016055a81
data/n16_xyz/cluster_N16_075_frame07460.xyz,3247,c13791b1dda077b6c3390b87d619706e149fa164c3dd6439d8c5e4126df258a7
data/n16_xyz/cluster_N16_076_frame07561.xyz,3247,217965c7d32be4cef1bf627e28368cdf5b7caff013f86870af9d224c2c6c2fc4
data/n16_xyz/cluster_N16_077_frame07662.xyz,3247,6c54a33ec711920cfb5f851585343f96f94981443acdc5199c932d201e5d0346
data/n16_xyz/cluster_N16_078_frame07763.xyz,3247,467a40157d144aad1853fba3ca27cd801bc1b2f31f7858b6ddd14b740c849885
data/n16_xyz/cluster_N16_079_frame07863.xyz,3247,d14ec86d5955a7eaba18864f5fffd472f348ed6a1a2f7a37df9c187d01780a75
data/n16_xyz/cluster_N16_080_frame07964.xyz,3247,c3c3a5b924d802d1421148e03fd53cedaf165616a7e166091e2a53e726ae5679
data/n16_xyz/cluster_N16_081_frame08065.xyz,3247,8f84d2f0fe47679d3ea175c5c5689e5f630849bf101c87b0fa798c0facde55d8
data/n16_xyz/cluster_N16_082_frame08166.xyz,3247,30ffd64b3f68a150f8b1f749ae0f7c24f5ce7d46335ec47864aead730b34e6a7
data/n16_xyz/cluster_N16_083_frame08267.xyz,3247,077c4df14bd43709c4fac31e3019a621e142ae6c761a01dbb85c544c65671b84
data/n16_xyz/cluster_N16_084_frame08367.xyz,3247,196973b0062d19c7b1613bbcfc5a0e9df660cb7ca369db356439f0feb6eb42e5
data/n16_xyz/cluster_N16_085_frame08468.xyz,3247,c6c194f620da777cccb79a5407e21ed7e7c6bb62a23fdcb81ac2a7d4a4aed68a
data/n16_xyz/cluster_N16_086_frame08569.xyz,3247,8885fb9e961d5b21669a3086c74d0309c355448975daffca84ba6954f942a09f
data/n16_xyz/cluster_N16_087_frame08670.xyz,3247,811e2ac1df67d823f03f132f2a3fa76422f1a53ad82b9358eef00b58461e7bcf
data/n16_xyz/cluster_N16_088_frame08771.xyz,3247,e7c0f0e739ea2365f9f7492da3e3167be196d143e9e3e60b558673cdf9f6d1b4
data/n16_xyz/cluster_N16_089_frame08872.xyz,3247,809121db1c5aca462040f52a304b9812d36099f1b436caf601f86f6feac16a24
data/n16_xyz/cluster_N16_090_frame08972.xyz,3247,b37d4781c0ffdba6fda6c6e59da67f7e9681082e8b6b698c4d8e81212e9e06e2
data/n16_xyz/cluster_N16_091_frame09073.xyz,3247,9202db6060aceb3db7cbdf3196969f1302d54944f1e60ffce3634344874d75df
data/n16_xyz/cluster_N16_092_frame09174.xyz,3247,e33d41f7ae303681ce6f1c6e093e18fbcc661d861445b24c40c5113b09b07afa
data/n16_xyz/cluster_N16_093_frame09275.xyz,3247,c926b8e49030c0317cd73ffffb5789c695748e3f25e32c9bd8f1c84ec46eaf56
data/n16_xyz/cluster_N16_094_frame09376.xyz,3247,7c66713c29f25195b01076e08506833b816f5b205e83a052a10d407380253ff2
data/n16_xyz/cluster_N16_095_frame09476.xyz,3247,1775f36f3d26f051efd7c91e61f7f0980bed53b94c29e48d88295b7f7247818d
data/n16_xyz/cluster_N16_096_frame09577.xyz,3247,3e9e3074a25c0b7b1df0a15daca0c8b85cd43ecb801d7842332d11c43f5d38f7
data/n16_xyz/cluster_N16_097_frame09678.xyz,3247,9aa815ab7a139de94ab20d177db7562883ec48c537fd0dc13a8e3e07a04af01a
data/n16_xyz/cluster_N16_098_frame09779.xyz,3247,dffb9cda221aa96471183aa67d3a9a7bd5561b7d1ed338e85126e0c02d97b8b5
data/n16_xyz/cluster_N16_099_frame09880.xyz,3247,99336233c2761b8f52ef37efec3839d60b3db3089ddda992653a47f744ba464a
data/n16_xyz/cluster_N16_100_frame09981.xyz,3248,de54afc50a3eebb93b872e1780f82fd745bda7ffdc8d343a5b3cc9036eb08f51
data/README.md,1299,fbc6d9ceadd3b1acf03878d93cea2b6dbc2b194ac0085dc1f80f44afc17fbd10
docs/reproducibility.md,3085,a43bd055ce01094136a72b75d7f13086312c6f95c73eec2487dd45d35a62248a
docs/script_inventory.md,3230,92df49b0d717368cddea44743c58894b8f672113813f6a8201df1ee8fa5e9d33
environments/aimnet2/conda_list.txt,3523,7d7665bfce69d1094adf957ebef24a0459b32ec50bf7892718837354c72c497f
environments/aimnet2/pip_freeze.txt,613,57c8dacd16cb1a20af0dc4af45e8144a0341aa04a52ae9ec6edd0f2af8b93353
environments/aimnet2/python_version.txt,21,7e824c59e14577ff0dd4cbd2c0a4a68069d938ba174b65c9bd7a3cad68ff5b07
environments/aimnet2/README.md,98,e7167b4e83f075dfb9e685541b0d84b05d01a97fd71c3a8a6a2dad4ac8c983cd
environments/gaussian_analysis/conda_list.txt,2520,719ecb31094ec3a774dd6b0e31de20b19d663d4e7db877f8f87eab6233df81cb
environments/gaussian_analysis/environment.yml,964,d0a8d9b58e4a0cac0ce2efd3841cbfddb3f92621bf5631da60382c9c602737a5
environments/gaussian_analysis/package_check.txt,219,6b5c57b8fed3eb31551ee1dbea487ae68feca61cf4db8494178645be950cdca5
environments/gaussian_analysis/pip_freeze.txt,363,e22d3dfc457141496b3451911b3aec52cf9ac38e2ce6d69c51a920a8a10a95bc
environments/gaussian_analysis/python_version.txt,21,7e824c59e14577ff0dd4cbd2c0a4a68069d938ba174b65c9bd7a3cad68ff5b07
environments/gaussian_analysis/README.md,108,c6921e68152d9476296c6e07b16a4f8dcdc8e0755063ff76bde2077d8cb62957
environments/mace/che701p_mace_environment_2026-07-20.yml,1593,2415eee5efc18cb24506cb998b1579f97a84ebaec938ea3f257a7b98017613dd
environments/mace/installation_verification_2026-07-20.txt,252,bf7c58f6ec016cc00170834e009fc755f47e132dc6674b3f2634229ea441569c
environments/mace/mace_off23_medium_model_file_record.txt,108,f60fc62b63618cebc618c50fa5f26e5a1bdc9f3b53baa2233c670d7a0546fe0d
environments/mace/mace_off23_medium_model_sha256.txt,242,25b2e4397922b61d49e4d80f51f40d8c3ac9c5ad5fc21bd4742dfdc017f7e834
environments/mace/README.md,95,12373a93294494e9670c8c4b420daf0174fe845398b0e27339f98e0af93d74f6
environments/mace/requirements_frozen_2026-07-20.txt,805,8896b4fa8cb9ae7b3e251de585bbfca90548010a85f5f77475a87cef994dcbb0
environments/README.md,391,cc89b47d001d8ca95de8f8a47610bdae3780c8686c1baad004f4848a6617ccca
environments/uma/conda_list.txt,11232,2f49abf7d7b823dd20133131031760da967305b09a8a68a0a6652078549ffa90
environments/uma/model_provenance.txt,334,9770bc3140de9b62b18701446e682879dfff402c924bdaa295cbce77e9f2b5b8
environments/uma/pip_check.txt,36,baba44a8cef77066aa0e7befd91ef09108328ca361313d4366161b817958bae6
environments/uma/pip_freeze.txt,2471,b8848e504dea4a18dcdabd24063ea965c0c8ec3e79d0ee4c7fc1c5a2f12fc593
environments/uma/python_version.txt,21,7e824c59e14577ff0dd4cbd2c0a4a68069d938ba174b65c9bd7a3cad68ff5b07
environments/uma/README.md,94,faf486e620259816fcd1ff27896b3f7641312249248ec91c0e04f7f0f06a6711
environments/uma/scripts_SHA256.txt,2447,a7f1f385e9d7fe15833ca5a9ea0cf5d78daaed9fb495f863419de5eef6037ff2
manifests/AIMNet2_full_path_FROZEN_20260805_zip_SHA256.txt,108,92db625578acf08c4d4b0760d08a2d0a5e95f0cc3b83560dca4b90456afdd85e
manifests/benchmark_alignment_QC_FROZEN_20260805_zip_SHA256.txt,113,9a15973b1b9cb032b7422bdc16a72e33cde071d60e9b52760244ad177f5c6c8d
manifests/benchmark_alignment_qc_outputs_SHA256.csv,326,ee4a75d0392ef5d5139468f7f82acc91010f2bebe05cdd7bac35a7f328625c99
manifests/gaussian_path_outputs_SHA256.csv,1558,c7999a63f6ef8bf1a16434fd08f986c1c456e4dbd307a798d3ba7a2e138c1641
manifests/LOCKED_B3LYP_BENCHMARK_20260805_zip_SHA256.txt,106,d6e6814ce4a8589af60276b4c5d2a00586888e7adb1a784643516ed2592f6b3c
manifests/locked_benchmark_outputs_SHA256.csv,4849,d9f8ad9246fe6cdbdc48374627bb9151d59f16b6dd943231eb6f0f0df6c24cc0
manifests/PUBLIC_RELEASE_AUDIT_v1.0.0.txt,960,e2ec20bb8806656d55a87dc5da744e6fc16321671504294f8ff0ff536d170cdc
manifests/README.md,647,5beabe573fab1a9793928e25ee8925829ea5a3f0ec041f1adb4f424b17923ced
manifests/UMA_full_path_FROZEN_20260805_zip_SHA256.txt,104,2ff7e18e2af2e561e71b52871a2323bfa496cbbfe3e1bd62f09d78afc5d49252
README.md,5615,fe140bb3a992d62e0ebd32fe2ba7fa751488b154a58c95fe5c5ce06f4d5cba30
scripts/aimnet2/analyse_aimnet2_ensemble.py,15859,3a99866c8ca3b215266d7545b8e7224cd4fba4bbd0d74daf4d5b06af9a0d2f7d
scripts/aimnet2/README.md,86,c2535236480127d3790f48ed266f423f4c8bfb94e5c53505af3bd246653cbca6
scripts/aimnet2/run_aimnet2_batch_100.py,14073,8c25fd7412adc05d0cd1a23f4a1db1a040682b33ac880a43de49c61d042b047a
scripts/aimnet2/run_aimnet2_diagnostic_md.py,9546,b1a71708e728a9d0cc8538e7239742220586d3ea313c0e4af7396a87c2588abf
scripts/aimnet2/run_aimnet2_gaussian_full_244_ensemble.py,30880,c0d077031a73d4aad65b40f309a25ee5376e47dd995c8c4d75d4ab9a9f4fb010
scripts/benchmarking/01_validate_benchmark_alignment.py,28717,6524d717b3086e0a446e074672d6fee7b0c4d6d3d14c7358aee18992197f1112
scripts/benchmarking/02_run_locked_benchmark.py,56270,2f6a5271048840ab6bb5fb5ff7f321085b846f79a4304bc4cc331e3ee3115417
scripts/benchmarking/analyse_chemical_force_groups.py,7064,3dd7fad5535f18d23b6297ab7acde97f2d905977a9c36179b7889a79a9bf82c3
scripts/benchmarking/README.md,91,e8a36b151753f6d5e2f455814d99352211af3733d91f811061a3612ffe9c291d
scripts/figures/make_figure3_FINAL_NO_OVERFLOW.py,20727,800c4649d6f3e9b6ccbded397cf1114565176197da88f6c0e9483360fd8d6694
scripts/figures/make_FINAL_Figure11_retrospective_recovery_repo.py,5565,e33abc01f296f27ff52a71b220f63df0d25163c6890671222a1ecca5d7f677a4
scripts/figures/make_FINAL_Figures7_8_intermodel_repo.py,7930,4971bcde3ce7ebc1635a394ce7a964163040adf192efed9472278b505a2c72e4
scripts/figures/make_FINAL_Section3_2_Figures_9_10_PERFECT.py,10651,c7f1d6b8d4f68606b76715f89baa298353d59769d7cbe6b53731c9e1c03a79a5
scripts/figures/make_intro_figure1_exact.py,8742,7ce2428607f09b2182052bb748774f1e78b7f4840c9630811d796a1cc9f39446
scripts/figures/make_intro_figure2_tacrine_tacrinium_FINAL.py,3397,93fbaae186e9d29d6ed8f749ea5897440fbb41b207d6fb47ca32bcee456f65e1
scripts/figures/README.md,710,fd016800bfeecd0c9a5304b620213d464284da84e75a228f6e3381c22ff94994
scripts/gaussian_analysis/02_extract_gaussian_path_corrected_v3.py,58737,723df5fdd3f9421feed35403c860c6290a137a40c08ac0918ab1d1eb267e2c71
scripts/gaussian_analysis/04_prepare_full_gaussian_path_inputs.py,14122,9a5e5701a87f7513fca454bdbafd0f167a8314ca985038743310d04661cfa4be
scripts/gaussian_analysis/README.md,96,202b6d3f747239d2c612769d4a228203e27f6192fa620d7fde839b6455452e02
scripts/hydration_analysis/analyse_microhydration_candidates.py,9689,1d00d39e9c228693c2ce02e4b91452826d32086739235c118927b077bf3e07a6
scripts/hydration_analysis/calculate_rdf_water_counts.py,9185,7a78bb1fc30e0f37e1229b44e78334e57b5247e2a6ca114f1781d9d6705a7716
scripts/hydration_analysis/README.md,97,e53aafe4a2d2583c5487980a2af30bf5411e00a3f1f104e4cdbb1ebe39d346e1
scripts/mace/README.md,83,56eed56f2e1a0246afd3ac4d2f69c9c2eba4ab58e317f8568aaf0294f90ba785
scripts/mace/run_mace_gaussian_full_244.py,19424,12bbc0dba533c0d03b003bebea6adc373bf87447f402a62b37886311668fa7ee
scripts/mace/run_mace_off_batch_100.py,17127,3af41aa3cc0783d83f7644cafbfcf4521f463e157094beec84a6726ee2b413ba
scripts/n16_extraction/extract_N16_clusters.py,10565,967782e3d5312ee59a78a0e13fc4f8250c3bb37cb07fb8cb79f19209da047c9b
scripts/n16_extraction/qc_N16_xyz.py,2619,97128cbf753b27b3daa34f992d11dbf21dc6da94a19196c6d87b77e1cee1bb5d
scripts/n16_extraction/README.md,93,ef84b1cd06cab60953f7f04367ca96698c606b3fc5b731dde76961f9019fd518
scripts/uma/compare_mace_aimnet2_uma.py,16110,96446d11cb9e97b59d93ccf3ed0e4257d4ec2d41c9f2375aa82c9ccdde54cfb1
scripts/uma/README.md,82,aeaf718e607662c1b6c801adf14bd6441901f590dbbf5964ea09b27e0a26fd7e
scripts/uma/run_uma_gaussian_full_244.py,21669,bea18d3ad48d1fedb6c78eab33877934e62e011abf8e729b0ff0e800fd28c230
scripts/uma/uma_batch_100.py,14113,9c574a6a2808958079902c8cd4e338587825c2f3e390e4d78cd28198d14f2ebb
