filename,relative_path,bytes,sha256
energy_predictions_and_errors.csv,03_tables\energy_predictions_and_errors.csv,81158,8b528f22bd4220463afeac2e59dc3cb61e5f313daa593a029724c1f899a1e7e7
energy_metrics.csv,03_tables\energy_metrics.csv,730,14e09142e32a3f46df18a2f4f3bdae86cbc03c882729e265ea66531da595c3d4
energy_ranking_overlap.csv,03_tables\energy_ranking_overlap.csv,619,3012b26355a1b72c519e56982ce98e30fed38d69ca5108f4577c594a1b5f7d40
force_predictions_and_errors.csv,03_tables\force_predictions_and_errors.csv,22442091,38ca052775e91b49165a3c21d2844b1c4738d51ee39cec735dcb7ca87c7bc780
force_overall_metrics.csv,03_tables\force_overall_metrics.csv,1132,2fe8a2ead0033d1d8769a9dc5de592479ac4459c25a5526569c4e304c57f752a
force_element_metrics.csv,03_tables\force_element_metrics.csv,3446,c880af1a2637b65aad1c26d8afb2cdf5ae23cf84bf268e48ad71bc6438a5dea5
force_molecular_group_metrics.csv,03_tables\force_molecular_group_metrics.csv,1951,88f036d5cd933e2281f5f1b932566f21de8cba68cb83295e71c4cabe491923b3
force_atom_role_metrics.csv,03_tables\force_atom_role_metrics.csv,2726,67ff5adbbd6c859d389373caaab56731851f799a96ac5db84dcc14f788a97d37
per_structure_force_errors.csv,03_tables\per_structure_force_errors.csv,85513,c00c8461d0cce0f840191e3a6769d35ac2c04a5a617dff2c0a0346f7f3f25236
aimnet2_member_energy_metrics.csv,03_tables\aimnet2_member_energy_metrics.csv,896,53e78934c59ab9133ed755b86cb3f0b4e8fce9142b4eb82228a2e0553bc8dbc5
aimnet2_member_force_metrics.csv,03_tables\aimnet2_member_force_metrics.csv,1401,2178f093a933ad7e233ff443b98d17ab68e259d7ae52ce051f2ab726381434ed
cross_model_structure_disagreement.csv,03_tables\cross_model_structure_disagreement.csv,78376,5c48b690bca0d38a275363bd3bb229088cd2a8e352f3828145a3d7b5dfabc2b5
disagreement_error_correlations.csv,03_tables\disagreement_error_correlations.csv,895,2e3ed6413468b24b887ceb8bb7f09896b7896e980d9835cea0fadb26c3b5b373
disagreement_recovery.csv,03_tables\disagreement_recovery.csv,1106,be14b2d1dc3f386461f086b8906d93b7f129319029b29ae0173d56c182bebd27
prioritised_quantum_candidates.csv,03_tables\prioritised_quantum_candidates.csv,18838,81b98bb3026d358e54953e0fd5d2f88226dd9e2772d0c96fee9a8a00a1577f20
timing_summary.csv,03_tables\timing_summary.csv,669,aa4e9dc991f78ef49c6dfbae44961364c8b503d5203d7fe5938bc5b571fb48d6
locked_benchmark_summary.txt,05_reports\locked_benchmark_summary.txt,2054,d146144d98630b552089335c7bc21924c2c6b73e20844f00cf42f9b967b04133
locked_benchmark_metadata.json,05_reports\locked_benchmark_metadata.json,5457,b03f9d519a9f4fa74317f1a8212d49ec85d67b9dca05769aeec34fbcc734ac80
relative_energy_path.png,04_figures\relative_energy_path.png,250330,e654ee41ab210446a769810cadf6a970f9b116a7a67ca0ba62c9834e253b2fe3
relative_energy_path.pdf,04_figures\relative_energy_path.pdf,26105,6f14b841eabdb047f38b0fd0b887de6769e46127c8c900b03ea079163abe7c97
relative_energy_parity.png,04_figures\relative_energy_parity.png,189671,0cf87927f11e151be1b14f8e9a63275b78898c67ef03fa80773408c1ade21e81
relative_energy_parity.pdf,04_figures\relative_energy_parity.pdf,26050,deab428749c0fbb1cbf6e4c9ec0daf6c5ca8587545770349b892dd302bdaa836
force_error_by_model.png,04_figures\force_error_by_model.png,85529,9c3352e52053faba491035b2b98a11a65713f6389e242abe12c9775eec05a256
force_error_by_model.pdf,04_figures\force_error_by_model.pdf,16393,6cfea0ec2a0898f55f57d352034001789f0528676eb8ecec0846cb0929834291
force_rmse_by_element.png,04_figures\force_rmse_by_element.png,76906,a8250aa098408053b295aab45a2df34781e3d13d1cf601e2ef1a3cb610f2d1a5
force_rmse_by_element.pdf,04_figures\force_rmse_by_element.pdf,17776,b89287479fe28dc90b23717b793f188ecf2126cff1524ae033c6a9998fe65408
aimnet2_energy_disagreement_vs_error.png,04_figures\aimnet2_energy_disagreement_vs_error.png,120913,1b37e501d84dfbe0470190f11addceee2cb4b9c0bacc8cae6c2d3ed760060c27
aimnet2_energy_disagreement_vs_error.pdf,04_figures\aimnet2_energy_disagreement_vs_error.pdf,19434,8a49eb2b2cc3af31d0bd30d0cfb9091b24915461b817cf7c5eee38ceff9a021f
aimnet2_force_disagreement_vs_error.png,04_figures\aimnet2_force_disagreement_vs_error.png,167142,205af58fa40bd7733c3542e52ec40480f53344c95e0865b4227bddf7dbf2c3d7
aimnet2_force_disagreement_vs_error.pdf,04_figures\aimnet2_force_disagreement_vs_error.pdf,21975,d5c51af0f588b2510b993f01bf2fbe77acdce1bc6e4b62055d07c1938b787f18
disagreement_recovery.png,04_figures\disagreement_recovery.png,160166,8ecf1a140c166a71afb91a80914f4b83cc81185eefe8df05f880789934bb29f8
disagreement_recovery.pdf,04_figures\disagreement_recovery.pdf,19746,3f1ece82ff62e2f0f0bcd5c358321ad51d41b904c4b4c6a75fb43fe09278556e
observed_cpu_timing.png,04_figures\observed_cpu_timing.png,92910,d527cde0752deb3b56a807675651f339feb3163a0fe2e7cbd46834392945b1c0
observed_cpu_timing.pdf,04_figures\observed_cpu_timing.pdf,14504,f193da4381281451f38a2cc611b932f20c7258e491b3f9c6db8dd451226a36e8
