indicator,target_error,selection_fraction,n_selected,overlap_count,recovery_fraction,random_expected_fraction,enrichment_over_random
AIMNet2 energy ensemble std,AIMNet2 absolute relative-energy error,0.05,13,8,0.6153846153846154,0.05,12.307692307692308
AIMNet2 energy ensemble std,AIMNet2 absolute relative-energy error,0.1,25,11,0.44,0.1,4.3999999999999995
AIMNet2 energy ensemble std,AIMNet2 absolute relative-energy error,0.2,49,16,0.32653061224489793,0.2,1.6326530612244896
AIMNet2 force disagreement RMS,AIMNet2 force-vector RMSE,0.05,13,4,0.3076923076923077,0.05,6.153846153846154
AIMNet2 force disagreement RMS,AIMNet2 force-vector RMSE,0.1,25,12,0.48,0.1,4.8
AIMNet2 force disagreement RMS,AIMNet2 force-vector RMSE,0.2,49,24,0.4897959183673469,0.2,2.4489795918367343
Cross-model force disagreement RMS,Mean model force-vector RMSE,0.05,13,1,0.07692307692307693,0.05,1.5384615384615385
Cross-model force disagreement RMS,Mean model force-vector RMSE,0.1,25,3,0.12,0.1,1.2
Cross-model force disagreement RMS,Mean model force-vector RMSE,0.2,49,5,0.10204081632653061,0.2,0.5102040816326531
