gaussian_step_1based,structure_sha256,scf_energy_eV,b3lyp_relative_energy_eV,mace_energy_eV,mace_relative_energy_eV,aimnet2_ensemble_energy_eV,aimnet2_energy_disagreement_std_eV,aimnet2_energy_disagreement_range_eV,aimnet2_relative_energy_eV,uma_energy_eV,uma_relative_energy_eV,mace_relative_energy_error_eV,aimnet2_relative_energy_error_eV,uma_relative_energy_error_eV
1,0bb2600098a22a27f4030288abeab93bde4fc6ca96305d86c879685cbf7806e7,-49977.07745990676,0.19097141191741684,-50021.2758045995,0.10261514007288497,-50016.28538200414,0.0995080810980219,0.2190586882279603,0.043426227930467576,-49984.70951577666,0.0974819130715332,-0.08835627184453188,-0.14754518398694927,-0.09348949884588365
2,02a31684801a65e6e0e2a6efd8c9e7933d75a2ff61e36c2c5fa068b9fdc4ae0b,-49977.145781166335,0.12265015234152088,-50021.32361800199,0.054801737584057264,-50016.34154693816,0.0978321931015538,0.2174163273375597,-0.012738706085656304,-49984.76405992912,0.04293776061240351,-0.06784841475746362,-0.13538885842717718,-0.07971239172911737
3,5fa0370b376238a476b23296ba7f5f06086094aafb77df6136e4585e531c6e03,-49977.16078851784,0.10764280083822086,-50021.31489683072,0.06352290885115508,-50016.32758189408,0.1039044340927302,0.2371577292433357,0.0012263379903743044,-49984.75759365328,0.049404036450141575,-0.044119891987065785,-0.10641646284784656,-0.05823876438807929
4,cb5d0743e99f013fa4c50ce8cfbf83eec28ad4fd00cef912e97cfb70cd9d492a,-49977.15083432072,0.11759699795948109,-50021.29986149527,0.07855824430589564,-50016.3089438986,0.0906294050884733,0.1974427976747392,0.019864333473378792,-49984.71815235831,0.08884533141826978,-0.039038753653585445,-0.0977326644861023,-0.028751666541211307
5,efe18d2e59c80be4958dce62e2bb1224b3141a1f3f6abedb3949c7109a3397ed,-49977.20446632989,0.06396498878893908,-50021.35184952676,0.026570212809019722,-50016.36117785685,0.1007294648684567,0.2157920358222327,-0.03236962477967609,-49984.780274329765,0.026723359966126736,-0.03739477597991936,-0.09633461356861517,-0.037241628822812345
6,ad26cf7228071655ec0f0222bf4e17ef7a310a8a62a34812411795bc8c9f43ad,-49977.20564131754,0.06279000113863731,-50021.32074416328,0.05767557629587827,-50016.35137007711,0.0982667326958013,0.2138651442073751,-0.022561845034942962,-49984.78215703107,0.024840658661560155,-0.0051144248427590355,-0.08535184617358027,-0.03794934247707715
7,60d94f7753b3286cfe226237981fc1399a9f341cb0500b90beb07a3b4a855038,-49977.22137358036,0.04705773831665283,-50021.35335762624,0.025062113330932334,-50016.36460604319,0.1014213124204326,0.219558005745057,-0.0357978111205739,-49984.7920496518,0.01494803793320898,-0.021995624985720497,-0.08285554943722673,-0.03210970038344385
8,80ee3a33f451e79aedca86c59587cc5b5d2c194463d3eb737a2643887a301321,-49977.22850269139,0.03992862728773616,-50021.35381782967,0.02460190989950206,-50016.363238478574,0.0992476283774146,0.2131119522309745,-0.03443024650186999,-49984.79528381458,0.011713875152054243,-0.015326717388234101,-0.07435887378960615,-0.02821475213568192
9,ed4dd0664b41544bcf009194fa8f7d755801f0fa52de9910d094fc8829e4c193,-49977.232885085104,0.035546233571949415,-50021.35872278956,0.019696950010256842,-50016.36369039415,0.0972172765382578,0.2099917949744849,-0.03488216207915684,-49984.79662181033,0.01037587939936202,-0.015849283561692573,-0.07042839565110626,-0.025170354172587395
10,fa76fd49b02829da729e05812754c371f530f59c95283927857613004c4ec23e,-49977.23768462938,0.0307466892991215,-50021.34684516652,0.031574573054967914,-50016.34717023881,0.0957301413947062,0.201284797869448,-0.018362006740062498,-49984.79454357486,0.0124541148688877,0.0008278837558464147,-0.049108696039184,-0.0182925744302338
11,f0751d9831a61bd466ba3293586d0f24a784c29940caac6efb48903718682c6b,-49977.24018127404,0.028250044633750804,-50021.36515675527,0.01326298429921735,-50016.35653813878,0.0992569418424936,0.2121181800539489,-0.02772990670928266,-49984.79532624647,0.011671443258819636,-0.014987060334533453,-0.05597995134303346,-0.016578601374931168
12,c735a2e0aa5c2d08e80538406d6e76915ea6fc28f9170e62daa4be37ec05d3eb,-49977.24412420388,0.024307114799739793,-50021.35050507002,0.02791466955386568,-50016.34391347686,0.0934317618240755,0.2007608818312292,-0.015105244790902361,-49984.79744170703,0.009555982702295296,0.0036075547541258857,-0.039412359590642154,-0.014751132097444497
13,bb19533b89943e3c510601341d7ea4ffdfe36fec7be2e815658a2cce61adf3b0,-49977.24542518025,0.023006138428172562,-50021.36119367768,0.017226061892870348,-50016.34788124066,0.0942017151980828,0.196103900016169,-0.019073008588748053,-49984.79810466195,0.008893027777958196,-0.005780076535302214,-0.042079147016920615,-0.014113110650214367
14,aafb0b1f305a1c74424c1c8a0aa1ff5f293797014246c1586cbe74abcf98eaf7,-49977.249145248825,0.019286069851659704,-50021.355929364014,0.0224903755588457,-50016.34038411454,0.0949709901823427,0.2061420266036293,-0.011575882468605414,-49984.79663328382,0.010364405912696384,0.003204305707185995,-0.030861952320265118,-0.00892166393896332
15,621ff4c1ae44ebb4e7ec97cea6fb6da88d571e445edaeb1c39fdb8e16cd06960,-49977.24917137176,0.019259946915553883,-50021.354895968245,0.023523771327745635,-50016.33975025124,0.0936594231602349,0.1981726488811546,-0.010942019165668171,-49984.79872215289,0.008275536842120346,0.004263824412191752,-0.030201966081222054,-0.010984410073433537
16,6372e18b4bb556065030101b60edf6bdba5a29f085d7f5c5605235ea1c007df8,-49977.25204815949,0.01638315918535227,-50021.36617331861,0.01224642096349271,-50016.33501155885,0.0948616420591686,0.2031337808148237,-0.006203326774993911,-49984.797377583,0.009620106728107203,-0.004136738221859559,-0.02258648596034618,-0.006763052457245067
17,b24f606fbb36f8194d020a2dce9660c5e820192f2bea64767853074bd0e3bf03,-49977.25370233964,0.014728979032952338,-50021.351707253176,0.026712486396718305,-50016.33466237263,0.0939959774821103,0.2073086266900645,-0.005854140559677035,-49984.79973214447,0.0072655452604522,0.011983507363765966,-0.020583119592629373,-0.007463433772500139
18,dcd377a223e96f460bc96fab6ab938ed95ca25a5bbedb15e46c1748588c62446,-49977.25540686087,0.013024457803112455,-50021.36529670372,0.013123035852913745,-50016.33251572525,0.0937542643733995,0.2084890636688214,-0.0037074931751703843,-49984.7980998326,0.008897857129340991,9.857804980129004e-05,-0.01673195097828284,-0.004126600673771463
19,3ef7834d7c019067d24c33ac5d25cc4cfdbfec8ba3f7439ff2212dde87da2449,-49977.2555527139,0.012878604778961744,-50021.36273410597,0.01568563360342523,-50016.33102874584,0.0936026485998162,0.2085038747172802,-0.002220513764768839,-49984.800769834896,0.006227854835742619,0.0028070288244634867,-0.015099118543730583,-0.006650749943219125
20,43b28151a081702ab6a1662838abfc6e97c1b793f6ffe35ce8369392660c8126,-49977.25792935635,0.010501962329726666,-50021.35523765472,0.023182084849395324,-50016.3219384049,0.096628961957745,0.2191053658534656,0.006869827171612997,-49984.79644861321,0.010549076519964729,0.012680122519668657,-0.0036321351581136696,4.711419023806229e-05
21,14e2d8d36146eb7045261739aa988ade1f1ed7737d3399bc46db6183d5be0bfc,-49977.25860147758,0.009829841095779557,-50021.37432845156,0.00409128801402403,-50016.33050352604,0.0938627839737569,0.2087092427682364,-0.0016952939695329405,-49984.80210669331,0.004890996424364857,-0.005738553081755526,-0.011525135065312497,-0.004938844671414699
22,671cd75b12536f250db5f6b179ad3178ad3967495d74e9bfcc9fe937ce86b722,-49977.2587805285,0.009650790176237933,-50021.35094828744,0.027471452129248064,-50016.31867433342,0.0973060837536401,0.2204794301433139,0.010133898649655748,-49984.79586304556,0.011134644169942476,0.01782066195301013,0.0004831084734178148,0.0014838539937045425
23,b54c143a51ae5c04717b104a88b88bdb12a9fdf64446a16b8aaf3ec7ae3b436b,-49977.260326135234,0.00810518344223965,-50021.37266718692,0.00575255264993757,-50016.32621521161,0.0966015122771466,0.2248244659203919,0.0025930204647011124,-49984.80220407294,0.004793616790266242,-0.0023526307923020795,-0.005512162977538537,-0.0033115666519734077
24,072af2bf796fd532b85d6b523edc9ec78b827515f133098b856995e8903f7395,-49977.26218712192,0.006244196752959397,-50021.35841788884,0.020001850731205195,-50016.31580389218,0.0983866701368121,0.2208761456640786,0.013004339889448602,-49984.79732541489,0.009672274842159823,0.013757653978245798,0.006760143136489205,0.003428078089200426
25,d75aaf73ab98444ecf9861554b2d5502fd26044a6626d7fcb32d2be769072ed0,-49977.25943768348,0.008993635194201488,-50021.368630616606,0.00978912296704948,-50016.317690656055,0.0991000466991174,0.230863128657802,0.011117576017568354,-49984.796734118,0.010263571733958088,0.0007954877728479914,0.0021239408233668655,0.0012699365397565998
26,ab9d48f6d111bcd2da3a91ef30ddec29cf3576d1362b9e5dfda98b7b88958ec1,-49977.25936584542,0.00906547325575957,-50021.36382250786,0.01459723171137739,-50016.327904580336,0.0997526367739946,0.2321652804384939,0.0009036517367349006,-49984.80444043253,0.002557257204898633,0.005531758455617819,-0.00816182151902467,-0.006508216050860938
27,de9dab10a3a84f4a8229edb2d59e790b175b3fcfcd14cbb33855d48fc0583b5e,-49977.26601032166,0.0024209970142692327,-50021.368247765145,0.010171974427066743,-50016.321905668745,0.0987494636910352,0.225451101665385,0.006902563327457756,-49984.8022240528,0.0047736369306221604,0.007750977412797511,0.004481566313188523,0.0023526399163529277
28,7b1d6734ba84ede71be8ffcf25d63acea85c7a48153b1ddf5039c82cea110678,-49977.26513139389,0.003299924785096664,-50021.36523387741,0.013185862160753459,-50016.3174419258,0.0980479874223005,0.2286868036608211,0.011366306272975635,-49984.79766842708,0.009329262647952419,0.009885937375656795,0.00806638148787897,0.006029337862855755
29,2933f8c9968675782ab3de39352b4ef8f34e536b2645910f1dab41e26ca8befb,-49977.26426824872,0.004163069956121035,-50021.36547825302,0.012941486551426351,-50016.321859431264,0.1000288265044921,0.2272225942433579,0.006948800808459055,-49984.80135085565,0.005646834084473085,0.008778416595305316,0.0027857308523380198,0.0014837641283520497
30,e27a8aab8717512623dbc4be82f7e0a7eb2bcde37cac149ea1a2c0bf23d32557,-49977.26623291079,0.0021984078848618083,-50021.36783777906,0.01058196051599225,-50016.32105141626,0.0985475622569114,0.2265153214320889,0.007756815815810114,-49984.80130782633,0.0056898633993114345,0.008383552631130442,0.005558407930948306,0.003491455514449626
31,e41fcdf324fd49a6ddb549a6029c8c048d6158250e106269be57a2ba687b344e,-49977.264996425416,0.003434893260418903,-50021.37476057244,0.003659167130535934,-50016.32581735331,0.0986729626818,0.2241445306499372,0.0029908787619206123,-49984.803676860894,0.003320828836876899,0.00022427387011703104,-0.0004440144984982908,-0.00011406442354200408
32,14c03c7399e107216a37a910b3aeaae29b5cddb3a15be56057e09038ad37c1d1,-49977.26455124714,0.0038800715337856673,-50021.35948458909,0.018935150481411256,-50016.318473705454,0.0979657760637572,0.224075211379386,0.010334526617953088,-49984.79827981382,0.008717875913134776,0.015055078947625589,0.006454455084167421,0.004837804379349109
33,2c974f0b5dfea2337cc780a3409c31c4ceaeff9841ba42ad252497af10a60ab7,-49977.2663803965,0.0020509221794782206,-50021.37006294467,0.008356794904102571,-50016.32275721864,0.0985776204354872,0.2259642170683946,0.006051013435353525,-49984.80238667632,0.004611013413523324,0.006305872724624351,0.004000091255875304,0.002560091234045103
34,d930887453bd42e1699e29c7d8593ac80b0387cf25baa612b29ecb94eb2e242f,-49977.26465111293,0.003780205748626031,-50021.370611701626,0.007808037946233526,-50016.32490209263,0.0987881625060138,0.2277388522270484,0.0039061394418240525,-49984.80164443437,0.00535325536475284,0.004027832197607495,0.0001259336931980215,0.0015730496161268093
35,a19fec412ef351f3153f3fdb6e4058bdfb72fc59c2f8c48a1f5b2d3154e0c553,-49977.26425573149,0.0041755871861823834,-50021.36908497333,0.009334766240499448,-50016.32420416667,0.0996740172936586,0.2252205630866228,0.0046040654051466845,-49984.801095429386,0.005902260345465038,0.005159179054317065,0.00042847821896430105,0.0017266731592826545
36,3202cffd426bc8dff681da24f16da2bd95c38b6ace23004cbbdadd10e8108f3b,-49977.26644026156,0.001991057113627903,-50021.37051069985,0.007909039719379507,-50016.323429499775,0.0985968566764184,0.2262048186312313,0.005378732297685929,-49984.80261574856,0.004381941173051018,0.005917982605751604,0.0033876751840580255,0.002390884059423115
37,369d211062c7224e1d6b8053d92f334672d8a13b574edbcc11cb25c931905b37,-49977.26501928298,0.0034120356940547936,-50021.3708250842,0.007594655369757675,-50016.31821336154,0.0964179111933812,0.2186573557410156,0.010594870531349443,-49984.801185157536,0.005812532195704989,0.004182619675702881,0.007182834837294649,0.0024004965016501956
38,da478e364281430a67382917843d325849e2b2342b830c3f6728aa823150d10c,-49977.2648037688,0.0036275498787290417,-50021.367818839855,0.010600899717246648,-50016.31979689053,0.0989997764757763,0.2272347088655806,0.009011341542645823,-49984.79864952999,0.008348159739398398,0.006973349838517606,0.0053837916639167815,0.004720609860669356
39,709da06b42fece0d23f444d38d803944675706351ce12d9759e820fcbf81db45,-49977.26647454791,0.001956770764081739,-50021.37081420724,0.0076055323297623545,-50016.3229930487,0.0983041075221817,0.2252131182685843,0.005815183372760657,-49984.8026669143,0.0043307754312991165,0.005648761565680616,0.0038584126086789183,0.0023740046672173776
40,ed2134aa40c0a30dd8620d1d284cd248dac88f3de4dfff370072bd772432bf92,-49977.26455913844,0.003872180233884137,-50021.37424784253,0.004171897046035156,-50016.32968795687,0.0984359650440891,0.2270661709408159,-0.0008797248010523617,-49984.80417363277,0.002824056959070731,0.00029971681215101853,-0.004751905034936499,-0.0010481232748134062
41,d6c8415254878c6f3ea001ea5d6581fbaf789bdae2fa36e3befdbfa68948d564,-49977.26499506484,0.003436253835388925,-50021.369513057005,0.008906682567612734,-50016.32023242831,0.0993339612970976,0.2290176101523684,0.008575803760322742,-49984.79795147219,0.009046217543072999,0.005470428732223809,0.005139549924933817,0.005609963707684074
42,66bf769cb867d3f66d022d4d4d728b91225db3c7a8507aa48b3c36756b850882,-49977.26648135075,0.0019499679256114177,-50021.37085404944,0.007565690131741576,-50016.32294291179,0.098370714995347,0.2254596950588165,0.005865320279553998,-49984.80248195124,0.0045157384884078056,0.005615722206130158,0.0039153523539425805,0.002565770562796388
43,a0f6410a12874b5f0e24042a2b6097c460f7224ab5105c29165472ef8077d90d,-49977.264969214026,0.0034621046506799757,-50021.37187800864,0.00654173093062127,-50016.32161518422,0.0998639899064993,0.2277413774863816,0.00719304785161512,-49984.80141954908,0.005578140648140106,0.0030796262799412943,0.003730943200935144,0.0021160359974601306
44,c2fa304db30eb1b24b94d65e904c703d406fae01c7b2d110437b75cf366ef0b9,-49977.26457492104,0.003856397634081077,-50021.369798936605,0.008620802967925556,-50016.32136074448,0.0965165801862694,0.2251925730961375,0.007447487594617996,-49984.80142821043,0.005569479304540437,0.004764405333844479,0.0035910899605369195,0.0017130816704593599
45,4334f509a6a1071326f7a54f66766d855cf6f126dac600043c52562c8bddb1b8,-49977.26648271132,0.0019486073579173535,-50021.37094360455,0.007476135026081465,-50016.32295533381,0.0984108556267223,0.2255151085482793,0.005852898262673989,-49984.80250446826,0.004493221473239828,0.005527527668164112,0.0039042909047566354,0.0025446141153224744
46,4e6a8b683c83a2b5b908c86f6d9c896aa7543b3ecdd7fa4c2dc047b30a48b115,-49977.2650372425,0.003394076178665273,-50021.36947463648,0.008945103094447404,-50016.32100824019,0.0981435127760672,0.2248640845937188,0.007799991879437584,-49984.80260119298,0.004396496748086065,0.005551026915782131,0.0044059157007723115,0.0010024205694207922
47,5ce5cff490f27d2e6282bcf79c30e75584aaa6fd5403ea73aa21ac54e93e121f,-49977.265202415605,0.0032289030714309774,-50021.3728309703,0.0055887692724354565,-50016.32347509527,0.0971848561327121,0.2210839883118751,0.00533313680352876,-49984.80201127341,0.004986416322935838,0.002359866201004479,0.002104233732097782,0.0017575132515048608
48,2e28591d4e6d961e37493d1ed10e5d2a0aca493c2c04cdfb2d2c286dc36b4e06,-49977.26648924205,0.0019420766257098876,-50021.37118008268,0.007239656893943902,-50016.32309980468,0.0983185954941956,0.225190611949074,0.005708427393983584,-49984.80257097697,0.00442671275959583,0.0052975802682340145,0.0037663507682736963,0.0024846361338859424
49,bbb59b955ee21f933ac483b61f8fcfcc22111ca56234588a87252451d0061e30,-49977.26545303247,0.002978286203870084,-50021.37366192848,0.004757811089802999,-50016.32049430515,0.0985112240011733,0.223582922721107,0.0083139269190724,-49984.80088852922,0.006109160509367939,0.001779524885932915,0.005335640715202317,0.003130874305497855
50,24e716315a6dc6c24c242865552315a16f326654a7cc0262551bb4a3b45ec425,-49977.264799687095,0.0036316315818112344,-50021.36642947753,0.011990262042672839,-50016.31785541134,0.0984194207251013,0.2245255110465223,0.010952820732200053,-49984.79953013616,0.007467553572496399,0.008358630460861605,0.007321189150388818,0.003835921990685165
51,558aaa77912ef7ff2ef897c6eac49d33c04c3484a641ea9292005714e9d6ccd1,-49977.26649386799,0.0019374506882741116,-50021.37141963524,0.007000104335020296,-50016.32303404679,0.0983356757085653,0.2251092011574655,0.005774185279733501,-49984.80254987476,0.004447814972081687,0.005062653646746185,0.0038367345914593898,0.0025103642838075757
52,4283e05d5119182e2284f300a0df745eaa9c3d600d7684d736a7e0a58f6270f3,-49977.26534772441,0.003083594267081935,-50021.36598385157,0.012435888005711604,-50016.31882993034,0.0979684362304591,0.2230313673862838,0.0099783017358277,-49984.80000182885,0.006995860880124383,0.009352293738629669,0.006894707468745764,0.003912266613042448
53,cc9ecfe7058a694224d08cf29c23586720e3dfa04351f897475e2b44f01d348b,-49977.26548296499,0.0029483536854968406,-50021.37268942044,0.0057303191351820715,-50016.32223656333,0.1004401972634776,0.2281832514418056,0.006571668745891657,-49984.80253767887,0.004460010859475005,0.002781965449685231,0.003623315060394816,0.0015116571739781648
54,0b62c5dc835402b3812b7b611b09e74629b34a686190c8f0458bd8c615b71785,-49977.26650747369,0.0019238449895055965,-50021.37169772064,0.00672201893030433,-50016.32309781784,0.0985536901202609,0.2254504366210312,0.005710414232453331,-49984.80268665419,0.004311035540013108,0.004798173940798733,0.003786569242947735,0.002387190550507512
55,bf4e497500a7276b3147faafdf1ea411d63b7f39e111675b32bf2d57797e5f0c,-49977.26547371313,0.0029576055458164774,-50021.37282145122,0.005598288349574432,-50016.32508786974,0.0990007984561272,0.2265069932618644,0.0037203623287496157,-49984.80294409019,0.004053599543112796,0.0026406828037579544,0.0007627567829331383,0.0010959939972963184
56,6451d4095347feceefb3e69be9684b73ab0c59d8175c95c0b0df9fe93debfee9,-49977.2650255416,0.0034057770753861405,-50021.37013030776,0.008289431811135728,-50016.324465116966,0.0990405883937079,0.2268796940261381,0.004343115106166806,-49984.802461126485,0.004536563246801961,0.004883654735749587,0.0009373380307806656,0.0011307861714158207
57,1c9056205ffb8be7b3b6fd554cf1fb6e12c38f5e8678144b7d68839991b3c986,-49977.26654393694,0.001887381738924887,-50021.37212105753,0.0062986820412334055,-50016.32366093028,0.0986185624144811,0.2256146453146357,0.005147301795659587,-49984.80295621359,0.00404147613880923,0.0044113003023085184,0.0032599200567346998,0.002154094399884343
58,f937141347882dab4f0c6716a3de3f29b9f1e744c92f1fa293b025fc92da2e07,-49977.26528160074,0.0031497179370489903,-50021.36723676999,0.011182969581568614,-50016.319095574014,0.0972644239160499,0.22272045743739,0.009712658058560919,-49984.8022739837,0.00472370602801675,0.008033251644519623,0.006562940121511929,0.0015739880909677595
59,c3429f3e9b4b0bd9816411346b2846e92520f0d8730f4c7309f8a6f1544dab1a,-49977.2651354756,0.0032958430747385137,-50021.372869184575,0.005550554997171275,-50016.32697798999,0.0995714662490264,0.2266218471049796,0.0018302420794498175,-49984.80374031001,0.003257379721617326,0.0022547119224327616,-0.0014656009952886961,-3.846335312118754e-05
60,32dad2515634345927b5ad558230ee7a684e193a7b14a2be36dd1d018d391d07,-49977.266544481165,0.0018868375118472613,-50021.37206042633,0.006359313243592624,-50016.32360463074,0.0985908696765975,0.2255566543681197,0.005203601329412777,-49984.80297081666,0.004026873073598836,0.004472475731745362,0.0033167638175655156,0.0021400355617515743
61,92d8b5563a4185df2364fad0480c5a42fbda5295028dcf672a9ecb917570e8e5,-49977.26546255646,0.0029687622154597193,-50021.37486954711,0.0035501924648997374,-50016.32212970873,0.0993196172655024,0.2273167684033978,0.006678523342998233,-49984.804846453895,0.002151235836208798,0.0005814302494400181,0.0037097611275385134,-0.0008175263792509213
62,951ff4b1d60d33e375ec35c5a26be16307ea935b140e383c369d8b51bf0e3da5,-49977.26565494095,0.002776377725240309,-50021.37353235407,0.004887385504844133,-50016.32363851092,0.0996708514090045,0.2291765067711821,0.005169721152924467,-49984.80250083624,0.004496853493037634,0.002111007779603824,0.002393343427684158,0.0017204757677973248
63,a0366e55b888c4c6383725f2971768d202d737619a5075ccd116d359390f74b3,-49977.26655509361,0.0018762250692816451,-50021.37232158141,0.006098158162785694,-50016.3237250115,0.0986961813750248,0.2259068593411939,0.005083220574306324,-49984.803031046205,0.003966643525927793,0.004221933093504049,0.003206995505024679,0.002090418456646148
64,6235424fb8536f8212cedd10078bf4b1539a1e931582469dfed162a3d14b37ac,-49977.26570909162,0.0027222270582569763,-50021.37062021171,0.0077995278625166975,-50016.320744962526,0.0981859450800907,0.2233143518678844,0.00806326954625547,-49984.802971249104,0.004026440627058037,0.005077300804259721,0.005341042487998493,0.0013042135688010603
65,e4d6b72568922637455cd17c322d65c40257d91108a50966fa0b946530f01214,-49977.26546663817,0.002964680505101569,-50021.36888478858,0.00953495099383872,-50016.32245117983,0.0989829310365038,0.225898865799536,0.006357052239764016,-49984.80172808332,0.005269606408546679,0.006570270488737151,0.003392371734662447,0.0023049259034451097
66,9ad91359e265d536824c9f5d34c6a8ed6f6995a7146b0e14bede6d49205ffcaf,-49977.26656815507,0.0018631636048667133,-50021.37226368212,0.006156057454063557,-50016.323535746014,0.0986352512391636,0.225626372906845,0.00527248605794739,-49984.8031415816,0.003856108131003566,0.004292893849196844,0.0034093224530806765,0.001992944526136853
67,6689da4b2216558dfca084fca9d2213638793d6d5d26087b937c7d8d80098750,-49977.26537956173,0.003051756946661044,-50021.372221276535,0.006198463037435431,-50016.323552061855,0.0985448871011959,0.2257108349294867,0.005256170217762701,-49984.80062476906,0.006372920674039051,0.003146706090774387,0.0022044132711016573,0.003321163727378007
68,9a6a92c9a96fb835dd3f69c33784d49bb74383eab1452fee634729934a8cdafb,-49977.26570582625,0.002725492427998688,-50021.369809906704,0.008609832868387457,-50016.32093262578,0.1005842375775974,0.2303533000595052,0.007875606293964665,-49984.80335775804,0.003639931688667275,0.005884340440388769,0.005150113865965977,0.0009144392606685869
69,45ca35b2d71f610cd9daef67baaf93da7bae5f53acd3b5eb05bd07df63c548b6,-49977.26657033198,0.0018609866965562105,-50021.37220411611,0.006215623463504016,-50016.32347188528,0.0987229817664764,0.2258260035741841,0.00533634679595707,-49984.80319742922,0.0038002605142537504,0.004354636766947806,0.0034753600994008593,0.00193927381769754
70,4209793e5eb7e6544f957c8b24e3f8f5043d13ad4bb67794c239806bf2b52a5a,-49977.26563262762,0.002798691057250835,-50021.37522742574,0.003192313830368221,-50016.322825759344,0.0982125744306283,0.2234005242062267,0.005982472728646826,-49984.80304813144,0.003949558289605193,0.0003936227731173858,0.003183781671395991,0.0011508672323543578
71,00d282ba1e4e36ae9b0d3b63c7b233f526549b1ab82716af4bc658b787ed858f,-49977.26578229024,0.002649028436280787,-50021.37553309568,0.002886643895180896,-50016.32368784673,0.0994376947078839,0.2277181334429769,0.005120385343616363,-49984.80514613431,0.0018515554183977656,0.00023761545890010893,0.0024713569073355757,-0.0007974730178830214
72,544686d09153974b5debca318b88505650784ade28bc6822a6d4b111da9999f7,-49977.26657033198,0.0018609866965562105,-50021.37226226056,0.006157479016110301,-50016.32348795224,0.0987325778795351,0.2258650022631627,0.005320279829902574,-49984.80323961865,0.003758071077754721,0.0042964923195540905,0.003459293133346364,0.0018970843811985105
73,7d12817199923fc5d1f66775da9c1f2a473137c1d06096c26f21185f6e0cad5d,-49977.26561684501,0.002814473664329853,-50021.37542538994,0.002994349633809179,-50016.32553657109,0.099772344485718,0.2282621245467453,0.0032716609857743606,-49984.80413443545,0.002863254281692207,0.00017987596947932616,0.0004571873214445077,4.878061736235395e-05
74,81d777267a6442fe2966122ecf86441c18ec0296a9e47e428479c159a307eada,-49977.26571453389,0.0027167847874807194,-50021.369166284814,0.009253454758436419,-50016.324113092014,0.0976784276447755,0.2231211864782381,0.004695140058174729,-49984.80192974668,0.005067943049652968,0.0065366699709557,0.00197835527069401,0.002351158262172248
75,14dff8b06b611c176902b343feaf9d1bb27af152f4e1283a40a83c8d59348795,-49977.26657114832,0.001860170355939772,-50021.37221268424,0.006207055332197342,-50016.32352978818,0.0987030634255098,0.2257863131162594,0.00527844389580423,-49984.80323170719,0.0037659825393348,0.00434688497625757,0.003418273539864458,0.0019058121833950281
76,84178dfa8da7daff9cc0d857d53c4b44ba710564aa36229c3e495b283356a33f,-49977.26596542287,0.0024658958063810132,-50021.37012883229,0.008290907280752435,-50016.32147348768,0.0981845955588602,0.2231762540905038,0.007334744390391279,-49984.80134534888,0.005652340849337634,0.005825011474371422,0.004868848584010266,0.0031864450429566205
77,dd53d81c0b5d6b3ff1fba35913128bc974fbdae455dfc9e6ad14fe1747eb8b6d,-49977.26598828044,0.0024430382400169037,-50021.37167752234,0.006742217236023862,-50016.320763672375,0.0968371354671262,0.2222469137705047,0.008044559697736986,-49984.80265249371,0.004345196022768505,0.004299178996006958,0.005601521457720082,0.0019021577827516012
78,6f0620869a458ab67c3eb5a186917c0423b8672325f5df9f5e3a113526410b37,-49977.266572236775,0.0018590819017845206,-50021.37222488332,0.006194856250658631,-50016.32345027071,0.0986263104355494,0.2256380592079949,0.005357961359550245,-49984.803237191474,0.003760498257179279,0.004335774348874111,0.0034988794577657245,0.0019014163553947583
79,0e04d72353ac1836cb77361aafc599a30dbc7b4ff0246abce3d45b0be94d360c,-49977.26556296647,0.0028683522032224573,-50021.37337951593,0.005040223644755315,-50016.32510504337,0.0980305696003626,0.2234530121495481,0.003703188704093918,-49984.802240770594,0.004756919137435034,0.0021718714415328577,0.0008348365008714609,0.0018885669342125766
80,e97152d7390a6cd60b76ac44bfff2574e7bdbb8dc7bd6b063aefc971c4fee1a6,-49977.26590011554,0.00253120313573163,-50021.37353920665,0.0048805329206516035,-50016.32609623483,0.100149698168741,0.2296831148487399,0.0027119972437503748,-49984.803941038495,0.0030566512359655462,0.0023493297849199735,0.00018079410801874474,0.0005254481002339162
81,f31ee2270213904c2c36052bdf49c55da29d5d2285b3f82bfbc5226e5304869a,-49977.26657305312,0.0018582655538921244,-50021.372303396085,0.006116343487519771,-50016.32357776105,0.0986847323889051,0.2257833500843844,0.005230471018876415,-49984.80328890714,0.0037087825912749395,0.004258077933627646,0.0033722054649842903,0.001850517037382815
82,52f8d81637ab4d34c89f46f611e8558adff706178970cf41bfac73d5237fc873,-49977.265985015074,0.002446303602482658,-50021.37058620199,0.00783353758015437,-50016.32006328103,0.0987947371943235,0.2259264431268093,0.00874495103926165,-49984.801493806764,0.005503882966877427,0.005387233977671713,0.006298647436778992,0.003057579364394769
83,f7a187983451fa4d78ce1f6d7b147438422e3238bb7eccde6c59d916f256b775,-49977.26595453832,0.0024767803552094847,-50021.37132932068,0.00709041889058426,-50016.324365436456,0.0997878951150001,0.2291254452866269,0.004442795616341755,-49984.80334331245,0.003654377280327026,0.0046136385353747755,0.00196601526113227,0.001177596925117541
84,9f9004a07e1c013c63282fa7d524170a7d488860279aece350734d21b5c9741b,-49977.26657767906,0.0018536396164563484,-50021.37223570296,0.006184036610648036,-50016.32335764798,0.0986891899175664,0.2257894486974692,0.005450584088976029,-49984.80320719293,0.003790496804867871,0.0043303969941916876,0.003596944472519681,0.0019368571884115227
85,93c59dd7283499bd27b1d923d1959837f2b9986103179b092bc230e8027fd8a6,-49977.26603590037,0.002395418305241037,-50021.37143363204,0.006986107531702146,-50016.31842503738,0.0989375083280477,0.224616606516065,0.010383194690803066,-49984.8009976948,0.005999994929879904,0.004590689226461109,0.007987776385562029,0.0036045766246388666
86,9b2079a69635f802ba085a7d2fa969cc9311393d2a1e20f153916bedec037140,-49977.265927599045,0.0025037196319317445,-50021.37427902119,0.0041407183816772886,-50016.32358532426,0.0995412955108972,0.2280486238960293,0.005222907813731581,-49984.804994466846,0.002003222885832656,0.001636998749745544,0.0027191881817998365,-0.0005004967460990883
87,7eda65e1081b9df93fb6885d7a8041072bcdec4d5c4568133cff2866c7f63cf0,-49977.26658557036,0.0018457483165548183,-50021.37223784447,0.006181895099871326,-50016.32291158236,0.0987174137729603,0.2256728472493705,0.005896649709029589,-49984.80304855139,0.003949138343159575,0.004336146783316508,0.0040509013924747705,0.0021033900266047567
88,1519bc8ba3a51fd9bb3b0cdd98486b0039abb10de7d610553b5a3bc957852d30,-49977.26610964322,0.002321675456187222,-50021.37087002239,0.007549717185611371,-50016.321641943054,0.0982931664016952,0.2241236188856419,0.007166289018641692,-49984.80091251355,0.0060851761809317395,0.005228041729424149,0.0048446135624544695,0.0037635007247445174
89,3482cd43f7bf88375c7cd64638858dee5b68d196f0527b85da7cda0f815e91fb,-49977.26585086293,0.002580455744464416,-50021.37274578898,0.005673950588970911,-50016.32413339071,0.0986630730490197,0.2275138912009424,0.004674841358792037,-49984.803649074565,0.003348615166032687,0.0030934948445064947,0.0020943856143276207,0.0007681594215682708
90,5480868e8e17a6c2d7b6c73cdfce24137013e4f33e300f9989b0b9ce711caf6d,-49977.2665901963,0.0018411223791190423,-50021.37217911175,0.006240627822990064,-50016.32286593049,0.0986762082710515,0.225526060523407,0.00594230158458231,-49984.8029197509,0.004077938829141203,0.004399505443871021,0.004101179205463268,0.002236816450022161
91,8c975fa0b324893642b5ee0cdb4f229de5213f8f766c3ae3c74348b26a82451c,-49977.26608324817,0.0023480705058318563,-50021.37254448002,0.00587525955052115,-50016.32470086815,0.098429150192179,0.2276590464243781,0.004107363922230434,-49984.803628919726,0.0033687700051814318,0.003527189044689294,0.0017592934163985774,0.0010206994993495755
92,4b7e7a65f2ca92f3fa183097ff8cd333a66c103bf1da58a9bfa2573c0465f8e1,-49977.26605875793,0.0023725607461528853,-50021.37237175011,0.006047989460057579,-50016.3247546442,0.1004205970186638,0.2298611280712066,0.004053587872476783,-49984.80294840462,0.004049285111250356,0.0036754287139046937,0.0016810271263238974,0.0016767243650974706
93,c2b155bc9028b095c672110d3f232a2ddd64aeec52918a0d5c741fd96914d902,-49977.26659754337,0.0018337753062951379,-50021.37229557675,0.006124162820924539,-50016.3231462318,0.0986456386526816,0.2257476175727788,0.005662000272423029,-49984.80306380437,0.003933885360311251,0.004290387514629401,0.003828224966127891,0.0021001100540161133
94,b2f4c8740c91f626c35e216c5439907765300752544d6eaccfcf82dbfb416e13,-49977.26596270173,0.0024686169490450993,-50021.373102088975,0.005317650597135071,-50016.31980697229,0.097225325250096,0.2245799552183598,0.009001259779324755,-49984.80211769935,0.004879990381596144,0.0028490336480899714,0.006532642830279656,0.002411373432551045
95,e1a87938b57f40a67a4e286a41958dc2d853c47469a254cc4f08fd066212171e,-49977.2659069184,0.002524400275433436,-50021.37252140037,0.0058983392009395175,-50016.32554484089,0.0983765323970761,0.2236589989042841,0.003263391183281783,-49984.80440238256,0.0025953071744879708,0.0033739389255060814,0.000738990907848347,7.090689905453473e-05
96,8a63fbcd3a53a39b567bade63b7b47520a339a786452cbc3a6c24d5f1e69bdf4,-49977.266600264506,0.0018310541709070094,-50021.372396503815,0.00602323575731134,-50016.32300755443,0.0985670667130032,0.2256928042916115,0.005800677645311225,-49984.80305621288,0.003941476854379289,0.004192181586404331,0.003969623474404216,0.0021104226834722795
97,3684c4a0ef0d976a6a2a5b7e0885cfdf8222c46915a45e3028dfe9bae8282461,-49977.26616896404,0.002262354639242403,-50021.37535497752,0.0030647620515082963,-50016.325452616045,0.099727003476546,0.2275157171534374,0.0033556160269654356,-49984.80445555553,0.002542134199757129,0.0008024074122658931,0.0010932613877230324,0.00027977956051472574
98,f089bf66014809dd753f268fc1cc9a4dfe6267bdce37b911a7f0f7ff0b91aec3,-49977.26609032314,0.002340995539270807,-50021.37279181144,0.005627928134344984,-50016.32409925354,0.0990727909190728,0.2270699756336398,0.0047089785293792374,-49984.80494995522,0.0020477345096878707,0.003286932595074177,0.0023679829901084304,-0.0002932610295829363
99,b923aec5d3a52dfdcd9a056cead3ab8e4f999272aaf75c68dc01c2d71042a69e,-49977.26660815581,0.0018231628637295216,-50021.37282845174,0.005591287830611691,-50016.32336919263,0.0986974285810223,0.2258946642905357,0.005439039443444926,-49984.80329255666,0.0037051330727990717,0.0037681249668821692,0.0036158765797154047,0.00188197020906955
100,2d69ea2ce2addbc4e91883d58b227f4756f7e60cbc750a5a7f48d3f7fb2fa113,-49977.26617304575,0.002258272928884253,-50021.37504488522,0.00337485435011331,-50016.31878743403,0.0953116527970003,0.2171022572729271,0.010020798043115065,-49984.802247927146,0.004749762585561257,0.001116581421229057,0.007762525114230812,0.002491489656677004
101,4b52968b557bea188e67b93e028d0dd0ee213aec667f1e6c39361aa41db3623e,-49977.26623780885,0.002193509826611262,-50021.372663153335,0.00575658623711206,-50016.321559476135,0.1002668824183559,0.2282195996376685,0.007248755937325768,-49984.80115932595,0.005838363780640066,0.0035630764105007984,0.005055246110714506,0.003644853954028804
102,146747f64940b7fee0315cf1d92b6ade912cd7e302daadf28ff60a46283c4fd7,-49977.26661169329,0.0018196253877249546,-50021.37287435997,0.005545379601244349,-50016.32326125806,0.0988426741868349,0.2261080129974289,0.0055469740109401755,-49984.803148150735,0.0038495389962918125,0.0037257542135193944,0.003727348623215221,0.002029913608566858
103,81611889accb7ec1f94ee9fa262b343d6f9b7f7b99b30c821d3b72cf0ba6ebc6,-49977.26611236436,0.002318954313523136,-50021.37385044315,0.004569296419504099,-50016.32253684827,0.0984602234511344,0.2251918882393511,0.00627138380514225,-49984.80433441403,0.0026632756998878904,0.0022503421059809625,0.003952429491619114,0.0003443213863647543
104,3f31c052f78562b678a9d02976dc73f148ededa372435f58cbb3344d7c7e9262,-49977.26604161475,0.002389703928201925,-50021.370970354976,0.0074493845968390815,-50016.32370580839,0.0970385124385151,0.2215875012916512,0.005102423681819346,-49984.80502814989,0.0019695398441399448,0.0050596806686371565,0.002712719753617421,-0.00042016408406198025
105,98507903693367f6d2fa011846f2d8c647d7fff0d9fcf57a7fbf7d33525d6d3a,-49977.032391865,0.23603945367358392,-50021.28544239112,0.09297734845313244,-50016.22500058648,0.0921511925068389,0.2084753650342463,0.10380764559522504,-49984.65471295588,0.15228473384922836,-0.14306210522045149,-0.13223180807835888,-0.08375471982435556
106,9cff9afc4345701e150a3bf04709d16b886fc4e0ac4573540b4fb26c488e4655,-49977.26746449812,0.0009668205530033447,-50021.37727215258,0.0011475869905552827,-50016.32737435245,0.0986751549034821,0.2256831723061623,0.0014338796245283447,-49984.80604908503,0.0009486046983511187,0.000180766437551938,0.00046705907152500004,-1.821585465222597e-05
107,23898817d9933f588137cd9bb9ff90208dc7e995b478bde3f086e8f8add7936f,-49977.20699834936,0.06143296931986697,-50021.251342924654,0.12707681491883704,-50016.2077886535,0.1003414821215453,0.2308021885546622,0.12101957857521484,-49984.70802238643,0.09897530329908477,0.06564384559897007,0.05958660925534787,0.0375423339792178
108,7f22fdeea1eed0b5c9ec96b149849134625e6ad08f0d58611059878ea1a134d3,-49977.25796745229,0.010463866383361164,-50021.353829110085,0.024590629487647675,-50016.30477503628,0.1005945104347922,0.2287065364434966,0.02403319579025265,-49984.78669780375,0.020299885982240085,0.01412676310428651,0.013569329406891484,0.00983601959887892
109,ba721acc704a61ebf4f7de7f28313081c54e2381741e905215789986f3896978,-49977.06124763508,0.20718368359666783,-50021.287124563045,0.09129517652763752,-50016.22203718012,0.0929023541826844,0.2109639761911239,0.10677105194918113,-49984.660755050245,0.14624263948644511,-0.11588850706903031,-0.1004126316474867,-0.06094104411022272
110,50d6f76e7bdbc9dad047a6a20dd95860420dcfe28fe1c765e23113aead28bed1,-49977.26755402359,0.0008772950895945542,-50021.37792002735,0.0004997122232452966,-50016.32795103469,0.0986466886782303,0.2256117198994616,0.0008571973812649958,-49984.80642850991,0.000569179821468424,-0.00037758286634925753,-2.0097708329558372e-05,-0.0003081152681261301
111,8c74968d6365cd0163b105996b94d84b1791d911265b2781318353220cad802d,-49977.23886614776,0.02956517091661226,-50021.37687393864,0.0015458009293070063,-50016.32680076812,0.0970505274982745,0.2237861776739009,0.0020074639542144723,-49984.79599565555,0.011002034181728959,-0.028019369987305254,-0.027557706962397788,-0.0185631367348833
112,c3d0fd703791719892a7c1a84d6f15fd8a85044d93cf7303691065b1d2756966,-49977.24411440778,0.024316910894413013,-50021.33540810896,0.04301163061609259,-50016.28944766159,0.1007593856342748,0.2332496382368845,0.03936057048122166,-49984.77382814128,0.03316954844922293,0.018694719721679576,0.015043659586808644,0.008852637554809917
113,e27f1bd3dd0c944d74f22614d39462a89a1ca99fa8a3293d3b706453aade20c5,-49977.118138751954,0.1502925667227828,-50021.27395158671,0.10446815286559286,-50016.21548652103,0.0985258418059149,0.2293327181832865,0.11332171104004374,-49984.67600049888,0.13099719084857497,-0.04582441385718994,-0.03697085568273906,-0.01929537587420782
114,513a089f1b44c92cc9c32642d0bdfa7d378f6bd70cc336d4201704e727e70553,-49977.26756844562,0.0008628730574855581,-50021.37807368526,0.0003460543157416396,-50016.32806361778,0.0986474622270893,0.2256210125924553,0.0007446142917615362,-49984.80649846568,0.0004992240501451306,-0.0005168187417439185,-0.00011825876572402194,-0.0003636490073404275
115,271d3e339ebde983265893f5f1c9c12df4d59f3add08c0f6e170b862fedb40dc,-49977.22671327064,0.0417180480362731,-50021.38676598084,-0.008346241265826393,-50016.33116954324,0.0962283582526413,0.2201101165192085,-0.002361311169806868,-49984.79246319217,0.014534497560816817,-0.050064289302099496,-0.04407935920607997,-0.027183550475456286
116,649f058f517cb0707d5b517955017a513cc56ce64df2e5abc2c7a2d3b1176f7f,-49977.24539524772,0.023036070953821763,-50021.346579472855,0.031840266718063504,-50016.294064205926,0.1001712892826455,0.228923247064813,0.034744026146654505,-49984.7769302565,0.03006743323203409,0.00880419576424174,0.011707955192832742,0.0070313622782123275
117,852cb3a1209742e1e2c30e39cc55db9bbf68f12e4232baee61e904b63f0b49ac,-49977.00278995871,0.2656413599688676,-50021.18678711798,0.19163262159418082,-50016.12608431709,0.0950319731027611,0.2104146491838037,0.20272391498292563,-49984.58239682602,0.2246008637084742,-0.0740087383746868,-0.06291744498594198,-0.04104049626039341
118,fd81c4bc5e2fff084f8a9ff7570f4588977da5114dd2ac412c31c9ea9b6091ee,-49977.26758640514,0.0008449135348200798,-50021.37816621713,0.0002535224411985837,-50016.32814432833,0.0986427287958505,0.2255975407242658,0.0006639037455897778,-49984.806553383416,0.00044430631533032283,-0.0005913910936214961,-0.00018100978923030198,-0.00040060721948975697
119,8b405f50e2ced0bf16d99e32c9b8401406d09546f5f3b703a3f95c69699296c1,-49977.24442788295,0.024003435726626776,-50021.39298343141,-0.014563691838702653,-50016.34343269237,0.0978517764644089,0.2237845757845207,-0.014624460294726305,-49984.80548334726,0.0015143424679990858,-0.03856712756532943,-0.03862789602135308,-0.02248909325862769
120,c27920a365a4fd42a047df402457de4e31c7e4e515babff6dfdbf12c380029c7,-49977.247225485546,0.02120583313080715,-50021.37368861521,0.0047311243615695275,-50016.32276398441,0.0996388827804417,0.228592549196037,0.0060442476606112905,-49984.79270431032,0.014293379412265494,-0.016474708769237623,-0.01516158547019586,-0.006912453718541656
121,f3f2a60f9f2aed95930ef8395f1e2c8cf67c2954fd4db7c3765bc75e87265aff,-49977.02099600864,0.24743531003332464,-50021.13180103939,0.2466187001846265,-50016.08217291746,0.0952073632863412,0.2134723027556901,0.24663531461555976,-49984.56197295393,0.2450247357992339,-0.0008166098486981355,-0.000799995417764876,-0.0024105742340907454
122,c4e5cc1ac1a624a9b01173227430aebac05d07818d6be0029e73000b8e90d8e1,-49977.2258642754,0.042567043274175376,-50021.32544372314,0.052976016435422935,-50016.275477847856,0.0991433062277379,0.2303369453293271,0.053330384216678794,-49984.756590115845,0.0504075738863321,0.010408973161247559,0.010763340942503419,0.007840530612156726
123,e125100a8675d55b7fc2125bdab1471fd3ccb3d634173e89988c01ab86319f8a,-49977.26757742538,0.000853893296152819,-50021.37792981141,0.0004899281630059704,-50016.32789345245,0.098645695344512,0.2256826942029874,0.0009147796226898208,-49984.80637145245,0.0006262372844503261,-0.00036396513314684853,6.088632653700188e-05,-0.00022765601170249283
124,e7b1dd5af3de0abff26489fca9e1fb598be770132b21d99bca1921e305a3adc8,-49976.999285948536,0.26914537014090456,-50021.25572616355,0.12269357602053788,-50016.19913628258,0.0896663198785358,0.1995410184390493,0.1296719494930585,-49984.62620437424,0.18079331549233757,-0.14645179412036669,-0.13947342064784607,-0.08835205464856699
125,9bd7bde645f783074c87158851b3177d79293d76432664e984095040a52ebb10,-49977.25097521453,0.01745610414945986,-50021.36953467535,0.008885064220521599,-50016.31933887009,0.0937577258516531,0.2173072686200612,0.009469361983065028,-49984.79362184912,0.01337584060820518,-0.008571039928938262,-0.007986742166394833,-0.004080263541254681
126,cfc7735b3905e9da312485b29eff7e9c7a205ba6027a9b2025b7adc01cd68080,-49977.26768817572,0.0007431429548887536,-50021.37835524492,6.44946558168158e-05,-50016.32832347274,0.0985899854293832,0.2255140157067217,0.0004847593299928121,-49984.80669296748,0.0003047222489840351,-0.0006786482990719378,-0.00025838362489594147,-0.0004384207059047185
127,229ddb126f41838a4cba041c017a9ecf9495fa1ff0be0e2061ffb04ad3972bf1,-49977.220942824126,0.04748849455063464,-50021.326810142,0.05160959756904049,-50016.27813952726,0.1014170852027628,0.2278299826721195,0.05066870481095975,-49984.76101622868,0.045981461051269434,0.004121103018405847,0.0031802102603251114,-0.0015070334993652068
128,dcc77b2cbb5bc7a33a829fb4eae7f0c94967e8f01e1d037060729da5ad963b38,-49977.23187173309,0.0365595855837455,-50021.357570740656,0.020848998916335404,-50016.301117911375,0.0994097755325829,0.224631458899239,0.027690320697729476,-49984.77734750639,0.029650183343619574,-0.015710586667410098,-0.008869264886016026,-0.006909402240125928
129,91d9e6ea3b774408c76f6d6e584e6a8d92bbb3f72f78a1a641fa613c790353dd,-49977.21263192261,0.055799396068323404,-50021.32943154138,0.04898819819209166,-50016.2831914091,0.0951333662479882,0.2121894677111413,0.04561682297207881,-49984.76236404813,0.044633641598920804,-0.006811197876231745,-0.010182573096244596,-0.0111657544694026
130,9e2618d2216fdf112a1bc3f0cd2272eab1f85a0fcd6490726027ef5612c42635,-49977.177362156726,0.09106916195014492,-50021.315998342885,0.06242139668756863,-50016.24723280842,0.1036384181950835,0.2374686581897549,0.08157542365370318,-49984.71851169334,0.08848599639168242,-0.028647765262576286,-0.009493738296441734,-0.002583165558462497
131,2c8d6fc8a72ef717f7a59ae832188a3f5694b92974762773219009c8c1f2a347,-49977.216179471,0.0522518476791447,-50021.32206765437,0.05635208520106971,-50016.28096604577,0.0951485519508893,0.2147460843771114,0.047842186300840694,-49984.76200277586,0.04499491387105081,0.00410023752192501,-0.004409661378304008,-0.0072569338080938905
132,0947b231ae5e8aa87a15fac3eb8a5c3dd580799dee55ad1bf7a3d2f0e75f8f91,-49977.19178364709,0.07664767158712493,-50021.33881902278,0.03960071679466637,-50016.266499282494,0.1026824590057578,0.2355770696231047,0.06230894957843702,-49984.73597545896,0.07102223076799419,-0.037046954792458564,-0.01433872200868791,-0.005625440819130745
133,e471fe685eabe6b2357d36d54099eb05584d09656ebae40003640e378b009441,-49977.22855439302,0.03987692565715406,-50021.3320748932,0.046344846370629966,-50016.29222358034,0.0955152820732097,0.2167053375160321,0.03658465173066361,-49984.77258313074,0.03441455899155699,0.006467920713475905,-0.003292273926490452,-0.005462366665597074
134,ea70a0efb1e2324904f7ad7438b2c58d6365265d003dcd7308e849ed370fc7ed,-49977.2158360633,0.0525952553798561,-50021.36156618511,0.016853554465342313,-50016.2897377432,0.1015598507414133,0.2313365408190293,0.039070488870493136,-49984.76016052921,0.04683716052386444,-0.035741700914513785,-0.013524766509362962,-0.005758094855991658
135,659898ff3fd600f481492f53de58f0d0b5d7cf28984e26ef37072b909ae8f208,-49977.23098899573,0.03744232294411631,-50021.33373861168,0.04468112789618317,-50016.29526304975,0.0955515899806766,0.2174869307782501,0.03354518231935799,-49984.77477625104,0.03222143869061256,0.007238804952066857,-0.003897140624758322,-0.005220884253503755
136,850f81586d8f161da3a5355b44df9369297b4b095bd5f6773832cf098a215261,-49977.22535406191,0.043077256763353944,-50021.3699140674,0.00850567217275966,-50016.29826946678,0.1009023806913914,0.2290046051057288,0.03053876529156696,-49984.76927985459,0.037717835140938405,-0.034571584590594284,-0.012538491471786983,-0.005359421622415539
137,3c0e343f220af58ee9085ffaea7b41be955a485460a25865c23c092b93832faf,-49977.230827360094,0.037603958582622,-50021.33285727678,0.045562462793895975,-50016.29562534942,0.0955414624125417,0.2179786874548881,0.03318288265290903,-49984.77458790842,0.032409781313617714,0.007958504211273976,-0.00442107592971297,-0.005194177269004285
138,c3917ff8d7ee1cbd782376a24d65674da4aa9c56d782c19ea4b88bce00fa7482,-49977.23031796295,0.03811335572390817,-50021.37411727134,0.0043024682308896445,-50016.302577744274,0.1004475492644887,0.2278046273131622,0.026230487797874957,-49984.77387546253,0.03312222719978308,-0.03381088749301853,-0.011882867926033214,-0.004991128524125088
139,d4acade7b6bf5a67ed16d1c244347910b9398ec95290bfa89521aea1659836b9,-49977.22973264604,0.038698672637110576,-50021.3310825068,0.0473372327760444,-50016.29494778111,0.0955087116224185,0.2182881351182004,0.03386045095976442,-49984.77357752938,0.03342016035458073,0.008638560138933826,-0.004838221677346155,-0.005278512282529846
140,ba0bd94dbe9150279a0e884e87e3fd5d9e63292b986b326ae6f337ca6d70e35b,-49977.233323188426,0.035108130250591785,-50021.376637139576,0.0017825999966589734,-50016.30517835383,0.1001345539416156,0.2274291368230478,0.02362987824017182,-49984.77659148875,0.030406200981815346,-0.03332553025393281,-0.011478252010419965,-0.004701929268776439
141,70ee964cd8bc95350d17c168e33971a37ed715f4dcbfc12e3b46e1b5a05a1df8,-49977.22827057826,0.04016074041282991,-50021.328963601365,0.049456138207460754,-50016.2938125432,0.095461434654562,0.2184526416895096,0.03499568887491478,-49984.77224068347,0.03475700625858735,0.009295397794630844,-0.005165051537915133,-0.0054037341542425565
142,efebc5337a8fb35cbe5714813cc584a11a7a873667d18144cd21704bb4daeee7,-49977.26770722369,0.0007240949853439815,-50021.37833216736,8.757221075939015e-05,-50016.32834189391,0.0985833471170142,0.2255042597171268,0.00046633816236862913,-49984.80672014639,0.00027754333859775215,-0.0006365227745845914,-0.0002577568229753524,-0.0004465516467462294
143,e950c023ec084c96b1298c6ada07fc26bd7e2fd49496ec2497c8a638ccdf0c7f,-49977.24110455637,0.027326762305165175,-50021.32946524208,0.04895449749164982,-50016.28268554572,0.0974136952545995,0.2269781819923082,0.046122686355374753,-49984.76901434216,0.03798334757448174,0.021627735186484642,0.018795924050209578,0.010656585269316565
144,3165c0043f22e5d9ed0f4ef2bfc3368214c9d9a5a3be0f6e43e3c74a755c7529,-49977.23786068704,0.030570631635782775,-50021.35831062293,0.02010911664547166,-50016.31351599104,0.0999140815730556,0.2286140730648185,0.0152922410343308,-49984.78328711929,0.023710570443654433,-0.010461514990311116,-0.015278390601451974,-0.006860061192128342
145,c65b0cc3b03064715e4cae2976e3b479c2e5d5402b827f5f9ea012b0221f2223,-49976.76146469329,0.5069666253839387,-50020.85701957082,0.5214001687490963,-50015.81224541814,0.0869148223290187,0.2065793984293122,0.5165628139293403,-49984.29924393679,0.5077537529432448,0.014433543365157675,0.009596188545401674,0.0007871275593061
146,e3dac88b6b820c286d8fda82fc08e21439c96e4798645ab6ddedeece447a3f1e,-49977.267705591,0.0007257276738528162,-50021.3783153451,0.00010439447214594111,-50016.32832670813,0.0985784342224879,0.2254987797423382,0.0004815239444724284,-49984.80671370724,0.00028398248832672834,-0.0006213332017068751,-0.0002442037293803878,-0.0004417451855260879
147,31dce17ffc8fea6fd81dfdaac57b5241976b60610cc6e099a08167b196fbaf22,-49977.23123988471,0.03719143396301661,-50021.39334738992,-0.014927650350728072,-50016.339499039546,0.0937125796071126,0.2143720626700087,-0.010690807474020403,-49984.79663275389,0.010364935842517298,-0.05211908431374468,-0.04788224143703701,-0.02682649812049931
148,8f035af2a509ddf4843030d072d00ac6f70837bdd5e30b0d593ca782fc94302a,-49977.238512943964,0.029918374711996876,-50021.34816963822,0.03025010135024786,-50016.30213781228,0.0985372920159513,0.224193500536785,0.026670419792935718,-49984.77474857719,0.03224911254073959,0.00033172663825098425,-0.003247954919061158,0.0023307378287427127
149,dd00aad89a72c9f50d3394cd2dead73994b9e3cb903e455b1a8fb68008ffa84c,-49977.26777715695,0.0006541617258335464,-50021.378373540254,4.619931860361248e-05,-50016.32845210892,0.0985845479099798,0.2254822006361792,0.0003561231496860273,-49984.8067215412,0.0002761485302471556,-0.0006079624072299339,-0.00029803857614751905,-0.0003780131955863908
150,dd5cd0cc087ad4504eb4656128c0c4167ba59aac849be192219cad276230ffc2,-49977.22382314933,0.04460816934442846,-50021.32981519646,0.048604543109831866,-50016.28006239483,0.0965893982344559,0.221645041143347,0.048745837244496215,-49984.75993871351,0.04705897621897748,0.003996373765403405,0.004137667900067754,0.0024508068745490164
151,f26346e49f7142fa850e63c8163396537c70e74f7b1580b9cbc365c97e04d112,-49977.22582672369,0.042604594986187294,-50021.31607726016,0.06234247941029025,-50016.27139677994,0.1004472987729091,0.2301467476645484,0.05741145212959964,-49984.75138039153,0.055617298203287646,0.01973788442410296,0.014806857143412344,0.013012703217100352
152,6796499e5efefc9372897e83935a3f944afbcb99ec2752c9ce5be09c9778db00,-49977.04690913944,0.22152217923576245,-50021.197991847024,0.18042789254832314,-50016.15724272022,0.0924707165669427,0.2045490950040402,0.17156551185325952,-49984.61999418208,0.18700350764993345,-0.04109428668743931,-0.04995666738250293,-0.034518671585829
153,a319badcf4ba0f47e943d680fe9f7f4df636b79059a4d74569302c356280cc92,-49977.26778532037,0.0006459983051172458,-50021.37843070388,-1.096430787583813e-05,-50016.32850764749,0.0985739175504527,0.2254413210903294,0.0003005845792358741,-49984.80677189955,0.00022579017968382686,-0.0006569626129930839,-0.00034541372588137165,-0.0004202081254334189
154,b694fcfc1e09debd84f3f6381f9c1e9b2bc910244142650e749b83e90fd76bb1,-49977.241933687306,0.026497631370148156,-50021.35907194751,0.019347792062035296,-50016.31374310271,0.0966607215691037,0.2198613015498267,0.015065129358845297,-49984.78659163278,0.020406056952197105,-0.00714983930811286,-0.011432502011302859,-0.006091574417951051
155,3f00f7f40acfe25348d684d1e802ae11e8f78b00164df32ff844e377b3aad5d9,-49977.23550663004,0.03292468863946851,-50021.33737687767,0.04104286189976847,-50016.28915615984,0.0981649970102873,0.2274155253253411,0.03965207223518519,-49984.77039461983,0.036603069900593255,0.008118173260299955,0.006727383595716674,0.0036783812611247413
156,7bc417836174dc6097b5eadd52e9a789e1e805fa1bb74ab9f6a9cf2a8c7868cc,-49976.75214751472,0.5162838039541384,-50020.93744097776,0.4409787618133123,-50015.889212461465,0.0983747271687712,0.2163207345583941,0.4395957706074114,-49984.33187273167,0.47512495805858634,-0.07530504214082612,-0.07668803334672702,-0.041158845895552076
157,e5368310b7c1766fee0f4123dbd59e06640059b570e01829e1e926f13bcc3147,-49977.22608876933,0.04234254934999626,-50021.34539596631,0.033023773263266776,-50016.29827198076,0.096668617984952,0.2203326499948161,0.030536251309968065,-49984.76864710567,0.03835058405820746,-0.009318776086729486,-0.011806298040028196,-0.0039919652917888016
158,4245d0d83e0f24a73a149596b7887b426e902c83205e205c8b94da231d543b10,-49977.15732559685,0.11110572182951728,-50021.2695538904,0.10886584917170694,-50016.22665088564,0.0972946994734856,0.2303428834784426,0.10215734643134056,-49984.69955128543,0.10744640430493746,-0.002239872657810338,-0.008948375398176722,-0.0036593175245798193
159,88d97e6e57ce595df9558fb38b7b114e0323068b5b72c15e90cc9c331357cd05,-49977.267782055,0.0006492636748589575,-50021.3784251877,-5.4481279221363366e-06,-50016.32851324811,0.0985722829431487,0.2254480882329517,0.0002949839617940597,-49984.80677251197,0.00022517776233144104,-0.0006547118027810939,-0.0003542797130648978,-0.0004240859125275165
160,8a92b3382790e356110276efdead87d787d96c1bcde0bfe0b41c42758f5f6005,-49977.23577629488,0.03265502379508689,-50021.35381792064,0.02460181893547997,-50016.3043916384,0.0942462136524314,0.2197242101610754,0.024416593674686737,-49984.78212168324,0.024876006493286695,-0.008053204859606922,-0.008238430120400153,-0.007779017301800195
161,24b572253c413a66a98d48b17fd01e363479c0da84dec639844a5eef45395ef0,-49977.23855240047,0.029878918205213267,-50021.32860105895,0.0498186806216836,-50016.28431290037,0.0984347854518476,0.2243726991437142,0.04449533170554787,-49984.764076756896,0.042920932835841086,0.01993976241647033,0.014616413500334602,0.013042014630627818
162,7246b2530ed5b5904a782b733384995a147e4bf6f5687eef84668597e1b83878,-49976.80033479766,0.4680965210136492,-50021.0415524984,0.33686724117433187,-50015.98836722923,0.0865028939953936,0.205080891646503,0.3404410028451821,-49984.43005847676,0.376939212968864,-0.13122927983931731,-0.1276555181684671,-0.09115730804478517
163,56f0f6e4b2d8cb3bc53cebf6694d753016b9ff8ee6edf7942d42051ee2b97cec,-49977.267801647205,0.0006296714709606022,-50021.378527593886,-0.00010785431368276477,-50016.328608541415,0.0985691039034897,0.2254389393638121,0.00019969065760960802,-49984.80684666967,0.00015102006000233814,-0.0007375257846433669,-0.00042998081335099414,-0.000478651410958264
164,a4df5e5771689fd1d1fb31a4905a3940117a5444dc3ec84741551bd9c68c664c,-49977.233198288166,0.03523303051042603,-50021.32621214372,0.05220759585063206,-50016.286344090826,0.1016154469362218,0.2324424460020964,0.042464141246455256,-49984.76294815098,0.0440495387520059,0.016974565340206027,0.007231110736029223,0.008816508241579868
165,c11bcbcd9e3678d4b5bf05fe334c488c93a3e20856c56486a4b307454792cbd4,-49977.21799202142,0.0504392972579808,-50021.31207055696,0.06634918261261191,-50016.26502744636,0.1003956900734022,0.2340283834346337,0.06378078571287915,-49984.74327204261,0.06372564712364692,0.015909885354631115,0.013341488454898354,0.013286349865666125
166,8599e26b0b6835931dd7d3f5521e48f6332284344e18c2e75264726df254b781,-49977.13161600722,0.13681531145994086,-50021.24439090207,0.1340288374994998,-50016.21879644596,0.1010022969192471,0.2296753784321481,0.11001178611331852,-49984.68083487279,0.12616281694499776,-0.0027864739604410715,-0.026803525346622337,-0.0106524945149431
167,482aef9294cdeb21745b0fabc18b2ad73eb7d07ca288527a4579702d2d1881e3,-49977.26780654525,0.0006247734272619709,-50021.37853056439,-0.00011082481796620414,-50016.32866362253,0.0985763117521317,0.2254512038998655,0.00014460954116657376,-49984.80687158388,0.0001261058496311307,-0.0007355982452281751,-0.0004801638860953972,-0.0004986675776308402
168,52bb5d3d356c1bec8a391d30c8cf1fef7aff7890e7789471e6b34481a81ca3e9,-49977.23800490739,0.030426411285588983,-50021.3626588006,0.01576093897165265,-50016.31141243279,0.0974210043530499,0.2188353555029607,0.017395799281075597,-49984.78654426403,0.020453425699088257,-0.014665472313936334,-0.013030612004513387,-0.009972985586500727
169,e2db6113574d158e31d2eb00b6a733da32806929da808e236fee31f0d3b6fe28,-49977.23508757469,0.033343743984005414,-50021.3521105822,0.02630915737245232,-50016.309842751776,0.0974967902687407,0.2196049576523364,0.018965480296174064,-49984.78293520828,0.024062481454166118,-0.007034586611553095,-0.01437826368783135,-0.009281262529839296
170,a737f5e2b67245280606acd250a793cc453400575127027eedb0d1ce9eff2d05,-49976.9944948398,0.27393647887947736,-50021.12779947696,0.25062026261002757,-50016.0800136713,0.0979583701815215,0.2226206691047991,0.24879456077178475,-49984.547955358095,0.2590423316360102,-0.023316216269449797,-0.025141918107692618,-0.01489414724346716
171,6cf243a78c7160037875f924be2d266a55a601f1eaccd1f24f48f0d8729f94c5,-49977.24958498483,0.018846333849069197,-50021.36655637704,0.011863362531585153,-50016.312705453965,0.0985511663000469,0.2254611029566149,0.016102778106869664,-49984.79110074214,0.01589694758877158,-0.0069829713174840435,-0.0027435557421995327,-0.002949386260297615
172,edf5d50393be53ff20d31403bf722722a09603c4e644820954481c947c76f96d,-49977.267945323314,0.000485995362396352,-50021.37897697391,-0.0005572343361563981,-50016.328874785264,0.0985712388748114,0.2254468656610697,-6.655319157289341e-05,-49984.80712642772,-0.00012873798550572246,-0.00104322969855275,-0.0005525485539692454,-0.0006147333479020745
173,0169637de9ed266ae957a36a471297cb33ecc01f08488d23441007783efa380f,-49977.24418515738,0.02424616129428614,-50021.371162698495,0.0072570410775369965,-50016.30794987322,0.0984215528663447,0.2223454526683781,0.020858358853729442,-49984.7850478817,0.021949808033241425,-0.016989120216749143,-0.0033878024405566975,-0.0022963532610447146
174,83cee8f5b95a0532a8b8475487517a456467ed23d8a5072c5b7a0ee734330695,-49977.25481283631,0.013618482364108786,-50021.37159535008,0.006824389492976479,-50016.32035160927,0.0979023528944893,0.2219376991561148,0.00845662280335091,-49984.79808625938,0.008911430348234717,-0.006794092871132307,-0.0051618595607578754,-0.004707052015874069
175,614f41fe82ca1a3ee82617775d49432071de0c72527b75d8b2cf9e79bd34d352,-49977.0951987372,0.17323258147371234,-50021.25606192738,0.12235781219351338,-50016.19000620797,0.0874932107935652,0.1943109547428321,0.13880202409927733,-49984.65599167196,0.15100601776794065,-0.05087476928019896,-0.03443055737443501,-0.022226563705771696
176,a983fd3dbe1ccd0c416c91c4770c492247b4f9713c7800e01603f2c1af1dfd4c,-49977.25986082053,0.008570498146582395,-50021.37603675085,0.002382988721365109,-50016.3288480935,0.0962682073326681,0.2189012739618192,-3.986142837675288e-05,-49984.80482042233,0.0021772674008389004,-0.006187509425217286,-0.008610359574959148,-0.0063932307457434945
177,3058c2e37d4b23f75660a290c97b9f94b8cee4322749c28253e27e651824de75,-49977.15157147717,0.11685984150972217,-50021.3041145558,0.07430518377077533,-50016.23104424416,0.0926662186139043,0.2094239114885567,0.09776398791291285,-49984.70100669567,0.10599099405953893,-0.042554657738946844,-0.01909585359680932,-0.010868847450183239
178,19072d076fcbb27a0479a45d11059d32a7a793e27fbe56acd4f3084068c5a24e,-49977.26005021177,0.008381106905289926,-50021.36702396335,0.011395776222343557,-50016.321818975055,0.096372257458624,0.2201759627787396,0.006989257017266937,-49984.80013631108,0.006861378649773542,0.003014669317053631,-0.001391849888022989,-0.0015197282555163838
179,8815e2fece290ad5054b5db5970542496c5b38dac059185bfd700d9111f12101,-49977.11147169026,0.15695962841709843,-50021.28815106607,0.09026867349894019,-50016.20937578008,0.0930441625884649,0.2098300139477942,0.11943245198926888,-49984.67113478413,0.13586290560488123,-0.06669095491815824,-0.037527176427829545,-0.021096722812217195
180,6accf0a44f41104e1cb7bbf72490b4302d8d61b948943c0377eb3f500840a304,-49977.25769833168,0.010732986993389204,-50021.3642555144,0.014164225169224665,-50016.321433214805,0.096216716559323,0.2197287074959604,0.007375017266895156,-49984.7991005329,0.007897156829130836,0.0034312381758354604,-0.003357969726494048,-0.0028358301642583683
181,c43f1a688189a8c97693da9bd11b2be1c039b9cf9db953b805028b83dbdc96f2,-49977.06986112721,0.19857019146729726,-50021.25089000877,0.12752973080205265,-50016.167266672375,0.09387071710494,0.2134541174891637,0.16154155969707062,-49984.626918127455,0.18007956227666,-0.07104046066524461,-0.03702863177022664,-0.018490629190637264
182,32f667c6f2f7e1ccd3ed598c0c99811356931c0d45fac82613596fd8e1634e7c,-49977.24930634023,0.0191249784475076,-50021.34742003249,0.030999707079899963,-50016.308579476026,0.0962161480261959,0.219815766569809,0.020228756045980845,-49984.78769534198,0.019302347747725435,0.011874728632392362,0.0011037775984732434,0.00017736930021783337
183,2798192e892c24b4318eefca316191e52f2d0448388eda9d8712b6d8de4db8e9,-49977.06636419199,0.20206712668732507,-50021.253098112575,0.12532162699790206,-50016.16946807178,0.094585147995599,0.2161063616513274,0.1593401602949598,-49984.62548640158,0.18151128815225093,-0.07674549968942301,-0.042726966392365284,-0.020555838535074145
184,eea738794a452b9a7479cd5ff11a4be7c63b751ee5be58cad53d3a6ddb4afd2a,-49977.25691464377,0.011516674909216817,-50021.36031567108,0.018104068491084035,-50016.3194980194,0.0960615672099365,0.2194670721219154,0.009310212670243345,-49984.79725364437,0.009744045361003373,0.006587393581867218,-0.0022064622389734723,-0.0017726295482134447
185,77a8223b02c17e8f4122d102ae27518fe01cc1d266704e11ac26b105802d0a80,-49977.130227682304,0.13820363637205446,-50021.30146483198,0.07695490759215318,-50016.22381597478,0.0955548434625079,0.2200804485837579,0.10499225729290629,-49984.684101538776,0.12289615095505724,-0.061248728779901285,-0.03321137907914817,-0.015307485416997224
186,e9446a40dda7fc3e97298c6e339d589c4e293fa98317943315563f2c8b4af90d,-49977.26002300039,0.00840831828827504,-50021.36599668047,0.012423059102729894,-50016.32421657318,0.0959913549800909,0.2195287283102516,0.004591658893332351,-49984.80136206667,0.005635623063426465,0.0040147408144548535,-0.0038166593949426897,-0.002772695224848576
187,673480a62f814173dc9cb52db9fd36d2eb3ed06335d52528c2553ffb2721d7a8,-49977.15785485831,0.11057646036351798,-50021.32082771035,0.05759202922490658,-50016.24649285523,0.0960521828641224,0.2214683934726053,0.0823153768433258,-49984.70920534767,0.09779234205780085,-0.0529844311386114,-0.028261083520192187,-0.01278411830571713
188,85eed6e54cff5029e144f501aa33f7045328830957885389335205020e72dd10,-49977.261243975285,0.007187343391706236,-50021.368659457126,0.009760282446222845,-50016.32660810703,0.0959812613550004,0.2197438128205249,0.002200125039962586,-49984.80331456875,0.003683120979985688,0.0025729390545166098,-0.00498721835174365,-0.003504222411720548
189,a61c484ad37d0dab0d2e48c9df22f60a99b2d3d199f7518c03d5b3807418bb06,-49977.169882563045,0.09854875563178211,-50021.32841423666,0.0500055029115174,-50016.25554360977,0.0962756687846146,0.2218723769401549,0.0732646223041229,-49984.719827909474,0.08716978025768185,-0.04854325272026472,-0.02528413332765922,-0.011378975374100264
190,63b2e892bc988ddd8c1b809e3a29141db9660e0446920b4b61c510fc84462169,-49977.261806706745,0.006624611931329127,-50021.3696869309,0.008732808673812542,-50016.32769921299,0.0959956148051266,0.2199638631864218,0.0011090190819231793,-49984.80418869828,0.002808991448546294,0.0021081967424834147,-0.005515592849405948,-0.0038156204827828333
191,ab5c159c53283d41bae79c2873dd1052243126a3a9c28909a015da99210c5802,-49977.1764448609,0.0919864577736007,-50021.33289671048,0.04552302908996353,-50016.26066926266,0.0963602318272697,0.2219161533721489,0.06813896941457642,-49984.72587366086,0.08112402887491044,-0.046463428683637176,-0.023847488359024283,-0.010862428898690268
192,d446584459d34f3482097051c4605616260bf7b07485c3506037fbdfd7b96cac,-49977.26213596452,0.006295354156463873,-50021.3703132444,0.008106495173706207,-50016.32850334125,0.0960255341896216,0.2201842998038046,0.0003048908256459981,-49984.80479063627,0.002207053461461328,0.0018111410172423348,-0.0059904633308178745,-0.004088300695002545
193,3bc8e44ee87d74f757ee03cc111780ac92d9baaae22ca3569ec13aa48b6daa13,-49977.18055731767,0.08787400100845844,-50021.33564309309,0.042776646485435776,-50016.2637216738,0.0963930766851964,0.2218624296365305,0.06508655827201437,-49984.72964980704,0.07734788268862758,-0.04509735452302266,-0.022787442736444063,-0.010526118319830857
194,435d6359c9f2e3ddedfd00cc95fd2b504652f5a70ee8ce29d9906ea347109631,-49977.26232154617,0.006109772504714783,-50021.37065844747,0.007761292101349682,-50016.32906735643,0.0960453477716019,0.220355222467333,-0.000259124361036811,-49984.805178812494,0.0018188772373832762,0.0016515195966348983,-0.006368896865751594,-0.004290895267331507
195,bed7fc81f4e4018e6e7444387b1aae48cb588cfedd76d2dc0f2fe63e4d3ff7cb,-49977.18319382887,0.08523748980951495,-50021.33733696485,0.04108277472550981,-50016.26557170866,0.096395357869587,0.2217791998191387,0.06323652341234265,-49984.73207851622,0.07491917350853328,-0.04415471508400515,-0.022000966397172306,-0.010318316300981678
196,1f3f6d2ef95f49792a25cd368b1d7b778eac24fd06ed9a7361dbba483ce2e84d,-49977.26242141195,0.006009906726831105,-50021.37087485457,0.007544885003881063,-50016.32950575584,0.0960673136637882,0.2205192421097308,-0.0006975237702135928,-49984.80545540345,0.001542286277981475,0.0015349782770499587,-0.006707430497044697,-0.00446762044884963
197,1f4446be9066a3bb0536c91230f09f7a6c9735aae279cdde9166e5b184740fa6,-49977.18486107048,0.08357024819997605,-50021.33827504923,0.040144690341548994,-50016.26658737542,0.0963744008458622,0.2216613691343809,0.06222085664921906,-49984.73361224112,0.07338544860976981,-0.043425557858427055,-0.02134939155075699,-0.01018479959020624
198,41744dc787134d16b169f495d9c1761d1dbc6a8210e05b7d68b60fb23bf27e05,-49977.26245733099,0.005973987688776106,-50021.37100357329,0.007416166285111103,-50016.32985388992,0.0960888965701515,0.2206460719171445,-0.0010456578456796706,-49984.805644503474,0.0013531862568925135,0.0014421785963349976,-0.007019645534455776,-0.004620801431883592
199,f5a4fd543376d922629a90d2f12801f2b6b883aa2f8769edbc59794b36482be7,-49977.18581510168,0.08261621699784882,-50021.33864917653,0.03977056304574944,-50016.26700709729,0.0963412167776266,0.2215487114954157,0.06180113478330895,-49984.73448356103,0.07251412870391505,-0.04284565395209938,-0.02081508221453987,-0.010102088293933775
200,de3768648816d241d59538d8db826183a5fd2cbb8083d41b5f5a680c3e7d34e8,-49977.262441820494,0.005989498182316311,-50021.37106090795,0.007358831622696016,-50016.330116927726,0.0961134694388797,0.220790318424406,-0.0013086956532788463,-49984.80575821595,0.001239473778696265,0.0013693334403797053,-0.007298193835595157,-0.004750024403620046
201,97c677c83703f66cfbd01e7a5f36203c486a270f6a874a31d4ded2a54a13e01b,-49977.18620585718,0.08222546149772825,-50021.33855914961,0.03986058996088104,-50016.26693653093,0.0963139196040794,0.2214662757178302,0.06187170114571927,-49984.73483149757,0.07216619216342224,-0.042364871536847204,-0.020353760352008976,-0.010059269334306009
202,32bc61dfcf95556f112707a0d90bda478b708b12362d8f1c5acbfcbe01bf7394,-49977.26238005065,0.006051268028386403,-50021.37106608271,0.007353656859777402,-50016.33032841452,0.09613161070286,0.2208927365354611,-0.0015201824498944916,-49984.8058116364,0.0011860533340950496,0.0013023888313909993,-0.0075714504782808945,-0.004865214694291353
203,87769100c03a3d9fd3d694824b1db81e296c0ef88daada9ba71abfb86e8f0821,-49977.18611469904,0.08231661963509396,-50021.33807240517,0.04034733440494165,-50016.26644879788,0.0962678347737387,0.2213744171167491,0.06235943419596879,-49984.73473253564,0.07226515409274725,-0.04196928523015231,-0.01995718543912517,-0.010051465542346705
204,78b0d9674c217277337df1973617ebd68924f13b99b1e1859fc2f54782224013,-49977.26227365413,0.006157664545753505,-50021.37101637335,0.007403366224025376,-50016.33047116194,0.0961470994786981,0.2209850340441335,-0.0016629298697807826,-49984.80580049787,0.0011971918647759594,0.001245701678271871,-0.007820594415534288,-0.004960472680977546
205,2ab06d9862070c4d8a25fb89bbc102940fcd5f038e887faa5cb5326d125dc7dc,-49977.18558162799,0.08284969068336068,-50021.33719669937,0.04122304019983858,-50016.26555895472,0.0962180228618744,0.2212695752023137,0.06324927735113306,-49984.73421453656,0.07278315316943917,-0.0416266504835221,-0.019600413332227618,-0.010066537513921503
206,a81b2705d12849462de1634499169a67095100893785ed2645988bffe7bc6f96,-49977.2621199098,0.006311408877081703,-50021.37091958734,0.007500152234570123,-50016.33054989588,0.0961675513318098,0.2210748365469044,-0.001741663807479199,-49984.80572948475,0.001268204978259746,0.0011887433574884199,-0.008053072684560902,-0.005043203898821957
207,b4f5839a3562b0f8479d364c7ce75130bb2e647350f3fba6d0c02575268cdf70,-49977.18461535167,0.0838159670092864,-50021.33594154695,0.04247819261945551,-50016.26427390179,0.0961664247488873,0.2211899351968895,0.06453433028218569,-49984.73329471557,0.07370297416491667,-0.041337774389830884,-0.019281636727100704,-0.010112992844369728
208,c61fc9ab6ff05e027118d554b9cf567a4787951a86e3c2732bd9c1dd370db626,-49977.26191500807,0.00651631060463842,-50021.37076427568,0.007655463894479908,-50016.33057575922,0.0961916374937443,0.2211669751486624,-0.0017675271446933039,-49984.80559169045,0.001405999282724224,0.001139153289841488,-0.008283837749331724,-0.005110311321914196
209,ff7a5d69e3f847b677ae95dd9c7ffeeaa4d3f84cc9365cf43c94707fb66a403c,-49977.268414447615,1.687106123426929e-05,-50021.37934089707,-0.0009211574943037704,-50016.32974077055,0.0984512896113373,0.2252520306938095,-0.0009325384744442999,-49984.80783092216,-0.0008332324287039228,-0.0009380285555380397,-0.0009494095356785692,-0.0008501034899381921
210,918ca732a1324a19ccb29fc8c757b1ac3c6025cd5cebdaca84a7f37b7aa13e65,-49977.22892147462,0.039509844056738075,-50021.37763141249,0.0007883270809543319,-50016.32178286756,0.0947589989014508,0.2108793982406496,0.0070253645099001005,-49984.786108951535,0.02088873819593573,-0.03872151697578374,-0.032484479546837974,-0.018621105860802345
211,14d62e6e26d1262d61734e5246f441f3b908f3b05d086667ee27139797b9c7c5,-49977.22375811412,0.04467320455296431,-50021.336286191625,0.042133547947742045,-50016.27765010693,0.1002873208952897,0.2252153668305254,0.051158125141228084,-49984.75886487536,0.04813281437236583,-0.0025396566052222624,0.006484920588263776,0.0034596098194015212
212,83bdcaf28424b6b21c3ca27228ee4dd479d8d9387f13145139b64a06ea79418b,-49977.17018297675,0.09824834192841081,-50021.31799880311,0.06042093646101421,-50016.28797610212,0.0927318261861706,0.2042382601794088,0.040832129954651464,-49984.74150535348,0.06549233625264606,-0.0378274054673966,-0.057416211973759346,-0.032756005675764754
213,55714a4bbfd3aea882dd0a4501a4d8b7f5fa6c5e6790f20856e3ae7d94bbd1ae,-49977.19182337572,0.07660794295952655,-50021.32916841104,0.04925132853531977,-50016.26331446887,0.0998600408728364,0.2262277137488126,0.06549376319890143,-49984.73525501162,0.07174267811205937,-0.027356614424206782,-0.01111417976062512,-0.004865264847467188
214,9f9b298c93bd1998299a41a2a7f95c20950bb470e1dea96fc72bf24114c362b6,-49977.21127543501,0.05715588366729207,-50021.31959336849,0.058826371081522666,-50016.2864335682,0.0954525538839167,0.2154958390528918,0.04237466386985034,-49984.75623222062,0.05076546911004698,0.0016704874142305925,-0.014781219797441736,-0.006390414557245094
215,28124417533262e89840042161a5548cb6daa24eb424a278f149a17ac7c383a2,-49977.20151824833,0.0669130703463452,-50021.34361914001,0.03480059956200421,-50016.276254636046,0.0995349555927073,0.2257639853633009,0.05255359602597309,-49984.74782076174,0.059176927992666606,-0.032112470784340985,-0.014359474320372101,-0.007736142353678588
216,b900ea16c0c1d36317785fa72943b57f308de01145f486fed307056759abf83a,-49977.21673322271,0.05169809596554842,-50021.3230738382,0.05534590137540363,-50016.28977948186,0.0958967653530569,0.2178964288323186,0.039028750215948094,-49984.76006309458,0.046934595149650704,0.0036478054098552093,-0.012669345749600325,-0.004763500815897714
217,52304019a9ae67038cb2910eaa1006564e2bf1ae1c032ed6b0fb214a8e0bae1b,-49977.20390169363,0.06452962504408788,-50021.34493617195,0.033483567625808064,-50016.27662526549,0.0993576366417412,0.2257470604527043,0.05218296658131294,-49984.74932330326,0.05767438647308154,-0.031046057418279815,-0.01234665846277494,-0.006855238571006339
218,81a06b8721175740f1c290994dad0931317499729dccbbc6d2085f0a2a9d67b9,-49977.21928946031,0.04914185836969409,-50021.32543137737,0.05298836220026715,-50016.29222573111,0.096098073167672,0.2190887266042409,0.036582500964868814,-49984.762258547074,0.04473914265690837,0.003846503830573056,-0.012559357404825278,-0.004402715712785721
219,ae085d208a9f0f9f21aec7275d88cc353850165d72a8af685143bfd03a20069a,-49977.20429680295,0.0641345157273463,-50021.34447637996,0.03394335960911121,-50016.275517225375,0.0991192265775842,0.2254648297603125,0.053291006697691046,-49984.74903501384,0.05796267589175841,-0.030191156118235085,-0.010843509029655252,-0.006171839835587889
220,fd681c2f336703b43edffcbc78bb5400fdfcd43cc8e1fc26060fa062bf201a3b,-49977.2207303032,0.04770101547910599,-50021.32689866662,0.05152107294998132,-50016.29380413708,0.0962159601277596,0.2198224525927798,0.035004094992473256,-49984.763543714806,0.0434539749257965,0.0038200574708753265,-0.012696920486632735,-0.004247040553309489
221,8baaa16499078059007bbd7d376d9d95afcb970c9c40d92d669e7308c5a49e3a,-49977.2037441397,0.06468717897951137,-50021.34338907726,0.03503066231496632,-50016.273957345664,0.0988741060419355,0.2251198065132484,0.05485088640853064,-49984.748046844375,0.05895084535586648,-0.029656516664545052,-0.009836292570980731,-0.005736333623644896
222,0ebc243a15dc35b9312e3008a146aa4428e7bd37b59677cb6715b9e0b8eaa6d2,-49977.22150038542,0.046930933254770935,-50021.32772639806,0.0506933415090316,-50016.29475617154,0.0963038084526886,0.2203363996086409,0.03405206053139409,-49984.76421591352,0.04278177621017676,0.003762408254260663,-0.012878872723376844,-0.004149157044594176
223,f17b094758dfd90d07b83055cd0c7de565e5936fcbec998a51316b01e37852cb,-49977.20260561531,0.06582570336468052,-50021.34191941885,0.036500320726190694,-50016.27212427018,0.098637288439538,0.2247702543681953,0.056683961891394574,-49984.74663158133,0.060366108402376994,-0.029325382638489828,-0.009141741473285947,-0.005459594962303527
224,0864c060a93b6d8712681833a39990f4fe2eea60e835e9a86b10bf78753c3226,-49977.2217746762,0.046656642472953536,-50021.32803967104,0.0503800685328315,-50016.29518470181,0.096368940871616,0.2206974644213915,0.03362353026022902,-49984.76440021167,0.042597478059178684,0.0037234260598779656,-0.013033112212724518,-0.004059164413774852
225,aeed89e6bd00b9e73d8861c6cbe2cfca3b4fb6c8da8118e6e92218c804d5ccfa,-49977.20017645488,0.06825486379966605,-50021.32150137797,0.0569183616025839,-50016.28144011847,0.09666839919176,0.2160899978989618,0.04736811359907733,-49984.73006296497,0.07693472476239549,-0.011336502197082154,-0.020886750200588722,0.008679860962729435
226,bb35a9fcf5281b4f380b00a1471d528d0f64a9a8b50f47f2c6b62ef0621b3c99,-49977.16479729922,0.10363401945505757,-50021.176069877525,0.2023498620474129,-50016.12656510576,0.0996165896310017,0.2327377936380799,0.2022431263103499,-49984.61362449848,0.19337319125042995,0.09871584259235533,0.09860910685529234,0.08973917179537239
227,97c243d99d85a5d33eab28faedbccae4d302b96bde5c8a14d2ff16c91973331b,-49977.26843131868,0.0,-50021.37841973957,0.0,-50016.32880823207,0.0984676471881132,0.225332368783711,0.0,-49984.80699768973,0.0,0.0,0.0,0.0
228,20ec6b902fd6d18c241a9031edd5b822dc19e5d590a728575c5d66cb8fc5c630,-49977.24941328098,0.019018037695786916,-50021.33353896187,0.044880777699290775,-50016.27993900143,0.1025896163156185,0.2380871296772966,0.04886923063895665,-49984.768982976304,0.03801471342740115,0.02586274000350386,0.029851192943169735,0.018996675731614232
229,296d6710a1ef2e0d6985b3cad536b3ac08169a48d3fd6f153d02c76c66682c66,-49977.268294173286,0.00013714539090869948,-50021.376439844,0.0019798955690930597,-50016.32653621861,0.0987537194115767,0.2262373268604278,0.002272013465699274,-49984.8055065992,0.0014910905301803723,0.0018427501781843603,0.0021348680747905746,0.0013539451392716728
230,750de09180d88c13d768b8b6439141d7aabf473e0d4f336201981fba33ca1207,-49977.23386170175,0.03456961692427285,-50021.23226313579,0.14615660378331086,-50016.1740403614,0.1024330814096226,0.2469451862052665,0.1547678706701845,-49984.69019871836,0.11679897137219086,0.111586986859038,0.12019825374591164,0.08222935444791801
231,ca16dc6ab235139d48233d39ed65d206fbed917159d0fc4f8ce8b161b6549bce,-49977.137540742304,0.13089057637262158,-50021.02754051638,0.35087922319507925,-50015.95961149677,0.106654802837939,0.2675091537385015,0.36919673530064756,-49984.51402603751,0.29297165221942123,0.21998864682245767,0.23830615892802598,0.16208107584679965
232,99ed1e15506f812ca8196d58c4b788c1e09b6e99113cb926c839963443227106,-49976.98112343681,0.28730788186658174,-50020.76406827154,0.6143514680297812,-50015.68516335383,0.1113493024782581,0.2879213697742671,0.6436448782405932,-49984.27872910671,0.5282685830243281,0.3270435861631995,0.3563369963740115,0.24096070115774637
233,ef797a7a06bb2f2ecabcc7ba9f35ce8e87a5594614a331644f03d392b2cd6f02,-49976.76635784473,0.5020734739446198,-50020.4435982659,0.934821473674674,-50015.3526303999,0.1164020811875479,0.3081021144535043,0.9761778321699239,-49983.98600084984,0.8209968398878118,0.4327479997300543,0.47410435822530417,0.31892336594319204
234,a4e1f8cc8e7885c07c987491ac48b484ed1d6f185a40d21d6f242f056e6251eb,-49976.49494875939,0.7734825592851848,-50020.06782787885,1.3105918607252534,-50014.963849681415,0.1217466055931259,0.328037765197223,1.3649585506573203,-49983.63749223632,1.1695054534138762,0.5371093014400685,0.5914759913721355,0.3960228941286914
235,57576c68b10ed4011eed811a3153ac48e3e1472b9cdb90f2c772b2d964fdd783,-49977.26829226849,0.0001390501856803894,-50021.37345930913,0.004960430444043595,-50016.32351909063,0.0986169477546717,0.2262442553692381,0.0052891414452460594,-49984.8033043501,0.0036933396331733093,0.004821380258363206,0.00515009125956567,0.00355428944749292
236,36558da89f442b567304d9eb2a4cb71ef0fe152d8512c73398522c9730100716,-49977.26841934566,1.1973017535638064e-05,-50021.37773430451,0.0006854350649518892,-50016.32807816107,0.0984884189200623,0.2254582374807796,0.0007300710058188997,-49984.80649000679,0.0005076829402241856,0.0006734620474162512,0.0007180979882832617,0.0004957099226885475
237,6d641c4f25fa34a3f1cf47923ec5fd23dd56096ea1e1752e3c7e5818cceeaaa9,-49977.234673961626,0.0337573570504901,-50021.234224305306,0.1441954342662939,-50016.17626277363,0.1021488462515227,0.2461341986636398,0.1525454584407271,-49984.69186254608,0.11513514364924049,0.11043807721580379,0.11878810139023699,0.08137778659875039
238,40ecaa3d9cf2f0669abd41ab97f2be06aef4e100c7eecbbd843746fce27f81f7,-49977.2683121328,0.00011918587551917881,-50021.3739798329,0.00443990667554317,-50016.32407875687,0.0986012730181071,0.2261532982156495,0.004729475200292654,-49984.8036927238,0.003304965932329651,0.004320720800023992,0.0046102893247734755,0.003185780056810472
239,e8f6622ce4bbb8af3b089a7d5c20a65d038460f1b1b783c15cfe541a207d1887,-49977.26842043411,1.088456338038668e-05,-50021.3778029972,0.0006167423707665876,-50016.32815472767,0.0984856709075298,0.225453343547997,0.0006535044012707658,-49984.80653896532,0.0004587244111462496,0.0006058578073862009,0.0006426198378903791,0.00044783984776586294
240,5b6ecb149e5be50378fa71a32c2d5244a5630b35b62d93a5a09a5f5f8326ac15,-49977.26842968599,1.6326885088346899e-06,-50021.378315293965,0.00010444560757605359,-50016.32869507552,0.098473164243082,0.2253511349772452,0.00011315655137877911,-49984.80692001498,7.767475472064689e-05,0.0001028129190672189,0.00011152386286994442,7.60420662118122e-05
241,627680ec274bd2f95a165db56c3362901ad249069b1f816550001890bb2df63a,-49977.26731973355,0.0011115851229988039,-50021.35956920096,0.018850538610422518,-50016.30872266676,0.0990210694324775,0.2286837820865912,0.02008556530927308,-49984.79280897149,0.014188718239893205,0.017738953487423714,0.018973980186274275,0.013077133116894402
242,e7cd5f789eed8b67c1b0b9e48a0ac3e170556db0a8353b8fd29f08da7c31c1d8,-49977.264587982514,0.0038433361623901874,-50021.33923155204,0.03918818753300002,-50016.28712261208,0.0995747105716365,0.2319773530616657,0.04168561999540543,-49984.777100599,0.0298970907315379,0.03534485137060983,0.037842283833015244,0.026053754569147713
243,d5fee7f8198f470c6730db670a4c556b3199c6034a98cc7a557bf6fd599c3c6e,-49977.22387784422,0.04455347445764346,-50021.20656402789,0.17185571168374736,-50016.147199238425,0.1027584878775645,0.2493018323657452,0.18160899364738725,-49984.66864196841,0.13835572131938534,0.1273022372261039,0.1370555191897438,0.09380224686174188
244,6fbaffb020b178b3cb521099b70e02d0c5d9eed120e003298b8364e59aadfc4d,-49977.11881250587,0.1496188128076028,-50020.99328094054,0.3851387990289368,-50015.9240230065,0.1070523729805671,0.2698436588179902,0.40478522557532415,-49984.48387797493,0.3231197147979401,0.23551998622133397,0.25516641276772134,0.1735009019903373
