model,n_atomic_vectors,n_cartesian_components,component_mae_eV_per_A,component_rmse_eV_per_A,component_max_abs_error_eV_per_A,mean_vector_error_eV_per_A,rms_vector_error_eV_per_A,maximum_vector_error_eV_per_A,force_magnitude_mae_eV_per_A,force_magnitude_rmse_eV_per_A,mean_direction_cosine,median_direction_angle_degrees,component_pearson_r,component_spearman_rho,element
MACE-OFF23,3172,9516,0.1385325301471047,0.1827912617339423,0.519061445847464,0.2887638142860278,0.3166037525028088,0.6178442895314022,0.23764523382177558,0.2735348786816344,0.45286724170133436,52.116331019039336,0.8185985681081837,0.6229734237350009,C
MACE-OFF23,11468,34404,0.2284678018051246,0.2787075474668872,0.8325554601078982,0.4573512223400567,0.4827356326655632,0.9569630135166234,0.4193809917741283,0.450596664122604,0.28535197272114493,49.83883155850887,0.4619109272855186,0.39188699740693456,H
MACE-OFF23,488,1464,0.21312989390260315,0.24557433254996125,0.4496655768430739,0.41973722531517643,0.4253472210113485,0.5404093872757787,0.3413181615442847,0.3563394613901625,0.2785930109294377,83.69282716146452,0.8635276158323826,0.5738007845205707,N
MACE-OFF23,3904,11712,0.3761017857976353,0.4216914066128222,0.7935028943519776,0.7268673003410809,0.7303909413685944,0.9028615796128788,0.6414706502512822,0.6578604425245631,0.3497419136797414,62.29995978379153,0.47713463039278925,0.4356143704090498,O
AIMNet2 ensemble,3172,9516,0.14215258566488762,0.19322117670066238,0.6105687214686448,0.2914693534091611,0.334668895143791,0.6348835396594423,0.23348351763479305,0.28330606192741054,0.48940926444905813,45.433576926849746,0.8029011044070591,0.617606989822332,C
AIMNet2 ensemble,11468,34404,0.22352036351457094,0.2650949107059109,0.6168221019432594,0.44083546578020105,0.4591578541705724,0.785479907798799,0.40223248321304383,0.4267176636770495,0.2647103212936396,52.34885630665376,0.47556245186620694,0.39003655414006755,H
AIMNet2 ensemble,488,1464,0.09417005540935153,0.13071912683432918,0.3539742421740661,0.2119304154633583,0.22641216919809837,0.3890600213038522,0.13365675913369143,0.15255761766981876,0.27898547161066667,56.11151445256763,0.9646833106810712,0.5867048242978418,N
AIMNet2 ensemble,3904,11712,0.3533254082707599,0.4055534265079422,0.7220835939384846,0.6967147265963328,0.7024391398954066,0.9061167560403208,0.6120444293520891,0.6303359893240557,0.3649917592659841,61.920692666661296,0.4930195212973899,0.43897942026877124,O
UMA/OMol,3172,9516,0.12457928875249673,0.16332478700014147,0.38702966579960707,0.2541027650975217,0.28288682921960995,0.4583574976766611,0.2002463621059684,0.23859229000134372,0.3351093541498844,63.137163432059396,0.8556349012358025,0.5723121851908234,C
UMA/OMol,11468,34404,0.14495115253144955,0.17469236536024885,0.4485536299870063,0.28755753442369475,0.3025760524983364,0.5263190522807933,0.2579457980816913,0.27700727467088,0.3110641373161475,47.70282463568468,0.618387804465793,0.4542501841492677,H
UMA/OMol,488,1464,0.09480795781281755,0.11189268159116575,0.20951305106940982,0.18855858359058955,0.19380380951102588,0.26129632642944184,0.12805793235620735,0.13751969272846076,0.39707365542261264,41.386408913338094,0.9778618348574813,0.6763104793565325,N
UMA/OMol,3904,11712,0.23969350953619345,0.2672799638305178,0.4785528459558827,0.46097611935331,0.4629424771996286,0.6157413096630455,0.3877931371036338,0.40079016497565584,0.4060411969044076,58.44016476758982,0.6339229103009005,0.5123520109700587,O
