model,gaussian_step_1based,n_atoms,force_component_mae_eV_per_A,force_component_rmse_eV_per_A,force_vector_error_mean_eV_per_A,force_vector_error_rms_eV_per_A,force_vector_error_max_eV_per_A
AIMNet2 ensemble,1,78,0.23158586395797223,0.28599456751023056,0.4599634228058299,0.4953571216164066,0.8814577376528177
AIMNet2 ensemble,2,78,0.23108598095345298,0.28512018480150897,0.4588024238703241,0.49384264633964114,0.8793981417441302
AIMNet2 ensemble,3,78,0.2303333672370513,0.2844196173830614,0.45805769674987984,0.49262922797676256,0.8345965192889213
AIMNet2 ensemble,4,78,0.23065892526170462,0.28474788448157723,0.45790985621568336,0.49319780326984525,0.9061167560403208
AIMNet2 ensemble,5,78,0.23161996035171212,0.28612989515662207,0.4601201314611701,0.4955915159756255,0.8781370859530677
AIMNet2 ensemble,6,78,0.23129023799360615,0.2855422562873624,0.45976451057544726,0.4945736955975653,0.8355592856886891
AIMNet2 ensemble,7,78,0.2318545066289193,0.28619914425263915,0.4604325016380825,0.4957114589283053,0.8497423224747152
AIMNet2 ensemble,8,78,0.23169545743864486,0.2864130916944863,0.4605891210680626,0.49608202676773394,0.8741155184219062
AIMNet2 ensemble,9,78,0.23141905868572824,0.286171422037455,0.4602901966676046,0.4956634426431079,0.8332362101116889
AIMNet2 ensemble,10,78,0.2320808701797286,0.2867866188766658,0.461182658268901,0.4967289948252768,0.8511206670260614
AIMNet2 ensemble,11,78,0.23190922563854538,0.2867289287392564,0.460961610756398,0.49662907257618805,0.8439372179663635
AIMNet2 ensemble,12,78,0.2319195903624268,0.28677169075815945,0.46092012849675246,0.4967031385655624,0.8507717686535184
AIMNet2 ensemble,13,78,0.23208590474252033,0.2871889003432692,0.4617025804103769,0.4974257667643773,0.8313722894145509
AIMNet2 ensemble,14,78,0.2322573025790402,0.2869700051415257,0.46128800876521997,0.4970466291534245,0.8347373702766903
AIMNet2 ensemble,15,78,0.23200987668472728,0.28698458423608364,0.4612271716170554,0.49707188088592713,0.8491123035530793
AIMNet2 ensemble,16,78,0.23258653734088652,0.287584353413204,0.46195178739804466,0.49811071157351344,0.8303245679330358
AIMNet2 ensemble,17,78,0.23214270133419265,0.2869615306232609,0.4613876104708026,0.49703195085722013,0.8277514405563595
AIMNet2 ensemble,18,78,0.23295784790241852,0.2877235763768676,0.4622458875566333,0.49835185282015887,0.8415272268237681
AIMNet2 ensemble,19,78,0.23217650874517565,0.28683830792524806,0.4611277136655805,0.4968185228836162,0.8275939369569371
AIMNet2 ensemble,20,78,0.23319459636380124,0.2879387595532087,0.46258169813060174,0.4987245610145159,0.8508379032739778
AIMNet2 ensemble,21,78,0.23253230437209615,0.2871645783416069,0.4616220862369525,0.4973836398217563,0.8313642955023398
AIMNet2 ensemble,22,78,0.2330649562735418,0.2874931357406135,0.46219993561691225,0.4979527179300384,0.8287442633965101
AIMNet2 ensemble,23,78,0.23306393519366594,0.2876604324762183,0.4622777569062087,0.49824248437604635,0.8364120970442085
AIMNet2 ensemble,24,78,0.2329250848232473,0.28725071109801514,0.46189062623787647,0.4975328261320514,0.8333043096417189
AIMNet2 ensemble,25,78,0.2333321083408051,0.2878683828969606,0.4627126344292334,0.49860266507022744,0.8319673721846899
AIMNet2 ensemble,26,78,0.23320180658193615,0.2873972608307563,0.46212811519521296,0.4977866577149947,0.8239900884765538
AIMNet2 ensemble,27,78,0.23312147655717327,0.2875398522402985,0.46227605763634655,0.49803363328104466,0.8327976692331094
AIMNet2 ensemble,28,78,0.23284336575087666,0.2872037243505709,0.4618579256535978,0.4974514426981956,0.8296754969224616
AIMNet2 ensemble,29,78,0.2329634251151276,0.2872281769323273,0.46174067101670513,0.4974937958121738,0.8339803952763118
AIMNet2 ensemble,30,78,0.23303928267231985,0.28743836380039844,0.46215217926383406,0.4978578501467568,0.831843462270867
AIMNet2 ensemble,31,78,0.23292957385920315,0.28736240161169563,0.46197198199554007,0.4977262797764694,0.8321288904919015
AIMNet2 ensemble,32,78,0.23268786788517953,0.28721648837617086,0.46168393336102015,0.4974735506390438,0.8340117888236784
AIMNet2 ensemble,33,78,0.23300717402008397,0.2874157920370541,0.4621024068202219,0.49781875470582804,0.8319421904575295
AIMNet2 ensemble,34,78,0.2329685116650398,0.28741932461412484,0.46201906944072324,0.49782487330879627,0.8300738479982469
AIMNet2 ensemble,35,78,0.23328807065758767,0.2876263706046425,0.4624249306274365,0.49818348748387614,0.8354038447708172
AIMNet2 ensemble,36,78,0.23300295532356577,0.2874166941298715,0.46209010143703283,0.4978203171764209,0.8316160390592863
AIMNet2 ensemble,37,78,0.2323422686508663,0.2868802777054009,0.46123071411584704,0.49689121667522346,0.8304875527569958
AIMNet2 ensemble,38,78,0.23289935934682554,0.28766003512934624,0.4623601795978408,0.49824179615107567,0.8342911092016067
AIMNet2 ensemble,39,78,0.23291526662959527,0.287346738987651,0.4619778061718389,0.4976991513158444,0.8314380953946762
AIMNet2 ensemble,40,78,0.23304586274103573,0.28751535679990947,0.46213790542694316,0.4979912059337371,0.8326864795555678
AIMNet2 ensemble,41,78,0.23264076977534315,0.28709131086678347,0.46157800275932076,0.49725673683281985,0.8293890552577761
AIMNet2 ensemble,42,78,0.23289754730220233,0.28732938591730095,0.4619508420419476,0.4976690949163307,0.8313025136385356
AIMNet2 ensemble,43,78,0.2329368099491273,0.2871309143425841,0.4617482960274047,0.4973253320650629,0.8302588930831857
AIMNet2 ensemble,44,78,0.23318002884082822,0.28760471164553547,0.46232622205406787,0.4981459730662638,0.8312092451850006
AIMNet2 ensemble,45,78,0.23289868658176838,0.28732333951066286,0.4619442262347307,0.4976586222328303,0.8312500785860594
AIMNet2 ensemble,46,78,0.23282933342101558,0.2872261014820128,0.46175615833305134,0.49749020102678054,0.831418919564797
AIMNet2 ensemble,47,78,0.23306042289761017,0.2874165258660083,0.46207005534342854,0.49782002573486084,0.832598450555205
AIMNet2 ensemble,48,78,0.2329120775975768,0.28733180582526874,0.4619572440390473,0.4976732863198805,0.8313562159289725
AIMNet2 ensemble,49,78,0.23314059534067652,0.2875609552003047,0.4623004658948297,0.49807018467996556,0.831853538756754
AIMNet2 ensemble,50,78,0.2328742572130138,0.28737151281241663,0.4620019364676108,0.49774206083903616,0.8360822463421629
AIMNet2 ensemble,51,78,0.23292407360656311,0.2873428582012161,0.46197430353876084,0.4976924295965657,0.8313545328660837
AIMNet2 ensemble,52,78,0.23297471223189511,0.2874603765051528,0.46206131985451404,0.4978959772698035,0.8304218646563524
AIMNet2 ensemble,53,78,0.23292075540879026,0.28734577334673433,0.4620930204552805,0.4976974787767148,0.8305092401473549
AIMNet2 ensemble,54,78,0.23292266314320018,0.28734316762370454,0.46198604804370774,0.49769296553203674,0.8312898124366731
AIMNet2 ensemble,55,78,0.23289347654468787,0.28709784228736207,0.46159841141769026,0.4972680495851076,0.8280004445230436
AIMNet2 ensemble,56,78,0.2327460092121732,0.2871758291866315,0.4617571371755369,0.497403126856967,0.831697314162485
AIMNet2 ensemble,57,78,0.23291660924237817,0.2873034444177987,0.46192175842612887,0.4976241629211682,0.830782017988314
AIMNet2 ensemble,58,78,0.2327470884042777,0.28718667940811093,0.4617364173979907,0.49742191999184293,0.8314837782371272
AIMNet2 ensemble,59,78,0.23288494946642568,0.2871339427681418,0.4616484765174829,0.49733057745199566,0.8324069226085323
AIMNet2 ensemble,60,78,0.23291693764636687,0.2873038318495457,0.4619225865187801,0.4976248339726385,0.8308144604411378
AIMNet2 ensemble,61,78,0.23287474763990368,0.2874123586531183,0.4621035771576538,0.4978128079104095,0.8310409011886077
AIMNet2 ensemble,62,78,0.23313740142004385,0.2874888249400724,0.46213932861036566,0.49794525140448,0.8292301015582559
AIMNet2 ensemble,63,78,0.23293633663540278,0.28731908883371443,0.4619395894272895,0.49765125984438907,0.8306508714386899
AIMNet2 ensemble,64,78,0.23309067255305396,0.28754964416581086,0.46223544730665905,0.4980505933935361,0.8336071626581532
AIMNet2 ensemble,65,78,0.232726326163897,0.28713973274643456,0.4617191757119167,0.49734060598857355,0.8300869228569273
AIMNet2 ensemble,66,78,0.23295256999209468,0.2873452339673584,0.46197382623771394,0.4976965445442311,0.8309453594612957
AIMNet2 ensemble,67,78,0.2328460805484207,0.28730674830244596,0.46194633416217495,0.4976298854172397,0.8267763169660166
AIMNet2 ensemble,68,78,0.23323902253154288,0.28767805236154304,0.4625345144177379,0.4982730029126525,0.8335300754731904
AIMNet2 ensemble,69,78,0.23296589945946122,0.2873615673552077,0.46199981761923214,0.4977248348018459,0.8310653360720722
AIMNet2 ensemble,70,78,0.2328109529019283,0.2872620577719535,0.4618455218115267,0.49755247914780965,0.8332461551382379
AIMNet2 ensemble,71,78,0.232999178084556,0.2875094557083297,0.46214205869189556,0.4979809849433008,0.8323044090974798
AIMNet2 ensemble,72,78,0.23296756591620213,0.2873631304200147,0.46200224629298375,0.49772754210950704,0.831065816748854
AIMNet2 ensemble,73,78,0.2326188422693746,0.28725276945938605,0.46183136143771236,0.49753639131852617,0.8328420891933042
AIMNet2 ensemble,74,78,0.23272170527156932,0.2872057688327345,0.46175931869323394,0.49745498384517817,0.8356027078437251
AIMNet2 ensemble,75,78,0.2329604464741065,0.28735850751509817,0.46199537313945765,0.49771953500331306,0.8311709488759975
AIMNet2 ensemble,76,78,0.23318606334081474,0.28766642161682277,0.46246474970935525,0.498252857871867,0.8306081722313897
AIMNet2 ensemble,77,78,0.23308962842396777,0.28744739707366085,0.4621035337078368,0.4978734962350061,0.8312282979588901
AIMNet2 ensemble,78,78,0.23296667386640638,0.28736203043726966,0.46200032788107165,0.49772563688350524,0.8311971387915928
AIMNet2 ensemble,79,78,0.2328076559390042,0.2872478806492858,0.4618237294613043,0.497527923651044,0.8329563219277074
AIMNet2 ensemble,80,78,0.23304173327990144,0.2873888497267729,0.46206553846174087,0.4977720892555477,0.8290812066916102
AIMNet2 ensemble,81,78,0.2329707451756916,0.2873656227407719,0.46200631500176986,0.49773185893568717,0.8310829284722012
AIMNet2 ensemble,82,78,0.2329524092775989,0.28740128803718895,0.4620225681604215,0.49779363304114865,0.8325579232834239
AIMNet2 ensemble,83,78,0.23306410824628243,0.2874441132215917,0.46201423360471366,0.49786780843637773,0.8327733590536646
AIMNet2 ensemble,84,78,0.2329671890486833,0.28736561470703165,0.46200346001883885,0.4977318450208411,0.8312334268531024
AIMNet2 ensemble,85,78,0.23293715191254785,0.2873044570296369,0.46185742764344045,0.4976259168163204,0.8335802672330209
AIMNet2 ensemble,86,78,0.2330143349485665,0.28740663113883225,0.4620291598402175,0.49780288756466484,0.8299010619592314
AIMNet2 ensemble,87,78,0.23296905160042392,0.28736467350312045,0.4619968100769442,0.4977302148078465,0.8315063327877581
AIMNet2 ensemble,88,78,0.2330273575667726,0.28740228911133076,0.46196566348886503,0.4977953669524243,0.8343532376151985
AIMNet2 ensemble,89,78,0.2329145550568084,0.28731254355711794,0.4619867588983818,0.49763992309277433,0.82988605874228
AIMNet2 ensemble,90,78,0.23297365824855643,0.28736596396460884,0.4619908503226074,0.4977324499527096,0.8317314751162742
AIMNet2 ensemble,91,78,0.23268683735127244,0.28711995491929804,0.4615690859223883,0.49730634978710986,0.8299990822192391
AIMNet2 ensemble,92,78,0.233014508672636,0.28731176856386903,0.4619403692034357,0.49763858076509165,0.8276923594473221
AIMNet2 ensemble,93,78,0.23294188813815264,0.28733898618880416,0.4619444848673586,0.49768572307434067,0.8315504861014626
AIMNet2 ensemble,94,78,0.2329835388010809,0.2875220603281266,0.46216648618183426,0.49800281678519903,0.8346676114645094
AIMNet2 ensemble,95,78,0.23320665193980095,0.28744146643396795,0.46214836349978416,0.4978632240657365,0.8317830569182193
AIMNet2 ensemble,96,78,0.2329443191848168,0.2873487639434299,0.4619577494349355,0.4977026586421364,0.8317238984894029
AIMNet2 ensemble,97,78,0.2328906493783444,0.2872402515787557,0.4618506983193731,0.49751470971327133,0.8286916018840401
AIMNet2 ensemble,98,78,0.2328002235774754,0.28718787138805113,0.4616498143060227,0.49742398456166087,0.8311631026977585
AIMNet2 ensemble,99,78,0.23294116023413308,0.2873398436715584,0.46195021320545593,0.4976872082780377,0.8313968744266655
AIMNet2 ensemble,100,78,0.23294097742068523,0.2873983825737125,0.46190130040035154,0.49778860063078784,0.830757522698206
AIMNet2 ensemble,101,78,0.2330403538334642,0.28729921343638765,0.46188104936116264,0.49761683464639855,0.832250839370467
AIMNet2 ensemble,102,78,0.23294861553706,0.2873333851644468,0.46194065672397383,0.4976760218155793,0.8314544363988707
AIMNet2 ensemble,103,78,0.23292442578898068,0.28733844680655574,0.46189379522919455,0.49768478883688166,0.8316328881079865
AIMNet2 ensemble,104,78,0.23291825715819195,0.28733900555843284,0.46193514830880816,0.4976857566235217,0.8354307869903101
AIMNet2 ensemble,105,78,0.2363079849956508,0.2919667399190194,0.4681383229786941,0.5057012276599898,0.871225859065447
AIMNet2 ensemble,106,78,0.23303754332319512,0.2874466946195433,0.46209331131817694,0.4978722795487845,0.8312841404497281
AIMNet2 ensemble,107,78,0.23063284304921652,0.2851336225264824,0.4579183521286683,0.4938659211620333,0.8399959047910264
AIMNet2 ensemble,108,78,0.23273080109828337,0.2871364573498371,0.46159375386433804,0.4973349328352518,0.8355271357368812
AIMNet2 ensemble,109,78,0.23614855068440146,0.2912175393255391,0.46743712093054013,0.5044035741670213,0.8618070093436624
AIMNet2 ensemble,110,78,0.23305697313231413,0.28746869327009283,0.46212574028464304,0.49791038232923407,0.8312847475014475
AIMNet2 ensemble,111,78,0.23386373443767644,0.2887410488408807,0.4634922941849831,0.5001141668231321,0.8396430738072864
AIMNet2 ensemble,112,78,0.23210377845811977,0.28679110265213587,0.45985306863527536,0.49673676095220076,0.830249573258229
AIMNet2 ensemble,113,78,0.23670696751003598,0.29099912961165336,0.46960882328648734,0.5040252774457046,0.8287252002191036
AIMNet2 ensemble,114,78,0.23306534528065045,0.28747560369889047,0.462142325883339,0.4979223515430138,0.8312889410729868
AIMNet2 ensemble,115,78,0.23356685308946817,0.28851122638867616,0.4623502260834535,0.4997161026591937,0.8380923062756603
AIMNet2 ensemble,116,78,0.23234559051836257,0.2867837293913774,0.4605264223971946,0.49672399008994966,0.8314749734223877
AIMNet2 ensemble,117,78,0.2376753875593805,0.2919976928370716,0.4702896287111172,0.5057548396866989,0.8580604774244616
AIMNet2 ensemble,118,78,0.2330711404579934,0.2874805815469402,0.46215213583787107,0.4979309734287482,0.8312935530388353
AIMNet2 ensemble,119,78,0.2337568906700754,0.2884913733246625,0.46339276856036105,0.4996817161436362,0.8286189465557227
AIMNet2 ensemble,120,78,0.2338402991949179,0.2881225390910281,0.4638097370826802,0.49904287651141077,0.8237349004661277
AIMNet2 ensemble,121,78,0.23393154301359464,0.28729911386250745,0.4627319207987319,0.4976166621793788,0.8390327690639939
AIMNet2 ensemble,122,78,0.2323301883261224,0.2869395695130331,0.46089305073909287,0.49699391309851504,0.8222335199670181
AIMNet2 ensemble,123,78,0.23305368536331034,0.2874645588958707,0.46211884766339195,0.49790322138302384,0.8311105327682843
AIMNet2 ensemble,124,78,0.23705607969687237,0.29209753810879485,0.4689859825766952,0.505927776770219,0.8722296055390928
AIMNet2 ensemble,125,78,0.23254039143975802,0.2868656422032064,0.4614424738097533,0.49686586724182824,0.8236003653715449
AIMNet2 ensemble,126,78,0.23306423290968944,0.28747259080296794,0.4621422626902863,0.4979171330541981,0.8311082969048655
AIMNet2 ensemble,127,78,0.23216936145429948,0.28740688143668774,0.4607898654405426,0.4978033210932676,0.8336139265405116
AIMNet2 ensemble,128,78,0.23254417803574895,0.287520617966782,0.46199327313902355,0.49800031854206744,0.8362887941077063
AIMNet2 ensemble,129,78,0.23527810257150855,0.28907927231220903,0.4656909987670261,0.500699987059785,0.837335510948491
AIMNet2 ensemble,130,78,0.23385692988051093,0.2881875364682991,0.4647300905986138,0.49915545527120275,0.8292285849498947
AIMNet2 ensemble,131,78,0.23523638695560042,0.2886506521948824,0.4650552811890077,0.4999575952394291,0.8338716955375017
AIMNet2 ensemble,132,78,0.23430006492673844,0.2885850573413989,0.4655186153778467,0.4998439816204806,0.828468069837969
AIMNet2 ensemble,133,78,0.23503054758135755,0.2884028719820872,0.4646273824823977,0.4995284273217576,0.8318994181791421
AIMNet2 ensemble,134,78,0.2340767245966675,0.2884463450965566,0.4648845812688898,0.4996037249647819,0.8273499399918963
AIMNet2 ensemble,135,78,0.23501129267524984,0.28835665719654485,0.4646043145190896,0.49944838096513744,0.830701958742663
AIMNet2 ensemble,136,78,0.23397394113893,0.28833499062907425,0.4644991682258467,0.4994108533694527,0.8262549452448437
AIMNet2 ensemble,137,78,0.235017752866789,0.288342635748457,0.46464482575133115,0.49942409510465346,0.8298097016492517
AIMNet2 ensemble,138,78,0.233899187287028,0.28825462371279187,0.46424116435957175,0.49927165378720406,0.8253338858910424
AIMNet2 ensemble,139,78,0.23503128894862746,0.288337601235493,0.46470408884576886,0.49941537507240863,0.8291085997213896
AIMNet2 ensemble,140,78,0.23384586659848308,0.2881954403144954,0.4640574652585957,0.4991691451343899,0.8245133610082452
AIMNet2 ensemble,141,78,0.2350462681169567,0.28833551387860445,0.4647659401430033,0.49941175966422396,0.8285628470257356
AIMNet2 ensemble,142,78,0.23306699810494463,0.28747547899210124,0.46214711529347685,0.49792213554451886,0.8311104574339597
AIMNet2 ensemble,143,78,0.23160705177376462,0.2862632431987939,0.4595718682302639,0.49582248155975694,0.8203127374405852
AIMNet2 ensemble,144,78,0.2339821827548254,0.2883125060696526,0.4633986741978839,0.4993719089701485,0.823535299138724
AIMNet2 ensemble,145,78,0.23144945907691386,0.28647575660843433,0.4618232726982752,0.4961905655825439,0.8281837213405598
AIMNet2 ensemble,146,78,0.23306177445184947,0.2874686462652094,0.46213749066832893,0.497910300914388,0.8311117763805183
AIMNet2 ensemble,147,78,0.233933057650808,0.28853922602639565,0.46382037006743004,0.4997645994543175,0.8292657048679165
AIMNet2 ensemble,148,78,0.2331990848286334,0.28698296236640497,0.46255715322362506,0.49706907172524045,0.8218727260277627
AIMNet2 ensemble,149,78,0.233065407806198,0.2874567071748673,0.46214016972215394,0.4978896218033193,0.8308957858311945
AIMNet2 ensemble,150,78,0.23235076177092445,0.28697103254845024,0.4612976361070489,0.49704840867441785,0.8258719808774111
AIMNet2 ensemble,151,78,0.2343853257690485,0.2880288540565266,0.46522634752017794,0.49888060927174527,0.8391454056557157
AIMNet2 ensemble,152,78,0.2330219707452669,0.28807301848956934,0.46169237786816536,0.49895710431366275,0.8271151302388373
AIMNet2 ensemble,153,78,0.23306175734957596,0.28745680860567907,0.46213393928367014,0.49788979748663864,0.8309099192940875
AIMNet2 ensemble,154,78,0.2338076439613574,0.28815406276981,0.4636515049264022,0.4990974771247023,0.8381504209815478
AIMNet2 ensemble,155,78,0.23216279519290536,0.28697137181014426,0.4611432548895647,0.497048996292909,0.8263787241197521
AIMNet2 ensemble,156,78,0.23973855949438053,0.2929813783597795,0.4737832203202441,0.5074586329906988,0.8593795417446324
AIMNet2 ensemble,157,78,0.23487716476879217,0.28857771192394543,0.4649232099714733,0.49983125898424857,0.8364752127954234
AIMNet2 ensemble,158,78,0.23367326129710486,0.2882420556160742,0.4638197226503806,0.4992498852051346,0.8226144724911207
AIMNet2 ensemble,159,78,0.2330619091517001,0.2874571430405751,0.46213552709230316,0.4978903767448705,0.8308649330717293
AIMNet2 ensemble,160,78,0.23266158732928321,0.28778076000798186,0.46178009861657654,0.49845089777461027,0.833219133342433
AIMNet2 ensemble,161,78,0.23321802061899966,0.28693256904691367,0.4624602396177269,0.4969817879355194,0.8199180983125665
AIMNet2 ensemble,162,78,0.23801481424801224,0.29388089979455856,0.47210950232047805,0.5090166498182335,0.8588106503765018
AIMNet2 ensemble,163,78,0.2330664314234311,0.287462139232272,0.46214261515502003,0.49789903040273376,0.8309002947544691
AIMNet2 ensemble,164,78,0.2329459858785563,0.2869605779308071,0.46086376185375155,0.4970303007454862,0.8264590109527615
AIMNet2 ensemble,165,78,0.23210518005339642,0.28648088137328853,0.45919558831574253,0.49619944193564824,0.8306350822122656
AIMNet2 ensemble,166,78,0.23682426472598467,0.2896371006003245,0.4678311653514876,0.5016661739967001,0.8348899926196076
AIMNet2 ensemble,167,78,0.2330702984748912,0.28746312970851956,0.46214709422986033,0.4979007459579182,0.8309122276015158
AIMNet2 ensemble,168,78,0.23318360100104388,0.2873948550658796,0.4622949069551873,0.49778249080799725,0.8303151085254052
AIMNet2 ensemble,169,78,0.23399638737159079,0.28807052377545617,0.4637485616280064,0.49895278334206833,0.8283799579308901
AIMNet2 ensemble,170,78,0.23295400017931145,0.2878921230188941,0.4622386041030546,0.4986437841675941,0.8293022414153057
AIMNet2 ensemble,171,78,0.23275688862275623,0.2871208015052343,0.46147321860799323,0.4973078161169643,0.8308126703865418
AIMNet2 ensemble,172,78,0.23305074297656989,0.2874395137296927,0.46209642761856756,0.4978598418827196,0.8308748335410883
AIMNet2 ensemble,173,78,0.23283969831353388,0.2870381110506888,0.46209869802399367,0.4971645920483906,0.8286610768963337
AIMNet2 ensemble,174,78,0.23332432261087974,0.28774401659799237,0.46270970049914656,0.49838725632166514,0.8288016355673071
AIMNet2 ensemble,175,78,0.23387832851195933,0.2886364219566349,0.46398837757700645,0.4999329477437807,0.8367386812778774
AIMNet2 ensemble,176,78,0.2334194414898041,0.28779508135755505,0.4629874386670147,0.498475703079704,0.8298979114226724
AIMNet2 ensemble,177,78,0.2328057863837848,0.2876589285017026,0.4615925697355838,0.4982398794157719,0.827473544511247
AIMNet2 ensemble,178,78,0.23319661048326853,0.2874796534627473,0.4623682504479584,0.4979293659397724,0.8286298089817647
AIMNet2 ensemble,179,78,0.23467094963187687,0.2890830673352851,0.46522084193370733,0.5007065602325688,0.8257370096065817
AIMNet2 ensemble,180,78,0.23316846580723782,0.2874677506397347,0.46231739751569734,0.49790874964556114,0.8283311170221871
AIMNet2 ensemble,181,78,0.23556803100789792,0.2897976569178787,0.46694807519166315,0.5019442656961802,0.8251468393945546
AIMNet2 ensemble,182,78,0.23306286318786557,0.28727038205484645,0.46198655003264644,0.4975668972287168,0.8282333892188986
AIMNet2 ensemble,183,78,0.23642257141732947,0.2906253878048547,0.4688123972124467,0.5033779376474168,0.8255927248573517
AIMNet2 ensemble,184,78,0.23287916667211392,0.2872300558420463,0.46172065227587467,0.49749705017927004,0.8277902270489146
AIMNet2 ensemble,185,78,0.2361790458990214,0.2902191811755986,0.46800223661766793,0.5026743671271738,0.8249947726384015
AIMNet2 ensemble,186,78,0.23284529376295612,0.2872488368640508,0.4617044223757119,0.4975295798635998,0.8272128024723681
AIMNet2 ensemble,187,78,0.23589809820930047,0.28987775279459127,0.46739405413595436,0.5020829958241233,0.824629944472526
AIMNet2 ensemble,188,78,0.23286628441335291,0.28728052210791716,0.4617445671181631,0.4975844603158266,0.8266710656954818
AIMNet2 ensemble,189,78,0.23562353820493961,0.2896132560138433,0.46693793693584534,0.5016248739614293,0.8243749006242114
AIMNet2 ensemble,190,78,0.2329014015273831,0.28730536256077543,0.4617947988856521,0.49762748524226014,0.8261782398259779
AIMNet2 ensemble,191,78,0.23539191333342638,0.2894132734486995,0.46659586447509444,0.5012784939979723,0.8241187357331411
AIMNet2 ensemble,192,78,0.23293687225077717,0.2873276768155743,0.46184147199634223,0.4976661346653048,0.8257286503948076
AIMNet2 ensemble,193,78,0.2351969233299077,0.2892511550896763,0.466324585470432,0.5009976967633044,0.8238529343592836
AIMNet2 ensemble,194,78,0.2329717391508294,0.28734907499590573,0.4618874906944032,0.4977031974008284,0.8253643000154594
AIMNet2 ensemble,195,78,0.235028053753507,0.28911775988753396,0.46610254130294226,0.5007666494957079,0.8236242969773261
AIMNet2 ensemble,196,78,0.23300560684040889,0.28736990913845334,0.46193352021290707,0.49773928319425303,0.8250437081593871
AIMNet2 ensemble,197,78,0.23487689030243228,0.28900144167278563,0.4659092363903092,0.5005651804379181,0.8233928910638023
AIMNet2 ensemble,198,78,0.23303016881245575,0.28738353208622225,0.4619643608076487,0.4977628788319375,0.824718723915552
AIMNet2 ensemble,199,78,0.23474673831436882,0.28890377398831624,0.4657497226500344,0.5003960150461595,0.8231741077009079
AIMNet2 ensemble,200,78,0.23305641973692198,0.2873992182000469,0.4619985643542037,0.49779004797805526,0.8244485324205857
AIMNet2 ensemble,201,78,0.23463068684387167,0.2888223765867738,0.4656183681955714,0.500255030611084,0.8229912801557482
AIMNet2 ensemble,202,78,0.23307888501096993,0.28741189612518586,0.4620268005405494,0.4978120067885305,0.8242019074519553
AIMNet2 ensemble,203,78,0.23451598227764747,0.2887416830474841,0.46548792220612883,0.5001152653011917,0.8227740244625426
AIMNet2 ensemble,204,78,0.23310018833986093,0.28742643602763535,0.4620556550701679,0.49783719063831017,0.8239359896233629
AIMNet2 ensemble,205,78,0.23441676293065142,0.2886764281278894,0.46538294121437457,0.5000022404650097,0.822618532640095
AIMNet2 ensemble,206,78,0.23312066818154098,0.28743943896679347,0.4620816126585333,0.49785971238957977,0.8237237313322587
AIMNet2 ensemble,207,78,0.23431908291673664,0.28861517481643806,0.46528797014154366,0.4998961466174442,0.822414611588836
AIMNet2 ensemble,208,78,0.23314042704990642,0.28745342779589894,0.46211014874457235,0.4978839417523287,0.8234840885955774
AIMNet2 ensemble,209,78,0.23303284481547434,0.2874341748349714,0.4620766564215003,0.4978505946458061,0.830523920903442
AIMNet2 ensemble,210,78,0.23431067244981327,0.28833736634634183,0.4648612431690532,0.4994149682324646,0.8313966460608544
AIMNet2 ensemble,211,78,0.23344386820166776,0.28768726847871867,0.46353185850255757,0.49828896569584913,0.8368015096470913
AIMNet2 ensemble,212,78,0.23697536705393296,0.28994200913511875,0.4679089966229045,0.5021942910706253,0.830327828206032
AIMNet2 ensemble,213,78,0.23373867768289078,0.2881108399537939,0.4645328256479969,0.4990226130113163,0.833902254357224
AIMNet2 ensemble,214,78,0.23545821096539304,0.2888255243597561,0.4652313223298809,0.50026048271382,0.830252951710316
AIMNet2 ensemble,215,78,0.2335618204534003,0.28797569758167174,0.4642123488376258,0.49878853955654534,0.8322865015775875
AIMNet2 ensemble,216,78,0.23552215447636057,0.2889075610595448,0.46537355845352063,0.5004025744459394,0.8287179147826781
AIMNet2 ensemble,217,78,0.2334180421635407,0.2878609235770498,0.46399351483635254,0.4985897451491519,0.8313583069974102
AIMNet2 ensemble,218,78,0.23558473498759147,0.2889775171903267,0.46551075187367136,0.5005237420187545,0.8273914442942885
AIMNet2 ensemble,219,78,0.23330986286667307,0.2877807642150241,0.46384597151511103,0.4984509050614211,0.8306231830150691
AIMNet2 ensemble,220,78,0.2356081962120319,0.2890131772615494,0.4655766667066374,0.5005855070739138,0.8263213244830848
AIMNet2 ensemble,221,78,0.23322339105399584,0.28772087941128266,0.4637341737277656,0.4983471815387397,0.8300569236243789
AIMNet2 ensemble,222,78,0.23560898175239534,0.28902902819459003,0.4656024709026709,0.5006129616952876,0.8253997380000592
AIMNet2 ensemble,223,78,0.23315193393688044,0.2876759182539433,0.4636483182421904,0.4982693065298608,0.829595063348402
AIMNet2 ensemble,224,78,0.2355957915328231,0.28903255917414933,0.4656009401905414,0.5006190775312847,0.8245716822809909
AIMNet2 ensemble,225,78,0.23763513066070685,0.29033226876165485,0.46944031145834675,0.5028702405719285,0.8229435644300728
AIMNet2 ensemble,226,78,0.23566198806534017,0.28889603142172615,0.465519517525118,0.5003826045274444,0.8230491733397732
AIMNet2 ensemble,227,78,0.23304709992637312,0.28744816027402514,0.4621070846288416,0.49787481813681334,0.8304630958285888
AIMNet2 ensemble,228,78,0.23305987609077547,0.2876667195632717,0.46212588902941765,0.49825337393025454,0.8330441598842915
AIMNet2 ensemble,229,78,0.23303759967174836,0.28745756651978677,0.46208422228883933,0.49789111023238103,0.83063469940551
AIMNet2 ensemble,230,78,0.23145011572498428,0.28625496388693766,0.45853644693347834,0.4958081413709703,0.8330004834035534
AIMNet2 ensemble,231,78,0.2299514837123989,0.2852356232072704,0.45533952357887014,0.49404259152356467,0.8365551899082709
AIMNet2 ensemble,232,78,0.22872619405719183,0.2844126297990811,0.45267727431556454,0.4926171251262866,0.8463946424587242
AIMNet2 ensemble,233,78,0.22779401073479505,0.2838098307758023,0.45067892822163624,0.4915730465912148,0.8561103467230732
AIMNet2 ensemble,234,78,0.2270851298684749,0.28343582212531665,0.44929763373823817,0.4909252446061033,0.8651197249806977
AIMNet2 ensemble,235,78,0.23297836714214076,0.28739406268180984,0.4619516206996514,0.4977811183585293,0.8305863906192812
AIMNet2 ensemble,236,78,0.23303746832921715,0.2874396598561475,0.46208501576104366,0.4978600949811637,0.830469092481458
AIMNet2 ensemble,237,78,0.2314602061733533,0.28623745966369374,0.4585431639693513,0.49577782316696467,0.832852961430878
AIMNet2 ensemble,238,78,0.23298242864785665,0.2873953242228615,0.46196140044973305,0.4977833034117266,0.8305403622840104
AIMNet2 ensemble,239,78,0.2330375928828093,0.28743981337404373,0.4620865850186331,0.49786036088195984,0.8304430478421985
AIMNet2 ensemble,240,78,0.2330445984694183,0.28744659282712,0.46210233043802407,0.49787210323913544,0.8304685012503089
AIMNet2 ensemble,241,78,0.23278583169762504,0.2872399738799677,0.4615166319845434,0.49751422872486123,0.8308544841756902
AIMNet2 ensemble,242,78,0.23252955219795204,0.28704103555919436,0.4609394214394835,0.49716965744570946,0.8312544143585584
AIMNet2 ensemble,243,78,0.2312226729630417,0.2860666277614009,0.458020803142889,0.49548193363263987,0.8331983127044532
AIMNet2 ensemble,244,78,0.22973858810101283,0.28507547790643767,0.4548949728134144,0.493765211725929,0.838257095749699
MACE-OFF23,1,78,0.24384146482747526,0.30056063261916516,0.48416821127529874,0.5205862864514377,0.8476612688906119
MACE-OFF23,2,78,0.24350414441395868,0.300124137788152,0.48348645526297257,0.5198302552268818,0.8513079718691445
MACE-OFF23,3,78,0.24280847000363362,0.2989662014941909,0.48185871978398626,0.5178246507338131,0.846932152806885
MACE-OFF23,4,78,0.24360579922669698,0.2995817405660893,0.4825229697089061,0.5188907956803848,0.8913089701624054
MACE-OFF23,5,78,0.2434421902029579,0.30003956262813974,0.4830549395395155,0.5196837667526821,0.8520570586286291
MACE-OFF23,6,78,0.2428668439445391,0.29931368991906315,0.4822617946895574,0.5184265183407339,0.8421393126833132
MACE-OFF23,7,78,0.24343378139220095,0.3000163922731185,0.4830745730284548,0.5196436345205561,0.8482240814484177
MACE-OFF23,8,78,0.24343264862168615,0.3001312043028215,0.4831962473449276,0.5198424947893217,0.8527152862062045
MACE-OFF23,9,78,0.24299847885321543,0.2999305073584476,0.48290577312254446,0.5194948774847422,0.8502040704985697
MACE-OFF23,10,78,0.24330812438236862,0.2999187204897753,0.4830332549264237,0.5194744620293398,0.8516974670593249
MACE-OFF23,11,78,0.2433675247565058,0.30048801592296925,0.4834945885581591,0.5204605106441484,0.8500258006449721
MACE-OFF23,12,78,0.24308109704512107,0.29995877298052426,0.4829414166773158,0.5195438349782866,0.8562409966738984
MACE-OFF23,13,78,0.2434175779608406,0.300562052363064,0.4837924366842217,0.5205887455200042,0.8511421540655254
MACE-OFF23,14,78,0.2432119087980853,0.3001609407533562,0.48319936004711256,0.5198939998324846,0.8554353384213725
MACE-OFF23,15,78,0.2429969976198233,0.300231790156461,0.4831423296389912,0.520016714598348,0.8509213248254283
MACE-OFF23,16,78,0.24356805878604185,0.30066312888754193,0.4838081003581083,0.5207638151958525,0.8600537762138725
MACE-OFF23,17,78,0.2430846440529655,0.3002216877449504,0.4832778552915133,0.5199992167083326,0.8535325587021639
MACE-OFF23,18,78,0.2433801345124083,0.30058140812026224,0.48358808430256744,0.5206222706748906,0.8520750293907605
MACE-OFF23,19,78,0.2431307026162267,0.30020069751298273,0.4831795806096061,0.519962860560102,0.8603883272429032
MACE-OFF23,20,78,0.2434101220797239,0.30071100190772115,0.48375801872218377,0.5208467336991146,0.8492747234073981
MACE-OFF23,21,78,0.24322813408512287,0.30044677212590476,0.48339093412885886,0.5203890742921358,0.8586233010556136
MACE-OFF23,22,78,0.24304254455902552,0.3000348749850182,0.4828754988876739,0.5196756475166279,0.847518822247012
MACE-OFF23,23,78,0.24347780545079117,0.3010962339083949,0.484216829931094,0.5215139750969829,0.8570478196251896
MACE-OFF23,24,78,0.24296621153981227,0.3000138443754167,0.4827123879944939,0.5196392214322839,0.8512102276871677
MACE-OFF23,25,78,0.24321172842509667,0.30061562226825705,0.4836784398805396,0.5206815313175551,0.8546041966893666
MACE-OFF23,26,78,0.24340685722591993,0.30089615967574485,0.4836907481000624,0.5211674363607477,0.8523530505118847
MACE-OFF23,27,78,0.24310044826193172,0.30029656801950927,0.4831678403634255,0.5201289131483533,0.8529070199720975
MACE-OFF23,28,78,0.24311354831572965,0.3003077107272788,0.483253330246651,0.520148212884344,0.8507873065390666
MACE-OFF23,29,78,0.2428692568324048,0.3001055032810616,0.48290337918086906,0.5197979793138272,0.8530377248770371
MACE-OFF23,30,78,0.24311127533124768,0.3003062383890745,0.4832060262328171,0.5201456627197684,0.8522471424825482
MACE-OFF23,31,78,0.2434083017691157,0.3005543862669201,0.4835278620063042,0.5205754674519871,0.8536846575607304
MACE-OFF23,32,78,0.24268272062196922,0.29993306537831627,0.4826184092818825,0.5194993081051215,0.8549718474725237
MACE-OFF23,33,78,0.2431839282750768,0.3003662690383047,0.48328287701691525,0.5202496388542462,0.8525942080942173
MACE-OFF23,34,78,0.24335810574960878,0.300484166292632,0.4834418431881383,0.5204538428888141,0.8546526179938432
MACE-OFF23,35,78,0.243186408599012,0.3003195597031645,0.4831367782652488,0.5201687359125957,0.8511615990516419
MACE-OFF23,36,78,0.24321613450521273,0.30038913590280375,0.48331517105056815,0.5202892454253686,0.8529307601440874
MACE-OFF23,37,78,0.24284817440895018,0.3000941553447974,0.4829792841391995,0.5197783241116565,0.8478411341503318
MACE-OFF23,38,78,0.24317433224638685,0.30051012329859983,0.483446943818262,0.5204988017419627,0.8562479344727068
MACE-OFF23,39,78,0.2431683478878816,0.3003532906456882,0.48327464838299417,0.520227159618834,0.8522929871515093
MACE-OFF23,40,78,0.2432095406435198,0.300297642813153,0.4832310007150304,0.5201307747455519,0.8516638165003442
MACE-OFF23,41,78,0.24317126732476704,0.3003654666572264,0.4833107274648879,0.5202482490894518,0.853717789154355
MACE-OFF23,42,78,0.24316735294962563,0.30035431040924865,0.48327723741525364,0.5202289259011323,0.8524029413495672
MACE-OFF23,43,78,0.24323904066784882,0.3002862311355627,0.4831927973805374,0.520111009140166,0.8527507882599066
MACE-OFF23,44,78,0.24340555532835495,0.3006139902913467,0.4836620812611319,0.5206787046506297,0.8514037673081947
MACE-OFF23,45,78,0.2431698908567854,0.3003530311122649,0.4832761482950295,0.5202267100937586,0.852396639924992
MACE-OFF23,46,78,0.2429731789541185,0.30017184263169516,0.48301894917759114,0.5199128824396656,0.8536185492069509
MACE-OFF23,47,78,0.24321199930060672,0.30025024241142484,0.4831604673839034,0.5200486748414596,0.8539479598508671
MACE-OFF23,48,78,0.24317464294668212,0.30034841112993477,0.48327177273418787,0.5202187080496327,0.8525180487243559
MACE-OFF23,49,78,0.2430591750881851,0.300277746544564,0.48308857583345105,0.5200963133974746,0.8554679759194953
MACE-OFF23,50,78,0.24325699762441258,0.30054517418695037,0.4835704055516864,0.5205595116614363,0.854543539725942
MACE-OFF23,51,78,0.243167802318283,0.30034399320436667,0.4832618225191297,0.5202110559780847,0.8526799271996299
MACE-OFF23,52,78,0.24319211143679026,0.30033446208534964,0.4832147893373832,0.5201945475956943,0.8520505417143187
MACE-OFF23,53,78,0.24311353190445523,0.3003111986615772,0.48323737674540623,0.5201542541637624,0.8531118733607711
MACE-OFF23,54,78,0.24316356955948204,0.3003416987284154,0.48326061065933257,0.5202070818291602,0.8527237475838988
MACE-OFF23,55,78,0.2433643334797311,0.30039644634412477,0.4833601840336598,0.5203019074811622,0.8514889425862324
MACE-OFF23,56,78,0.24304002553461845,0.30027183656279666,0.48321632017686594,0.5200860770087818,0.853958541301334
MACE-OFF23,57,78,0.24319680743492317,0.3003523817999199,0.4832788748706865,0.5202255854517871,0.8525172334951363
MACE-OFF23,58,78,0.24311371847093316,0.3001989945367428,0.48301006446855344,0.5199599109187304,0.8537897562085224
MACE-OFF23,59,78,0.24325125290235797,0.30032426118272454,0.48324411448329047,0.5201768791140644,0.8514420387933126
MACE-OFF23,60,78,0.2431971901645172,0.30035197267335295,0.48327780271940424,0.5202248768237864,0.8525911976607186
MACE-OFF23,61,78,0.2432806819681139,0.30055796739918944,0.483598282689279,0.5205816701550263,0.851859911677759
MACE-OFF23,62,78,0.24298991359357008,0.3000934178949572,0.4828452773062254,0.5197770468110651,0.852398480206983
MACE-OFF23,63,78,0.24317219810855403,0.30032437334831624,0.483231908956306,0.5201770733905682,0.8525537972043247
MACE-OFF23,64,78,0.2432820072939748,0.3004089428146228,0.4833525414617785,0.5203235520029801,0.8522114456726985
MACE-OFF23,65,78,0.24309701716713505,0.3003235429615666,0.4832619521554405,0.5201756351185279,0.8526118716060685
MACE-OFF23,66,78,0.2431865051440582,0.3003356095005174,0.48324888853430453,0.5201965349770622,0.8525235385804087
MACE-OFF23,67,78,0.2429913798627063,0.3001449071312103,0.4829273210104916,0.5198662287842986,0.8494418398305941
MACE-OFF23,68,78,0.24321810102784386,0.30040860134100794,0.48332332082394974,0.5203229605533297,0.8523212160378283
MACE-OFF23,69,78,0.24318890825355494,0.3003408190775592,0.4832534409551266,0.5202055582291845,0.8525483688683889
MACE-OFF23,70,78,0.24309445153962078,0.300269217662147,0.48306839065789564,0.5200815409397966,0.8513597868230163
MACE-OFF23,71,78,0.24308551466622125,0.30037893608518346,0.4832891459388463,0.5202715788230222,0.8529954895573667
MACE-OFF23,72,78,0.2431872759891905,0.3003399301557213,0.48325292889099347,0.5202040185713972,0.8525183346046676
MACE-OFF23,73,78,0.24292774901886172,0.3002076497020552,0.48298364116288156,0.5199749021047995,0.8524728399170738
MACE-OFF23,74,78,0.2432390542648723,0.3004244335251003,0.4833888976144047,0.5203503827005724,0.8525216001002888
MACE-OFF23,75,78,0.24318850214511376,0.3003423517452088,0.4832572718597702,0.5202082128874247,0.8525274959005174
MACE-OFF23,76,78,0.24318532224290174,0.3004342752562528,0.48343121511027687,0.5203674290789632,0.8538870881274744
MACE-OFF23,77,78,0.243274447364845,0.30038225005975433,0.4833535877771524,0.5202773187953539,0.8515703462868512
MACE-OFF23,78,78,0.2431930079378104,0.3003443314250596,0.48326182045675936,0.520211641793509,0.8524888598875998
MACE-OFF23,79,78,0.24297959884333015,0.30006990252413773,0.482857500858233,0.519736316994047,0.852000056053693
MACE-OFF23,80,78,0.24315080873914155,0.30027767331492283,0.48317340603646514,0.5200961865600158,0.8526745803386763
MACE-OFF23,81,78,0.24319365091604575,0.3003446185166694,0.4832627059018621,0.5202121390507636,0.8524946130095445
MACE-OFF23,82,78,0.24315897035392095,0.3003230439743468,0.48326237691755725,0.5201747708473108,0.8527186175542786
MACE-OFF23,83,78,0.24324588718092174,0.30041078773724894,0.483317336654149,0.5203267475027046,0.8537400707065846
MACE-OFF23,84,78,0.24318856743273454,0.30033992162776085,0.48325833177348826,0.5202040038005364,0.8525171361090446
MACE-OFF23,85,78,0.2431357273684999,0.30018538857459515,0.48305381489618215,0.5199363447010047,0.8525680072922961
MACE-OFF23,86,78,0.2432533226976752,0.3004535369539763,0.4834025063946291,0.5204007913180602,0.8498685662588059
MACE-OFF23,87,78,0.24318641793533402,0.30032820612092376,0.48324332746766957,0.5201837119474583,0.8525401178070369
MACE-OFF23,88,78,0.24315478492403797,0.30026554973486014,0.48311573436964533,0.5200751879033774,0.8540286407550304
MACE-OFF23,89,78,0.2430986906557276,0.30019925939447545,0.4831392561075617,0.51996036966578,0.8541960829390539
MACE-OFF23,90,78,0.2431815200838347,0.3003219711915946,0.483231738591014,0.5201729127330785,0.8526432560889374
MACE-OFF23,91,78,0.2431996959527305,0.3003866504418842,0.4833289115738197,0.5202849404807756,0.851207613644826
MACE-OFF23,92,78,0.24321664177633368,0.30040397608614133,0.4833086025422648,0.5203149493769028,0.8524822222961318
MACE-OFF23,93,78,0.24318114777648928,0.3003291421739372,0.48324158690777186,0.520185333238836,0.8524884435171703
MACE-OFF23,94,78,0.24321936313514253,0.3003132835870517,0.4833174592927739,0.5201578653606141,0.8510677569860917
MACE-OFF23,95,78,0.24337341132620835,0.30034101618965514,0.4833107370906532,0.5202058996373493,0.8520494313484223
MACE-OFF23,96,78,0.24318461777764866,0.3003287210019537,0.4832479560725543,0.5201846037475618,0.8524386096538316
MACE-OFF23,97,78,0.2432380084631335,0.3003799070924614,0.48335306134450745,0.5202732606569621,0.853205165133947
MACE-OFF23,98,78,0.2432173586930701,0.30040370866592264,0.4833510804336595,0.520314486191497,0.8520071250698573
MACE-OFF23,99,78,0.24319169872122315,0.30033699050768703,0.48326338170877664,0.5201989269516455,0.8525239618663569
MACE-OFF23,100,78,0.24307056066468738,0.30029630010391056,0.48313296681849377,0.5201284491049243,0.8530236298253735
MACE-OFF23,101,78,0.24325055161572803,0.30027028211256834,0.4831589649178169,0.5200833846220086,0.8529757843740057
MACE-OFF23,102,78,0.24319468898219657,0.30032756795634796,0.48324898079487244,0.5201826066139894,0.8525701014173065
MACE-OFF23,103,78,0.24300559505282696,0.30009062088883764,0.48283276236828315,0.519772202254357,0.8529336957798955
MACE-OFF23,104,78,0.2433355811878806,0.3003970808898154,0.4834326192910753,0.5203030065465383,0.8507429296567075
MACE-OFF23,105,78,0.2466282580202478,0.3058668154806967,0.48964089992543375,0.5297768647618615,0.9569630135166234
MACE-OFF23,106,78,0.24327486144043944,0.3004570990891551,0.4834037557428563,0.5204069611171733,0.8530441319259074
MACE-OFF23,107,78,0.24218531119823158,0.29866292393983307,0.48121821469515963,0.5172993586008701,0.8474045704659399
MACE-OFF23,108,78,0.24315672836602062,0.3001127741945945,0.48299686725589736,0.5198105729054835,0.8520863571525494
MACE-OFF23,109,78,0.24605047186807977,0.30450695229921243,0.48811859414313513,0.5274215126401886,0.9394292026767689
MACE-OFF23,110,78,0.24329167406621044,0.3004794403458215,0.48343411176825896,0.5204456573088245,0.8530922589273157
MACE-OFF23,111,78,0.24406012279339598,0.3020921694338015,0.485172322728767,0.5232389860280501,0.8734623699412357
MACE-OFF23,112,78,0.24331444446743186,0.3007435744063189,0.48353008537230774,0.5209031509216153,0.854992086266947
MACE-OFF23,113,78,0.24425684280653984,0.30115255838780586,0.48500611438667607,0.5216115319570327,0.8524004575809753
MACE-OFF23,114,78,0.24329253721844726,0.3004787076184345,0.48343380461167723,0.520444388187762,0.853097323836967
MACE-OFF23,115,78,0.24474602164131384,0.3026235811747535,0.4859486002032692,0.5241594181631175,0.8747190400599726
MACE-OFF23,116,78,0.2431842605729878,0.3000242843991844,0.4828929345015327,0.5196573040838818,0.8506482292633364
MACE-OFF23,117,78,0.24520096920741727,0.30315186306568676,0.4865598386390883,0.5250744292389325,0.9226776976763947
MACE-OFF23,118,78,0.24329544169192827,0.30048177918122104,0.48343840311224456,0.5204497082905669,0.8531353510985761
MACE-OFF23,119,78,0.24397409726888003,0.3015990666129396,0.4846468732448845,0.5223849068889616,0.8567806502831947
MACE-OFF23,120,78,0.24322304340409348,0.3003943517860373,0.4832784012367321,0.5202982796001353,0.8522453487843686
MACE-OFF23,121,78,0.2436536617319999,0.30138865536123344,0.4839492688113768,0.5220204639105224,0.8699949551482548
MACE-OFF23,122,78,0.2436063065488593,0.3006103372326071,0.4839645707910851,0.5206723773672897,0.8420236314836256
MACE-OFF23,123,78,0.24330050507207274,0.3004811056579679,0.4834454218815266,0.5204485417140724,0.8529092552495966
MACE-OFF23,124,78,0.2464991026284001,0.3056130840498184,0.4891857593236206,0.5293373890321033,0.9540072442923592
MACE-OFF23,125,78,0.24348863463746478,0.3007176542656729,0.4839596887270615,0.5208582559210772,0.8400209362433182
MACE-OFF23,126,78,0.24329653918506017,0.3004817865928505,0.48344145244343023,0.5204497211278858,0.8529742298660231
MACE-OFF23,127,78,0.24346783628300248,0.30123562936607357,0.48426481526863824,0.5217554151120268,0.8614714521033997
MACE-OFF23,128,78,0.24368392402964895,0.3010722674920604,0.48420427771433167,0.5214724640462162,0.856674685920338
MACE-OFF23,129,78,0.24282893351713244,0.2998104515024137,0.48220756799694126,0.5192869346423454,0.8522483214532739
MACE-OFF23,130,78,0.24439506447315199,0.3025344257230811,0.48623507954947126,0.5240049963910491,0.8536399900554991
MACE-OFF23,131,78,0.24223934740269676,0.2994804577737306,0.48117779642703506,0.5187153687380872,0.8551629578688403
MACE-OFF23,132,78,0.2449053255893319,0.30290214273710664,0.4870642622916756,0.5246419009421489,0.8518964796537879
MACE-OFF23,133,78,0.24221825480885537,0.2995374526943428,0.4811940083617027,0.5188140868363608,0.8553687017231851
MACE-OFF23,134,78,0.24467933339672365,0.3025783058935734,0.4866812247656088,0.5240809990757866,0.8518826339473826
MACE-OFF23,135,78,0.24221563569588803,0.29959805642461584,0.4812051535821538,0.5189190555763218,0.855446757176309
MACE-OFF23,136,78,0.24454876347625992,0.3023869951865028,0.4864214708856167,0.5237496392111084,0.851843085010058
MACE-OFF23,137,78,0.2422103992957922,0.299637782747353,0.48120128785488514,0.5189878635857006,0.8555341148193054
MACE-OFF23,138,78,0.2445116507070577,0.30227582702250394,0.4862608045242533,0.5235570903028781,0.8518323905667476
MACE-OFF23,139,78,0.24219526499700816,0.2996608655710217,0.48118045851133745,0.5190278442090769,0.8555889863154096
MACE-OFF23,140,78,0.24448313716746062,0.30220637871009365,0.48615556943723237,0.5234368022972837,0.8517741435572962
MACE-OFF23,141,78,0.24217821050504296,0.29967852797138933,0.4811583446555865,0.5190584363838974,0.8557337711109153
MACE-OFF23,142,78,0.24329483261410037,0.3004817824498886,0.48343845803766083,0.5204497139520653,0.8530055561255582
MACE-OFF23,143,78,0.24261063278595313,0.29996445480523837,0.48255514389619947,0.5195536761873711,0.8435926629747563
MACE-OFF23,144,78,0.24404204223295953,0.3013332932873018,0.48483626909399175,0.5219245739856605,0.8524680027160885
MACE-OFF23,145,78,0.24209502979532996,0.2996714197604101,0.48150219313614057,0.5190461246013305,0.8479942254801598
MACE-OFF23,146,78,0.24329155395488908,0.30047657021810326,0.48343116342507086,0.5204406861017922,0.8529759587987293
MACE-OFF23,147,78,0.24431632501272688,0.30190779065537804,0.4852448847615376,0.5229196326159831,0.8548038317830615
MACE-OFF23,148,78,0.24306748463803293,0.30047168283869247,0.4833027752908397,0.5204322209123369,0.8475887129922107
MACE-OFF23,149,78,0.24328803925464088,0.3004771962088627,0.4834291815468451,0.5204417703495925,0.8528822597091984
MACE-OFF23,150,78,0.24383575193421234,0.3011990716267213,0.4848271858604332,0.5216920952500588,0.8465793634065711
MACE-OFF23,151,78,0.2434307519487739,0.3000342655844626,0.4832403955791392,0.5196745920039034,0.8521213492375577
MACE-OFF23,152,78,0.24459797740231734,0.30311865496259005,0.4861915991547377,0.5250169111171459,0.8553358230339398
MACE-OFF23,153,78,0.24328764494558117,0.3004802874619506,0.4834308018040957,0.5204471245569998,0.8529024642658274
MACE-OFF23,154,78,0.24388909820815058,0.30110495919037383,0.4844918574659779,0.5215290877286808,0.8571197745228383
MACE-OFF23,155,78,0.24270497622574463,0.30022955717480826,0.48298317087033155,0.5200128469606732,0.8444739889944097
MACE-OFF23,156,78,0.2458889788190524,0.30329390799887923,0.4870710852614931,0.5253204582801795,0.8965563156298387
MACE-OFF23,157,78,0.2443127391595254,0.30134991817475065,0.48477797382419713,0.521953369135392,0.8586186783934496
MACE-OFF23,158,78,0.24332347207047997,0.3009117932526376,0.48394370391556907,0.52119451451023,0.8422476301892543
MACE-OFF23,159,78,0.24328938258910565,0.3004821269152606,0.48343546113906133,0.520450310583591,0.8528483722142176
MACE-OFF23,160,78,0.24410503152309954,0.3012582267560946,0.4849416094663857,0.5217945549396615,0.8476676187592429
MACE-OFF23,161,78,0.24290213640425462,0.3000755859060155,0.48285123716671124,0.5197461609002183,0.848956297550823
MACE-OFF23,162,78,0.24631217702430352,0.3053128609174617,0.49022786997019424,0.5288173873132538,0.9328205499728328
MACE-OFF23,163,78,0.2432940654843013,0.3004872562119155,0.48344310483083536,0.5204591947860043,0.8529029758695784
MACE-OFF23,164,78,0.243384035867885,0.3007024221409442,0.48353066748261214,0.5208318731071399,0.8510612162474424
MACE-OFF23,165,78,0.2439489218050645,0.30122507876956456,0.4844900617068226,0.521737140942823,0.8491415521081306
MACE-OFF23,166,78,0.24260099685359254,0.30017558821513746,0.48153083618541886,0.5199193699804914,0.860613955206225
MACE-OFF23,167,78,0.24328806195205366,0.30048221386416385,0.4834320541467247,0.520450461183509,0.8529110326342185
MACE-OFF23,168,78,0.24348883829200724,0.3008346840808139,0.48409466232472553,0.5210609575069017,0.8538024654008544
MACE-OFF23,169,78,0.2433337608187289,0.30052344854035085,0.4837255928221227,0.5205218817376988,0.851964724323489
MACE-OFF23,170,78,0.24410933017676442,0.30171422143800725,0.48509856467410417,0.5225843608967154,0.8523848575199509
MACE-OFF23,171,78,0.2434202693117107,0.3007972105981505,0.4837567564045381,0.5209960515309922,0.8540313502421746
MACE-OFF23,172,78,0.2432951897842535,0.30049696100479006,0.4834466459897622,0.52047600398034,0.8529711455909569
MACE-OFF23,173,78,0.2435671299187159,0.3007464551811702,0.4838484179854416,0.520908140570023,0.8547341395068615
MACE-OFF23,174,78,0.24325076126359949,0.30063312380926804,0.48359522531388804,0.5207118448757969,0.8545579331449767
MACE-OFF23,175,78,0.24462756338596423,0.301707678125934,0.4856571552716714,0.5225730275477548,0.8473319809176613
MACE-OFF23,176,78,0.2433974377532028,0.30072836229800365,0.48385219640175475,0.5208768027771231,0.8542109909892585
MACE-OFF23,177,78,0.24415650846611855,0.30154987113358894,0.48492874886636106,0.5222996978192235,0.8492157924120862
MACE-OFF23,178,78,0.24310602373941442,0.3004573090874091,0.4832330160543237,0.5204073248448187,0.8542012964210947
MACE-OFF23,179,78,0.24487061762453374,0.30240668166445217,0.48642106659015677,0.5237837371911388,0.8487202230778912
MACE-OFF23,180,78,0.243094659618345,0.3005148635600185,0.4832644261911584,0.5205070121155809,0.8545438464691036
MACE-OFF23,181,78,0.24486673427523065,0.30250963015242727,0.48647873731968655,0.5239620492028741,0.8477879709744215
MACE-OFF23,182,78,0.24287802151833582,0.30035180515270515,0.4828403381476316,0.5202245866695131,0.8550970875861704
MACE-OFF23,183,78,0.24495464833764913,0.30264312847693364,0.48676627675477346,0.5241932750836444,0.8474879711609925
MACE-OFF23,184,78,0.24304668071404625,0.3005299149789239,0.48314169822663455,0.5205330819378512,0.854908640570824
MACE-OFF23,185,78,0.24462190956134378,0.3021674081614448,0.4861718267894214,0.523369303327025,0.8484183961968528
MACE-OFF23,186,78,0.24309091682170728,0.30056705480004925,0.48319643922705535,0.5205974099950244,0.8547083760883063
MACE-OFF23,187,78,0.24449253958142267,0.30200716227540675,0.48597122855457525,0.5230917493107032,0.8490142608820246
MACE-OFF23,188,78,0.24310221764828482,0.3005831445331864,0.4832202081755116,0.5206252782302981,0.854701146109786
MACE-OFF23,189,78,0.24444893635244136,0.30195914333725454,0.4858966725955338,0.5230085780700982,0.8494148592322485
MACE-OFF23,190,78,0.24308558924423912,0.3005734820736812,0.48319782309892406,0.5206085423595089,0.8546308490884297
MACE-OFF23,191,78,0.24444524345079896,0.30195910461945846,0.48588818089142943,0.5230085110089082,0.8496675104947877
MACE-OFF23,192,78,0.24306840492896972,0.30056321680222275,0.4831737418569673,0.5205907623877893,0.8546397726115208
MACE-OFF23,193,78,0.24445236389469477,0.30196902777694073,0.48589528918965597,0.5230256984218389,0.8498659762458675
MACE-OFF23,194,78,0.24305945365942386,0.30055278685621745,0.48314955059964465,0.5205726971913881,0.8546369219457717
MACE-OFF23,195,78,0.24446207867850134,0.3019826465165374,0.48590737509711956,0.5230492867707554,0.8500256982724109
MACE-OFF23,196,78,0.2430534133414051,0.30054553308452353,0.4831304231334154,0.5205601332902677,0.8546374232924315
MACE-OFF23,197,78,0.24447068382896245,0.3019932199059309,0.48591709344841616,0.5230676004183932,0.8501570232582771
MACE-OFF23,198,78,0.24304210397914588,0.3005330956620689,0.48310306395088193,0.5205385910426611,0.854678209001841
MACE-OFF23,199,78,0.24448306456671567,0.30200563918060447,0.4859300437068252,0.523089111233121,0.8502677493096056
MACE-OFF23,200,78,0.2430349500952046,0.30052554475210363,0.48308490680241123,0.520525512482958,0.854663409730332
MACE-OFF23,201,78,0.24450173889724297,0.30202039218503945,0.4859485738809315,0.5231146641863667,0.8504186691589699
MACE-OFF23,202,78,0.24302603457108093,0.30051645019224815,0.4830640082064711,0.5205097602432157,0.8546620979336327
MACE-OFF23,203,78,0.24451440390889737,0.3020284587142297,0.48595712022610144,0.5231286358247649,0.8504827182550835
MACE-OFF23,204,78,0.24301869044258767,0.30050981749925015,0.4830466107151138,0.5204982720819522,0.8547037533502239
MACE-OFF23,205,78,0.2445332981600315,0.30204192672279867,0.48597604583922843,0.5231519630998831,0.8506287542090347
MACE-OFF23,206,78,0.24300928234157393,0.30050050441119663,0.48302445048727505,0.5204821413402682,0.8547237782969933
MACE-OFF23,207,78,0.2445504053825458,0.30205542758507165,0.48599570498825057,0.5231753472792858,0.8506929147891859
MACE-OFF23,208,78,0.24300311055397888,0.30049496899832284,0.4830097938661542,0.5204725537239298,0.854703118373041
MACE-OFF23,209,78,0.2432777748669995,0.30049676736883296,0.4834268361985991,0.5204756685930242,0.853043083783293
MACE-OFF23,210,78,0.24455025754989093,0.3014199603852552,0.48554002347807984,0.5220746858026604,0.8512299485773238
MACE-OFF23,211,78,0.24395792091202093,0.30100185467167195,0.48466788559797835,0.5213505054637991,0.8490081319601906
MACE-OFF23,212,78,0.24339583240020662,0.3006431755897722,0.48292158444638217,0.5207292550703367,0.8576644375078888
MACE-OFF23,213,78,0.24472662777325974,0.30219290558584844,0.486158080630339,0.5234134661615543,0.851529559702378
MACE-OFF23,214,78,0.2427011377295335,0.2997798814797641,0.4815862755785655,0.5192339858099277,0.8561592523330271
MACE-OFF23,215,78,0.24491554131656673,0.30247223345340796,0.4865662862865112,0.5238972762201373,0.852535835002823
MACE-OFF23,216,78,0.24266457361503746,0.2997792595093435,0.48153609269271996,0.5192329085255584,0.8554976396504161
MACE-OFF23,217,78,0.24496472408960138,0.3025212682031672,0.4866255718819602,0.5239822068980566,0.8528864144174721
MACE-OFF23,218,78,0.24266775348790795,0.2998119876738001,0.4815527655903773,0.5192895953692357,0.8551622850223798
MACE-OFF23,219,78,0.2450024663836741,0.30254170411660686,0.4866511104873682,0.5240176029384332,0.85303107339581
MACE-OFF23,220,78,0.24267768566575296,0.2998415312028838,0.48157802532890503,0.5193407662626438,0.8549002740642476
MACE-OFF23,221,78,0.24503345805198015,0.3025544328417193,0.4866684374856843,0.5240396497370434,0.8530492870061033
MACE-OFF23,222,78,0.24268912182027405,0.2998694730347144,0.48160702004689665,0.5193891629350307,0.8548186606405702
MACE-OFF23,223,78,0.24505643485205617,0.30256028377588823,0.48667613844120194,0.5240497838522958,0.8529999596120942
MACE-OFF23,224,78,0.24270000836497413,0.2998946783197725,0.48163648765895356,0.5194328197693706,0.8547306095172095
MACE-OFF23,225,78,0.24352620838652544,0.30089013359640937,0.4839551158323941,0.5211569988851683,0.852768617713615
MACE-OFF23,226,78,0.242402992093149,0.2998719523458627,0.48174401994975763,0.5193934572279074,0.8473778524763345
MACE-OFF23,227,78,0.2432666142248423,0.3004920979125714,0.4834119340899093,0.5204675808575355,0.8530289946690163
MACE-OFF23,228,78,0.24302831319702836,0.3002123984422058,0.48279985043126405,0.5199831271640122,0.8464620975490852
MACE-OFF23,229,78,0.24324594808944733,0.3004705031459597,0.4833673425335881,0.5204301776245863,0.852554785464631
MACE-OFF23,230,78,0.24205509894605584,0.29943695811385396,0.48115507869592505,0.5186400251170687,0.8471512300849864
MACE-OFF23,231,78,0.24090469049358165,0.29844580457771674,0.47898761317505406,0.5169232968343777,0.8418264901067829
MACE-OFF23,232,78,0.23995017072381306,0.29750975951702857,0.4768855350652726,0.5153020192310918,0.8366290870101375
MACE-OFF23,233,78,0.2391875919074235,0.29663091220493243,0.4748542501024137,0.5137798110344459,0.8316824192131256
MACE-OFF23,234,78,0.2384154285838521,0.2958162526967621,0.4729113028808693,0.5123687793754258,0.8270899865129262
MACE-OFF23,235,78,0.24321755093859682,0.3004478163420218,0.4833185585727666,0.5203908829275045,0.8527770914558869
MACE-OFF23,236,78,0.24325949618983947,0.30048473911906093,0.48339812124628323,0.5204548350532928,0.8529597673556761
MACE-OFF23,237,78,0.2420701987291212,0.2994501352842849,0.481184303462387,0.5186628486457552,0.8475846549408476
MACE-OFF23,238,78,0.24321989744820652,0.3004491365260916,0.483323491790759,0.5203931695533889,0.8527917295401635
MACE-OFF23,239,78,0.2432591038374993,0.30048483847249113,0.48339785262824475,0.5204550071384819,0.8529905242437075
MACE-OFF23,240,78,0.24326515321730344,0.30049098577499556,0.48340923644695505,0.5204656545787492,0.8530304415536859
MACE-OFF23,241,78,0.24307673895164675,0.3003200488044132,0.4830490771939876,0.5201695830608085,0.8521463699721245
MACE-OFF23,242,78,0.242888635721174,0.3001529695733573,0.4826941753370609,0.5198801933437301,0.8512786882437451
MACE-OFF23,243,78,0.24188300162970933,0.2992944371052428,0.4808461430685344,0.5183931714890083,0.8467277291784696
MACE-OFF23,244,78,0.24073076751969258,0.2983116450454284,0.4786877832829376,0.5166909257081345,0.8413835627904043
UMA/OMol,1,78,0.15969003013004582,0.194379192716287,0.31494106966272756,0.33667463771883127,0.5595734520707548
UMA/OMol,2,78,0.15920170705190337,0.19374958108326046,0.3141133103534446,0.3355841183813929,0.560857425576884
UMA/OMol,3,78,0.15877576359300222,0.19339456716426118,0.31367605219032285,0.33496921623629206,0.5653649105675598
UMA/OMol,4,78,0.1594451774546828,0.1940134247241881,0.3143410748888233,0.3360411089727336,0.5651467282073004
UMA/OMol,5,78,0.15907860827665646,0.1938246698495917,0.314182649427365,0.33571417593975633,0.5595287049375158
UMA/OMol,6,78,0.158714176120394,0.1934383806669529,0.3136172519113555,0.33504510344901167,0.5740563613037442
UMA/OMol,7,78,0.15905767089452366,0.19377552970448578,0.31410643953848894,0.33562906271174153,0.5639084670401745
UMA/OMol,8,78,0.15909385332718826,0.19390063958819656,0.31424175992364994,0.3358457593868577,0.5687040234675451
UMA/OMol,9,78,0.1588521887306794,0.1935507596792313,0.3138329282349141,0.3352397496079823,0.562620102386056
UMA/OMol,10,78,0.15915120292457205,0.19385251254123084,0.3142219966285473,0.3357624008962948,0.5635651323452934
UMA/OMol,11,78,0.15912057866433565,0.19392643545458252,0.31427074803075006,0.33589043913806343,0.5673098614710657
UMA/OMol,12,78,0.1590404129665039,0.19367089726927944,0.3139644247077978,0.33544783401784456,0.5598350342873729
UMA/OMol,13,78,0.15926385015406969,0.1940202073842065,0.3144618098222823,0.33605285688449593,0.5654928808032763
UMA/OMol,14,78,0.1591650159075516,0.19380197376430944,0.31416214105371154,0.33567486516691447,0.5565263327229361
UMA/OMol,15,78,0.15902469387758755,0.19372203463297535,0.3139701522006907,0.33553640652993094,0.5653912226038288
UMA/OMol,16,78,0.15950527173805695,0.19413976899668187,0.3146053548414691,0.3362599436719381,0.5623144487358562
UMA/OMol,17,78,0.15909807470796344,0.1937696981245528,0.3140978090494262,0.3356189621190092,0.5578895006494595
UMA/OMol,18,78,0.15948679018032044,0.19412108968203862,0.3145621173416773,0.3362275901499254,0.5621793344888101
UMA/OMol,19,78,0.15917400560156586,0.1937758255765446,0.3141015650339383,0.33562957517717995,0.5580109903801442
UMA/OMol,20,78,0.1595181846730144,0.19416579344888107,0.3146063314526404,0.33630501934538626,0.5609607495785687
UMA/OMol,21,78,0.15941293311998236,0.19405304868266238,0.31446378261984015,0.336109739682008,0.565792441702906
UMA/OMol,22,78,0.15935552183475027,0.19396931133911577,0.3144046485577351,0.33596470234849457,0.5505205745054871
UMA/OMol,23,78,0.15952303078765315,0.19418397165378135,0.31461783148262334,0.3363365049198639,0.5662123141714592
UMA/OMol,24,78,0.1594563180731896,0.1941016587737581,0.3145370105497764,0.33619393482954646,0.5600235865283367
UMA/OMol,25,78,0.15955370948107692,0.1942181121043337,0.3147469463225067,0.336395637914814,0.5579347652053575
UMA/OMol,26,78,0.15950321152864627,0.19420893178524032,0.3146633807895648,0.3363797371357145,0.5657019019800482
UMA/OMol,27,78,0.15951930687034208,0.194173679685685,0.3146594630714215,0.33631867870821125,0.5593470423733764
UMA/OMol,28,78,0.15953838138913218,0.19422794387049877,0.3147604853646023,0.33641266703334,0.5556408420406045
UMA/OMol,29,78,0.15939866209474268,0.1939806217791856,0.3143908567200431,0.3359842926053514,0.5595463533019583
UMA/OMol,30,78,0.15952841704013487,0.194194692220144,0.31469653131513714,0.33635507348548993,0.5581964366792092
UMA/OMol,31,78,0.15962664093137438,0.19434210154321208,0.31489090593188357,0.33661039392255326,0.5611535889359153
UMA/OMol,32,78,0.15942294571581073,0.19409364874750148,0.3145558310786255,0.3361800610571,0.5571181146901121
UMA/OMol,33,78,0.1595518720106276,0.19422905388460598,0.31474264207812536,0.3364145896341708,0.5589417044031304
UMA/OMol,34,78,0.15960000130984875,0.19429367715793042,0.31480578433374073,0.3365265204269201,0.5616297677439638
UMA/OMol,35,78,0.15949943631716984,0.19418299394413682,0.3146470803904502,0.3363348114770846,0.5612489738107447
UMA/OMol,36,78,0.15956223378568463,0.19424221313314685,0.3147570671079695,0.336437382121233,0.5593583418459784
UMA/OMol,37,78,0.15937554735471898,0.19412178289558388,0.3146190109297992,0.33622879083100626,0.5582742732865112
UMA/OMol,38,78,0.15954519093020444,0.19436209716058392,0.31493057147577225,0.33664502734777,0.5600360975753591
UMA/OMol,39,78,0.15953984417555678,0.19422859319034294,0.3147422585833823,0.33641379168830043,0.5592260391029279
UMA/OMol,40,78,0.15955879503294834,0.19417002563862917,0.314664780793805,0.33631234971305735,0.5583004050583067
UMA/OMol,41,78,0.1594950739647492,0.1942637342747121,0.31480538439998884,0.3364746578318609,0.5583255710587666
UMA/OMol,42,78,0.1595363878568354,0.19423019341247477,0.3147454787111576,0.3364165633543362,0.5591605186945934
UMA/OMol,43,78,0.15953219104114205,0.19411604036433444,0.31458940014876985,0.33621884447511824,0.5595863898284033
UMA/OMol,44,78,0.15978445824771714,0.19454587156526582,0.31519743566153113,0.33696333395380973,0.5599234359991583
UMA/OMol,45,78,0.15953723994732194,0.1942271756086723,0.31474116936966184,0.336411336364823,0.5591690206948389
UMA/OMol,46,78,0.1594809403683589,0.19412962265952283,0.3145942368504115,0.3362423697004679,0.5587895519608173
UMA/OMol,47,78,0.1596110344839672,0.1942378058110215,0.3147572776857261,0.33642974841538653,0.5593326741334089
UMA/OMol,48,78,0.15954385994443074,0.19423039812732829,0.31474609748042087,0.33641691793086353,0.5592006915712341
UMA/OMol,49,78,0.15946040166120498,0.194134883400935,0.31458333380238757,0.3362514815718793,0.5594081099839725
UMA/OMol,50,78,0.15954691758354025,0.19426732905934155,0.31478166603623636,0.3364808841814813,0.5592433451237597
UMA/OMol,51,78,0.15953759528068154,0.1942224320986291,0.3147334979032049,0.33640312036442205,0.5591978615477916
UMA/OMol,52,78,0.15955827050442997,0.19426390233923063,0.31478403827209694,0.33647494892814594,0.5600654523242328
UMA/OMol,53,78,0.15948473660712223,0.19418348673991215,0.3146779715132047,0.33633566502440526,0.5600689644336285
UMA/OMol,54,78,0.15953402784201254,0.19422023308668895,0.3147302937753287,0.33639931156401515,0.5593223359388874
UMA/OMol,55,78,0.1596879544089937,0.19428845466872763,0.3148299477492334,0.33651747481027894,0.5597852820217288
UMA/OMol,56,78,0.1594437265533922,0.1941280385170708,0.3146017913544507,0.3362396258852546,0.5593914511212286
UMA/OMol,57,78,0.15955776228240565,0.19422994885364528,0.31474475993496426,0.3364161397660181,0.5594103088857115
UMA/OMol,58,78,0.1594850630868528,0.19412490669305907,0.314584096392035,0.33623420140694593,0.5587279859523361
UMA/OMol,59,78,0.15961773578267682,0.19429338988063904,0.3148310732816179,0.3365260228480556,0.5615131937072015
UMA/OMol,60,78,0.15955845911888686,0.19423058112187946,0.31474542991930665,0.3364172348867236,0.5593907627207414
UMA/OMol,61,78,0.15957994486390825,0.19433683983948966,0.31490499443828757,0.3366012803843717,0.5590069491872535
UMA/OMol,62,78,0.15956754947031357,0.19420218165587605,0.31468670143701577,0.33636804556869787,0.559366150738028
UMA/OMol,63,78,0.15955740486955858,0.19422510178860186,0.31473527657745753,0.33640774440309523,0.5593664115534798
UMA/OMol,64,78,0.15958480715733447,0.19423335000204903,0.3147338896169614,0.33642203072785737,0.559594399881571
UMA/OMol,65,78,0.15945017766146408,0.19412852504863912,0.31460966723215644,0.3362404685826504,0.5602205006216128
UMA/OMol,66,78,0.1595619176640777,0.19422758709942028,0.3147377439249209,0.33641204908770533,0.5594180196014527
UMA/OMol,67,78,0.15950626309496796,0.19417988916386267,0.31465232222468625,0.3363294338399034,0.5606303517865914
UMA/OMol,68,78,0.15955905539138568,0.19422409794558837,0.3147245332138907,0.33640600569599305,0.5599737607316264
UMA/OMol,69,78,0.15956296219708158,0.19422912177588283,0.3147393754783295,0.3364147072253117,0.5593987706197434
UMA/OMol,70,78,0.15947956627894883,0.1941321451076676,0.3145891372400849,0.33624673870881416,0.5591010784896883
UMA/OMol,71,78,0.1595191491815971,0.1942471482348143,0.3147598077796782,0.33644592996806144,0.5599466860967
UMA/OMol,72,78,0.1595625856425725,0.19422883683086764,0.31473927918444744,0.336414213686068,0.5594330813583546
UMA/OMol,73,78,0.15944143327807458,0.19420075421280855,0.3147039595313053,0.3363655731647801,0.5585517068491002
UMA/OMol,74,78,0.15945752935975796,0.19415770328315965,0.31463250153944333,0.33629100676731516,0.5583144932030787
UMA/OMol,75,78,0.1595602582027972,0.1942270003863848,0.3147372039712011,0.33641103287091845,0.559387625422039
UMA/OMol,76,78,0.15948343611952362,0.19422383187608527,0.31473773626122353,0.33640554485009533,0.559131306319149
UMA/OMol,77,78,0.15962730430692157,0.1942163989930435,0.31474482947161636,0.33639267071902024,0.5585343043055816
UMA/OMol,78,78,0.1595634167050757,0.1942270838136701,0.3147372238685502,0.3364111773712153,0.5593810078990553
UMA/OMol,79,78,0.15942279662504208,0.19408439562663113,0.31452513022818196,0.33616403418162394,0.559734572922781
UMA/OMol,80,78,0.1595025888292858,0.19415422020671014,0.31463826441251647,0.33628497390193796,0.559059721288107
UMA/OMol,81,78,0.1595625044147489,0.19422626610143237,0.31473662175859557,0.33640976105207365,0.5593484929396176
UMA/OMol,82,78,0.15966760961027113,0.1943256757787587,0.31488947496689024,0.33658194366396677,0.5600476752270745
UMA/OMol,83,78,0.15960141045501486,0.19422994216539727,0.3147371578280648,0.3364161281816327,0.559461322793891
UMA/OMol,84,78,0.15956987073289763,0.19423202680341656,0.314745413669638,0.3364197388805974,0.5594105840519494
UMA/OMol,85,78,0.15952787790696205,0.19417360477694826,0.31466418089402204,0.33631854896247326,0.5598361228398379
UMA/OMol,86,78,0.15960895090441668,0.19428663415834976,0.3148146688454547,0.3365143215938087,0.5599726781484453
UMA/OMol,87,78,0.15956891673742174,0.19422991202059114,0.3147442911767978,0.3364160759692969,0.5594561424415776
UMA/OMol,88,78,0.15959537138781787,0.194209047637429,0.31470050938288874,0.33637993779759146,0.5584290082042308
UMA/OMol,89,78,0.1595680963294502,0.1942291256466279,0.3147602408737188,0.33641471392963873,0.5589506895685545
UMA/OMol,90,78,0.15957158129352164,0.19422732465081968,0.314738979266462,0.3364115945133948,0.5593863716252362
UMA/OMol,91,78,0.15963119205253432,0.1942879730000141,0.3148291744024427,0.3365166405355946,0.5593343847965447
UMA/OMol,92,78,0.1595720225371176,0.19420691073107538,0.31469807235544534,0.33637623656721605,0.5596271261444827
UMA/OMol,93,78,0.15957626046319318,0.1942329381970265,0.31474657133399664,0.33642131746063564,0.5593848728767814
UMA/OMol,94,78,0.15960919418569977,0.19430136546918536,0.3148752038585156,0.3365398369726381,0.5587129589818509
UMA/OMol,95,78,0.1596547093642132,0.19422167787698347,0.31474267428726915,0.33640181401421154,0.5591017441236882
UMA/OMol,96,78,0.15957832493115703,0.19423674078574418,0.31475408848070136,0.3364279037374949,0.559312716714398
UMA/OMol,97,78,0.15956705428295279,0.1942587051502121,0.31478231570155035,0.33646594713270933,0.5586889441498956
UMA/OMol,98,78,0.1595708189450041,0.19423542272587646,0.31475483665790716,0.3364256207908366,0.5590822163495996
UMA/OMol,99,78,0.15958010727068217,0.1942428546107506,0.31476254339695736,0.3364384931930346,0.5592950042909902
UMA/OMol,100,78,0.1595788299671484,0.1942201823223224,0.3147138917916486,0.3363992236375531,0.5585532413363129
UMA/OMol,101,78,0.15958913987477524,0.19421274199818708,0.31472278892257155,0.336386336618126,0.5601601425444168
UMA/OMol,102,78,0.1595785731745567,0.19423674984805664,0.31475404474036917,0.3364279194338805,0.5593464837881008
UMA/OMol,103,78,0.15949303390975642,0.19414850551768612,0.3146293047293492,0.3362750757701989,0.5592137381962826
UMA/OMol,104,78,0.15961344029269628,0.1942584342498238,0.3148004965965125,0.336465477919473,0.5598924219624714
UMA/OMol,105,78,0.16207313042238447,0.19796193522979044,0.31944832984136645,0.3428801297826563,0.6157413096630455
UMA/OMol,106,78,0.15962075784251148,0.19429377997086333,0.31482675790094944,0.33652669850414363,0.5602859998069075
UMA/OMol,107,78,0.15898271838157987,0.193501991793046,0.31379654221323866,0.33515528115133164,0.548781927784281
UMA/OMol,108,78,0.15962968100718547,0.19429568932787442,0.31484037573434814,0.3365300056074965,0.5579549912166889
UMA/OMol,109,78,0.1618709187608649,0.19705887716025527,0.31850380083035695,0.34131598732403634,0.6048006026162794
UMA/OMol,110,78,0.15963165341355298,0.19430551802737553,0.3148428488258072,0.3365470294144048,0.5604352287720117
UMA/OMol,111,78,0.16017772696204513,0.19506158703983134,0.31570739570063555,0.3378565793580067,0.5761516232393068
UMA/OMol,112,78,0.15957805043511497,0.19421533627361684,0.3145553188088609,0.3363908300349791,0.5620620539583787
UMA/OMol,113,78,0.16058414796838938,0.19558920538377525,0.31665298994864927,0.33877044113672294,0.5671564174054786
UMA/OMol,114,78,0.15963143587652204,0.19430545953834374,0.31484224464563276,0.33654692810843007,0.5604590516114454
UMA/OMol,115,78,0.16028502079085394,0.19503442993727074,0.31573592203004225,0.33780954187658535,0.5777808709061745
UMA/OMol,116,78,0.15947592376902586,0.1941521868983712,0.31466217995558504,0.33628145210858745,0.5552811015936535
UMA/OMol,117,78,0.1620491459757219,0.19734608716735083,0.31899744113023787,0.3418134496487681,0.5939499522480177
UMA/OMol,118,78,0.159633609323648,0.19430716832005454,0.314845301478747,0.3365498878051722,0.560470262671823
UMA/OMol,119,78,0.1600791439231863,0.19500801014912547,0.3157279605294,0.33776378146119257,0.5705819229179234
UMA/OMol,120,78,0.1597270535878456,0.19458536166226628,0.3151884489419258,0.3370317328082104,0.5605547496769946
UMA/OMol,121,78,0.16039027638217843,0.19473834414277344,0.31549287104906487,0.33729670623711666,0.5688427400648337
UMA/OMol,122,78,0.15948085584743502,0.19427148540689962,0.31480430999772896,0.3364880831866258,0.5611269666090473
UMA/OMol,123,78,0.1596279587365113,0.19430353510616816,0.31483901552717963,0.3365435948941263,0.5605172613049845
UMA/OMol,124,78,0.1625293271925611,0.19817488684391313,0.31996502365177754,0.34324897279787064,0.6148502515258404
UMA/OMol,125,78,0.15961914508710534,0.19434995172092043,0.31482729778302054,0.33662399082919253,0.5658695810384489
UMA/OMol,126,78,0.15963206370124094,0.19430627970913705,0.31484218634380917,0.336548348685915,0.5605635044364309
UMA/OMol,127,78,0.15968887351840091,0.1946216315469106,0.3153694668836607,0.337094554091199,0.5603199198778154
UMA/OMol,128,78,0.15961332931185787,0.1944695066068532,0.31517052028960285,0.33683106596592116,0.5615369185036173
UMA/OMol,129,78,0.16038351688976804,0.1949132390539951,0.3162673055097107,0.3375996331093378,0.5610447176767097
UMA/OMol,130,78,0.15962151153573187,0.19489342346944002,0.31540662035532063,0.3375653115101068,0.5620119597237679
UMA/OMol,131,78,0.1605156385973048,0.19480456006732935,0.31633895523113187,0.3374113955827177,0.5627094229860343
UMA/OMol,132,78,0.15958793103493943,0.19500586720737145,0.315536847261996,0.33776006977719697,0.5624778074888724
UMA/OMol,133,78,0.1604120418451224,0.1946962460783051,0.3161320270563291,0.3372237902505572,0.5630434866961171
UMA/OMol,134,78,0.15957450255190303,0.19486977686792356,0.31529909353835694,0.3375243543948539,0.5628662636248931
UMA/OMol,135,78,0.160406604341155,0.19469058239615375,0.31612782859836575,0.3372139804653131,0.5633448819373326
UMA/OMol,136,78,0.1595584427979721,0.19479228045816907,0.3151738565028012,0.337390126675755,0.563125009335544
UMA/OMol,137,78,0.1604226598789686,0.19470192210828147,0.31616034836179213,0.33723362142286156,0.5635388168506926
UMA/OMol,138,78,0.15954182524420393,0.19474321928162333,0.3150943471167906,0.33730515022529867,0.5632429719394081
UMA/OMol,139,78,0.16044717130196173,0.1947200008718038,0.3162087338952988,0.3372649347598202,0.5636737825535705
UMA/OMol,140,78,0.15952309553584113,0.19470574514244063,0.3150325527215336,0.3372402431122643,0.563346027583715
UMA/OMol,141,78,0.1604781129235462,0.1947450600867142,0.31627059353087905,0.33730833859324283,0.5637441959130138
UMA/OMol,142,78,0.15963493108452967,0.19430883151773212,0.31484840036848605,0.3365527685480528,0.5605759095727015
UMA/OMol,143,78,0.15932489593506952,0.193936743838352,0.31434584675438604,0.3359082937824961,0.5618367175850062
UMA/OMol,144,78,0.15967113470160832,0.19418529873634396,0.3145824542320791,0.33633880349428824,0.5640146355058032
UMA/OMol,145,78,0.16154475308650104,0.1969382719060077,0.31906523810174753,0.34110709289601987,0.559908242174136
UMA/OMol,146,78,0.1596312539336294,0.19430491027577523,0.3148422268755337,0.3365459767577548,0.5605657912356145
UMA/OMol,147,78,0.1604274335991452,0.19517547859706116,0.31621987864098894,0.3380538453216819,0.5713293332035121
UMA/OMol,148,78,0.15913456801642548,0.1939467718373776,0.31424534578965574,0.3359256627863067,0.5595798419634664
UMA/OMol,149,78,0.1596207513023195,0.19429692490714284,0.3148290371031661,0.33653214569356626,0.5605383059679552
UMA/OMol,150,78,0.15942411537067097,0.19442674312532898,0.3149325322954909,0.33675699744321275,0.5587378496343762
UMA/OMol,151,78,0.1592677554541465,0.19394102095669613,0.31453385337009,0.3359157019687781,0.5604703578439443
UMA/OMol,152,78,0.16059218598282926,0.19587035951887624,0.3165658744626199,0.339257414383476,0.5659395540827584
UMA/OMol,153,78,0.15962183923288892,0.19429787162613116,0.31482978496846714,0.33653378545895457,0.5605401242938038
UMA/OMol,154,78,0.16010872852366406,0.19490420620844406,0.315593568649389,0.3375839877619065,0.5608669662929271
UMA/OMol,155,78,0.15944785290229543,0.194319844999093,0.3148033316684276,0.33657184445733807,0.5592196863466615
UMA/OMol,156,78,0.16227982220645276,0.19749782753247794,0.31928838130980497,0.3420762716707272,0.5803609671144805
UMA/OMol,157,78,0.16013660567874272,0.19465217968182658,0.31524766966375667,0.33714746501294995,0.5670430604858342
UMA/OMol,158,78,0.1599715080189022,0.19484350422453273,0.3155630358698445,0.33747884884165186,0.5584695412098165
UMA/OMol,159,78,0.1596210643198439,0.19429781190615955,0.314828960347835,0.3365336820209295,0.5605568327227494
UMA/OMol,160,78,0.1603939770003865,0.19493958434802758,0.3158986979987285,0.33764526449714244,0.5628097261342679
UMA/OMol,161,78,0.15926675824622125,0.19396042708929456,0.3143250839689783,0.335949314376417,0.556669468908834
UMA/OMol,162,78,0.16369055184737144,0.19927315475650242,0.32215894696340347,0.34515122862279796,0.5972668278559633
UMA/OMol,163,78,0.15962463194650856,0.19430203933045764,0.31483584314697477,0.3365410041345989,0.5605671180180822
UMA/OMol,164,78,0.159329192177248,0.1938167430127403,0.31407423903463166,0.33570044625558637,0.5656749549680571
UMA/OMol,165,78,0.15974715162648281,0.19432402902051168,0.3146348942982552,0.33657909139501513,0.5686140446038153
UMA/OMol,166,78,0.1603642558570929,0.19489397725095903,0.31631644111294227,0.337566270687834,0.5594917107688449
UMA/OMol,167,78,0.15962390238760646,0.1943003556781028,0.31483448232902006,0.336538087963178,0.5605891868432948
UMA/OMol,168,78,0.15953313017964346,0.1939996674650856,0.31451904397074115,0.3360172807009952,0.5599730696175073
UMA/OMol,169,78,0.16009918100379,0.1948593877175945,0.31575597956426243,0.33750635985863653,0.561274633456533
UMA/OMol,170,78,0.15956575342621637,0.19414088972305932,0.31469546508690793,0.33626188482696523,0.5676311253347293
UMA/OMol,171,78,0.15934415413387015,0.193821966687002,0.31414753196879636,0.33570949392480987,0.5635452702913577
UMA/OMol,172,78,0.15960684549507292,0.19427115224465522,0.3147921691604377,0.3364875061326914,0.5607241317518559
UMA/OMol,173,78,0.1594502840285911,0.19403069902893297,0.31427166386667893,0.3360710289462171,0.5611827103325583
UMA/OMol,174,78,0.1596660898851763,0.19445797609561127,0.3151528098098774,0.336811094534613,0.5627300303707805
UMA/OMol,175,78,0.1607056753846865,0.195928496571739,0.31673187258896424,0.33935811071283656,0.5681274311835638
UMA/OMol,176,78,0.15977230020752284,0.19459219285587795,0.3153355636215823,0.3370435647826221,0.5646419420393096
UMA/OMol,177,78,0.15988163946399256,0.19467204300387936,0.31486722062056816,0.3371818692959524,0.5601233946888556
UMA/OMol,178,78,0.159689344993483,0.19432118279696395,0.31503322235669234,0.3365741615912209,0.5628673169795554
UMA/OMol,179,78,0.1601093350054916,0.19545416510416602,0.31584495043389527,0.3385365445113714,0.5644821750245697
UMA/OMol,180,78,0.1597907665891183,0.1944497512180357,0.31525432963218725,0.336796848628766,0.5638332625329742
UMA/OMol,181,78,0.1599245128305767,0.19524794790605415,0.315531024075421,0.3381793658468472,0.5628327297469587
UMA/OMol,182,78,0.15979652958577725,0.19434796611720526,0.31521607931679935,0.33662055166267413,0.5635916016130108
UMA/OMol,183,78,0.1598838455844804,0.19533338987993817,0.3157245315200455,0.33832735568671324,0.5635538660028153
UMA/OMol,184,78,0.15978244760293925,0.1943650693771732,0.31516527116057086,0.3366501753779137,0.5637948485416229
UMA/OMol,185,78,0.1597058014057221,0.1949625912364171,0.3152574823353896,0.33768511359675724,0.563364883299448
UMA/OMol,186,78,0.1597756297740472,0.19435222078416128,0.3151279361420001,0.3366279209620113,0.563775862410842
UMA/OMol,187,78,0.15962948857588155,0.1948567033208485,0.3151457863372297,0.33750171034708476,0.5634653186558486
UMA/OMol,188,78,0.15978071191465465,0.1943609562577104,0.315131035919372,0.33664305124602656,0.5638250292867214
UMA/OMol,189,78,0.15959224937947175,0.19480454171250175,0.31509597793361244,0.33741136379122366,0.5635160156269711
UMA/OMol,190,78,0.15978059620822382,0.19435534299786486,0.31512454091199327,0.33663332879477803,0.5637984189353299
UMA/OMol,191,78,0.15957422353362108,0.19478842179376804,0.31508985275161666,0.337383443272963,0.5635517342201443
UMA/OMol,192,78,0.15977944069812108,0.19435015555558982,0.31511845428597873,0.3366243438811962,0.5638534126052733
UMA/OMol,193,78,0.1595616904131521,0.19477965652951137,0.3150910247271055,0.33736826138992865,0.5635519624410418
UMA/OMol,194,78,0.15977842613401708,0.1943453643830477,0.3151130023792479,0.33661604532692546,0.5638233349093321
UMA/OMol,195,78,0.15955374096434607,0.19478058444709628,0.31510131205721204,0.337369868590331,0.5635783837909597
UMA/OMol,196,78,0.15977732213659057,0.19434162180795764,0.3151093670521224,0.33660956299671835,0.5638691170795304
UMA/OMol,197,78,0.15954557705851988,0.19478098680018108,0.31510986178618977,0.33737056548631655,0.5635933093674135
UMA/OMol,198,78,0.1597737162930792,0.19433346777217603,0.31510087847830537,0.3365954397924578,0.5638649275568112
UMA/OMol,199,78,0.1595421891313062,0.1947872094938315,0.3151244653797231,0.3373813435078789,0.56361134304138
UMA/OMol,200,78,0.1597712125977784,0.19432746430637077,0.31509405242868005,0.33658504148466173,0.5638700689486181
UMA/OMol,201,78,0.15954257705377642,0.19479942111965734,0.3151487394590936,0.3374024946642523,0.5636515835356335
UMA/OMol,202,78,0.15976759758773515,0.1943196842173654,0.31508539702818955,0.336571565975217,0.5638546712789232
UMA/OMol,203,78,0.1595386851892682,0.19480647511855292,0.3151626206708338,0.337414712548736,0.563650112962068
UMA/OMol,204,78,0.15976294039253072,0.19431206363105927,0.31507508976808307,0.33655836673255124,0.5638715587797472
UMA/OMol,205,78,0.159543038229016,0.19482370149767655,0.3151921389704724,0.33744454951260855,0.5636963771623463
UMA/OMol,206,78,0.1597604302516816,0.19430441644116314,0.31506651692142235,0.3365451214111161,0.5638681996650333
UMA/OMol,207,78,0.15954591786055525,0.19484143662275696,0.31522150573776053,0.3374752676503264,0.5636817371541092
UMA/OMol,208,78,0.15975474970245887,0.19429578159668492,0.31505635817395866,0.33653016542176434,0.5638728358997505
UMA/OMol,209,78,0.15961054958031937,0.19427162938523698,0.3148033153009276,0.33648833256442134,0.5608690842044417
UMA/OMol,210,78,0.1603003793297033,0.19510575093346127,0.31599747144236695,0.3379330734656339,0.5627063108971648
UMA/OMol,211,78,0.15980244824102574,0.19458887002451242,0.315210126802695,0.337037809469872,0.5590207944453975
UMA/OMol,212,78,0.16110408825335912,0.19550672160578775,0.31739674893885733,0.3386275750424483,0.5655569201941563
UMA/OMol,213,78,0.16004967447582308,0.19507537193784757,0.3157990353180554,0.33788045550174806,0.5665442609801403
UMA/OMol,214,78,0.1603708526451115,0.1945635760417236,0.3158810953149092,0.33699399900655613,0.5654816576103092
UMA/OMol,215,78,0.1600354697047076,0.19517009142111885,0.3158576230435637,0.33804451445924044,0.5648951206516076
UMA/OMol,216,78,0.1603278019087179,0.19450479408050234,0.3157870031890306,0.33689218566315227,0.5648875980186225
UMA/OMol,217,78,0.16000111705549122,0.19516850491020682,0.3158279642026991,0.33804176654173423,0.5643732962646524
UMA/OMol,218,78,0.16031637671730567,0.1944900977152844,0.31576148151877115,0.3368667308119081,0.5644905936471053
UMA/OMol,219,78,0.15998226823023712,0.19516687272940964,0.31581204270121305,0.3380389395216663,0.5641467932636164
UMA/OMol,220,78,0.16030715217977703,0.19448052307870176,0.3157418165089613,0.33685014705488303,0.5643184413569453
UMA/OMol,221,78,0.1599724653915096,0.19516733018572197,0.31580456601131063,0.3380397318592415,0.5640519966650973
UMA/OMol,222,78,0.16029355688872937,0.19446904421676156,0.3157174279363911,0.33683026508278957,0.5641801769415733
UMA/OMol,223,78,0.15996731837616107,0.19517024585884873,0.315803913497329,0.3380447819532353,0.5640121964873651
UMA/OMol,224,78,0.16028042366478035,0.1944583451450871,0.3156949332673573,0.3368117337470556,0.5641452576369178
UMA/OMol,225,78,0.15971803401500353,0.19420856281799698,0.3144422417347683,0.3363790980657027,0.5638701377675959
UMA/OMol,226,78,0.15933291731474525,0.1938525594877266,0.3135715005768822,0.33576248221001065,0.5626375353063366
UMA/OMol,227,78,0.15960883228396458,0.19426949344151953,0.314792987872965,0.3364846330013806,0.5609153822154652
UMA/OMol,228,78,0.15938955326082174,0.19420985108336533,0.31448139617915605,0.3363813294067743,0.5655531746305652
UMA/OMol,229,78,0.15959282144304943,0.1942617049778528,0.3147690162040808,0.33647114298659686,0.561209863395276
UMA/OMol,230,78,0.15922225080772076,0.1939244019113121,0.3139271134098248,0.33588691693779965,0.560099406806598
UMA/OMol,231,78,0.15892053570219286,0.19367791607353585,0.31323094174058663,0.33545999094342493,0.5591534694002824
UMA/OMol,232,78,0.15869223861657797,0.19351581655984437,0.31267094944775997,0.33517922634982916,0.5582932377588019
UMA/OMol,233,78,0.15851865744332352,0.19343178842087075,0.3122367248434531,0.33503368534386135,0.5575629226537084
UMA/OMol,234,78,0.1583933205430308,0.19341935800393126,0.31191337621817883,0.33501215523016287,0.5569119417299376
UMA/OMol,235,78,0.15959257553442874,0.19425413142278183,0.3147564433628657,0.3364580252044201,0.5608573367668701
UMA/OMol,236,78,0.1596065079258814,0.19426644168454787,0.3147873778378582,0.33647934720325334,0.5608957815534055
UMA/OMol,237,78,0.1592356382282874,0.1939286932226799,0.31394627881625337,0.33589434970711973,0.5597980696825803
UMA/OMol,238,78,0.15959167532835575,0.19425164228577732,0.3147544078370433,0.33645371389266127,0.5608441634007457
UMA/OMol,239,78,0.1596066455185619,0.19426639941330595,0.314788011135576,0.3364792739873147,0.5609404419524725
UMA/OMol,240,78,0.1596088586266355,0.19426910370675451,0.31479326811987046,0.33648395796096614,0.5609190364674718
UMA/OMol,241,78,0.15954304800367206,0.1942058183351629,0.3146443475279451,0.33637434448199355,0.5606989405268844
UMA/OMol,242,78,0.15948059118085262,0.1941477735013738,0.3145030068061631,0.33627380788075395,0.5605461482897812
UMA/OMol,243,78,0.1591844434967684,0.1938844274425711,0.3138287615110175,0.33581767912693467,0.5596195198461555
UMA/OMol,244,78,0.15888982873117058,0.19364851142793452,0.3131489914684732,0.33540906060326486,0.5586715886753989
