priority_rank,gaussian_step_1based,aimnet2_energy_disagreement_std_eV,per_atom_vector_disagreement_rms_eV_per_A,per_atom_vector_disagreement_max_eV_per_A,aimnet2_relative_energy_abs_error_eV,force_vector_error_rms_eV_per_A,force_vector_error_max_eV_per_A,cross_model_relative_energy_std_eV,cross_model_force_disagreement_rms_eV_per_A,cross_model_force_disagreement_max_eV_per_A,mean_model_relative_energy_abs_error_eV,mean_model_force_vector_rmse_eV_per_A,aimnet2_energy_disagreement_std_eV_percentile,per_atom_vector_disagreement_rms_eV_per_A_percentile,per_atom_vector_disagreement_max_eV_per_A_percentile,cross_model_relative_energy_std_eV_percentile,cross_model_force_disagreement_rms_eV_per_A_percentile,cross_model_force_disagreement_max_eV_per_A_percentile,disagreement_priority_score,recommended_for_targeted_qm_review
1,3,0.1039044340927302,0.1172442236559909,0.291807749010924,0.10641646284784656,0.49262922797676256,0.8345965192889213,0.026669366379526247,0.12153672869598149,0.26909799326320266,0.06959170640766388,0.44847436498228926,0.9795081967213115,0.8647540983606558,0.9959016393442623,0.9590163934426229,0.9836065573770492,0.8852459016393442,0.944672131147541,True
2,7,0.1014213124204326,0.1171285534786909,0.2889329095917645,0.08285554943722673,0.4957114589283053,0.8497423224747152,0.026627817788469087,0.12146183677307151,0.26855372032724745,0.04565362493546369,0.45032805205353427,0.9426229508196722,0.8565573770491803,0.9795081967213115,0.9549180327868853,0.9795081967213115,0.8688524590163934,0.930327868852459,True
3,5,0.1007294648684567,0.1171916358796561,0.2881535065304041,0.09633461356861517,0.4955915159756255,0.8781370859530677,0.027820673278859162,0.12129891443312173,0.26727627594634523,0.056990339457115624,0.4503298195560213,0.9221311475409836,0.860655737704918,0.9754098360655737,0.9672131147540983,0.9549180327868853,0.7991803278688525,0.9132513661202185,True
4,11,0.0992569418424936,0.1165673172820984,0.2715724599184028,0.05597995134303346,0.49662907257618805,0.8439372179663635,0.01896024055000623,0.12108083878628398,0.2683088734594454,0.02918187101749936,0.4509933407861333,0.7745901639344263,0.7827868852459017,0.9590163934426229,0.9180327868852459,0.9221311475409836,0.8524590163934426,0.8681693989071039,True
5,8,0.0992476283774146,0.1164458745939903,0.2870541288146392,0.07435887378960615,0.49608202676773394,0.8741155184219062,0.025342491529400515,0.12138617441291405,0.2677820925314283,0.039300114437840726,0.45059009364797104,0.7704918032786885,0.7377049180327869,0.9713114754098361,0.9426229508196722,0.9672131147540983,0.819672131147541,0.8681693989071038,True
6,6,0.0982667326958013,0.1170501881088044,0.2938966537814013,0.08535184617358027,0.4945736955975653,0.8355592856886891,0.032936256541266654,0.12196182411432555,0.2707562519183279,0.042805204497805484,0.4493484391291036,0.4426229508196721,0.8483606557377049,1.0,0.9836065573770492,0.9918032786885246,0.9057377049180327,0.8620218579234972,True
7,9,0.0972172765382578,0.1174372249089426,0.2772411486609337,0.07042839565110626,0.4956634426431079,0.8332362101116889,0.02383753378433405,0.12130197783598813,0.2688940310219022,0.03714934446179541,0.45013268991194416,0.3524590163934426,0.8934426229508197,0.9631147540983607,0.9385245901639344,0.9590163934426229,0.8770491803278688,0.8306010928961748,True
8,10,0.0957301413947062,0.1167212438527988,0.2802295495166786,0.049108696039184,0.4967289948252768,0.8511206670260614,0.02057206108047376,0.12126919467083833,0.2680389996962901,0.022743051408421405,0.4506552859169704,0.1598360655737705,0.819672131147541,0.9672131147540983,0.9221311475409836,0.9467213114754098,0.8319672131147541,0.7745901639344263,True
9,13,0.0942017151980828,0.1167378716004035,0.2691756718477997,0.042079147016920615,0.4974257667643773,0.8313722894145509,0.015524751439963099,0.12104550548942855,0.26899913334830905,0.02065744473414573,0.45135578972295914,0.0860655737704918,0.8278688524590164,0.9508196721311475,0.8770491803278688,0.9098360655737705,0.8811475409836066,0.7554644808743171,True
10,12,0.0934317618240755,0.1168012363731373,0.2706823618655368,0.039412359590642154,0.4967031385655624,0.8507717686535184,0.017625519865040545,0.1210404660218982,0.26752087982169304,0.01925701548073751,0.4505649358538979,0.04918032786885246,0.8319672131147541,0.9549180327868853,0.8975409836065574,0.9057377049180327,0.8032786885245902,0.7404371584699453,True
11,14,0.0949709901823427,0.1167068705503314,0.2623867961111799,0.030861952320265118,0.4970466291534245,0.8347373702766903,0.014098563087172703,0.12080442103707978,0.2676492984748527,0.014329307322138144,0.45087183138427456,0.10655737704918032,0.8155737704918032,0.9385245901639344,0.8565573770491803,0.860655737704918,0.8114754098360656,0.7315573770491803,True
12,2,0.0978321931015538,0.1158054767949619,0.2915485003039681,0.13538885842717718,0.49384264633964114,0.8793981417441302,0.02944360791725589,0.12199928941705748,0.26654237487253424,0.09431655497125273,0.44975233998263864,0.38934426229508196,0.20491803278688525,0.9918032786885246,0.9713114754098361,0.9959016393442623,0.7786885245901639,0.7219945355191256,True
13,15,0.0936594231602349,0.1164414353564528,0.2611741245328978,0.030201966081222054,0.49707188088592713,0.8491123035530793,0.014101669830898255,0.12097547678980762,0.2681034615506402,0.015150066855615782,0.45087500067140196,0.05737704918032787,0.7336065573770492,0.930327868852459,0.860655737704918,0.889344262295082,0.8360655737704918,0.717896174863388,True
14,156,0.0983747271687712,0.1177691741339769,0.2523676434095442,0.07668803334672702,0.5074586329906988,0.8593795417446324,0.016432347988164123,0.12116259580285857,0.26123148182410144,0.0643839737943684,0.45828512098053514,0.4672131147540984,0.930327868852459,0.860655737704918,0.889344262295082,0.9344262295081968,0.22131147540983606,0.7172131147540983,True
15,166,0.1010022969192471,0.1162138848053812,0.2347546150591785,0.026803525346622337,0.5016661739967001,0.8348899926196076,0.009997493205666737,0.12141196090758952,0.2725037537318025,0.013414164607335502,0.4530506048883418,0.9344262295081968,0.6270491803278688,0.04918032786885246,0.7418032786885246,0.9713114754098361,0.9508196721311475,0.712431693989071,True
16,1,0.0995080810980219,0.1149971333418084,0.2899512808623924,0.14754518398694927,0.4953571216164066,0.8814577376528177,0.02677414680894039,0.1222005125597741,0.263801105348391,0.10979698489245493,0.4508726819288918,0.7991803278688525,0.04918032786885246,0.9836065573770492,0.9631147540983607,1.0,0.4426229508196721,0.7062841530054644,True
17,17,0.0939959774821103,0.1164302625386064,0.2549374427794749,0.020583119592629373,0.49703195085722013,0.8277514405563595,0.013378651596618456,0.12071397631281168,0.26826233210988065,0.013343353576298492,0.4508833765615206,0.08196721311475409,0.7295081967213115,0.9057377049180327,0.8278688524590164,0.8442622950819673,0.8483606557377049,0.7062841530054644,True
18,18,0.0937542643733995,0.1166490706895568,0.2528546653561366,0.01673195097828284,0.49835185282015887,0.8415272268237681,0.007149309981551129,0.1205340994582106,0.2671491422752312,0.006985709900618531,0.451733904548325,0.06557377049180328,0.7950819672131147,0.8729508196721312,0.7090163934426229,0.7786885245901639,0.7950819672131147,0.6693989071038251,True
19,16,0.0948616420591686,0.1163505852673562,0.2590970265103639,0.02258648596034618,0.49811071157351344,0.8303245679330358,0.008149108784972497,0.12050943632970701,0.26687066564941486,0.011162092213150268,0.4517114901471014,0.10245901639344263,0.6926229508196722,0.9262295081967213,0.7254098360655737,0.7704918032786885,0.7827868852459017,0.6666666666666666,True
20,20,0.096628961957745,0.1161513095942628,0.247024929721444,0.0036321351581136696,0.4987245610145159,0.8508379032739778,0.00698585496052303,0.12055266366528732,0.26853318377602753,0.005453123956006796,0.45195877135300555,0.319672131147541,0.47540983606557374,0.8114754098360656,0.7049180327868853,0.7827868852459017,0.8647540983606558,0.6598360655737705,True
21,157,0.096668617984952,0.1164259837533731,0.2415349476595396,0.011806298040028196,0.49983125898424857,0.8364752127954234,0.003259626342141522,0.1206222227962704,0.271044446687765,0.008372346472848827,0.45297736437753017,0.3319672131147541,0.7213114754098361,0.6311475409836066,0.5204918032786885,0.7950819672131147,0.9180327868852459,0.6530054644808744,False
22,85,0.0989375083280477,0.1163530660635456,0.2425467109925011,0.007987776385562029,0.4976259168163204,0.8335802672330209,0.0018775000924443788,0.11980299626703031,0.2648414537185991,0.005394347412220668,0.451293603493266,0.7295081967213115,0.6967213114754098,0.6967213114754098,0.38934426229508196,0.5901639344262295,0.7295081967213115,0.6386612021857924,False
23,144,0.0999140815730556,0.1165660312033438,0.2412343936714304,0.015278390601451974,0.4993719089701485,0.823535299138724,0.0034486878367404215,0.12071623476777041,0.2604308928825856,0.010866655594630478,0.4525450954833658,0.860655737704918,0.7786885245901639,0.6024590163934426,0.5409836065573771,0.8483606557377049,0.18032786885245902,0.6352459016393442,False
24,211,0.1002873208952897,0.1172995756473715,0.2412265058995219,0.006484920588263776,0.49828896569584913,0.8368015096470913,0.0037503584480982986,0.11899696145475039,0.2645089179709681,0.00416139567096252,0.4522257602098401,0.8852459016393442,0.8729508196721312,0.5983606557377049,0.5655737704918032,0.1598360655737705,0.6844262295081968,0.6277322404371585,False
25,22,0.0973060837536401,0.1160789630341027,0.2434980331212179,0.0004831084734178148,0.4979527179300384,0.8287442633965101,0.007947630999607703,0.1203034907960072,0.2682180455028605,0.006595874806710829,0.4511976892650536,0.36885245901639346,0.3360655737704918,0.7336065573770492,0.7213114754098361,0.7418032786885246,0.8401639344262295,0.6236338797814208,False
26,56,0.0990405883937079,0.1163304934542477,0.2420459304914789,0.0009373380307806656,0.497403126856967,0.831697314162485,0.0018164330180082964,0.11984296013792434,0.26417938187000484,0.0023172596459820247,0.4512429432503344,0.75,0.6844262295081968,0.6557377049180327,0.36885245901639346,0.6434426229508197,0.639344262295082,0.6236338797814207,False
27,4,0.0906294050884733,0.1152649728385648,0.2904517887475794,0.0977326644861023,0.49319780326984525,0.9061167560403208,0.03038489648117606,0.12124076543525167,0.26469879186347417,0.05517436156029968,0.4493765693076545,0.020491803278688523,0.09016393442622951,0.9877049180327869,0.9754098360655737,0.9426229508196722,0.7172131147540983,0.6222677595628415,False
28,19,0.0936026485998162,0.116209280260251,0.2506764902109417,0.015099118543730583,0.4968185228836162,0.8275939369569371,0.007314024768286833,0.1202685160195811,0.2654376105206801,0.008185632437137732,0.4508036528736327,0.05327868852459016,0.6188524590163934,0.8524590163934426,0.7131147540983607,0.7336065573770492,0.7622950819672131,0.6222677595628415,False
29,132,0.1026824590057578,0.1177824876561547,0.2494950842612801,0.01433872200868791,0.4998439816204806,0.828468069837969,0.013245110819662403,0.11840843890238274,0.25099591076931665,0.01900370587342574,0.4540819841132755,0.9672131147540983,0.9344262295081968,0.8442622950819673,0.819672131147541,0.03278688524590164,0.11065573770491803,0.6181693989071039,False
30,225,0.09666839919176,0.1169819123753481,0.2497235272472986,0.020886750200588722,0.5028702405719285,0.8229435644300728,0.0123200222165961,0.12085481106383834,0.2418474779644797,0.013634371120133437,0.4534687791742665,0.32786885245901637,0.8442622950819673,0.8483606557377049,0.7991803278688525,0.8688524590163934,0.01639344262295082,0.6174863387978142,False
31,134,0.1015598507414133,0.117796568798795,0.2494684395217217,0.013524766509362962,0.4996037249647819,0.8273499399918963,0.012705772945164645,0.11852075089576093,0.2509320252710211,0.018341520759956136,0.4537363594784742,0.9467213114754098,0.9385245901639344,0.8401639344262295,0.8073770491803278,0.045081967213114756,0.10655737704918032,0.6140710382513662,False
32,165,0.1003956900734022,0.1166568742441168,0.2412837287516183,0.013341488454898354,0.49619944193564824,0.8306350822122656,0.001223957214232142,0.1196558451668017,0.2682402889960406,0.014179241225065198,0.4515052247578288,0.8934426229508197,0.7991803278688525,0.6065573770491803,0.2827868852459016,0.2581967213114754,0.8442622950819673,0.6140710382513662,False
33,53,0.1004401972634776,0.1162023886769558,0.2424256822704827,0.003623315060394816,0.4976974787767148,0.8305092401473549,0.0008679894592317395,0.11980192843898692,0.2645418856576403,0.0026389792280194038,0.4513957993216275,0.9016393442622951,0.6147540983606558,0.680327868852459,0.1680327868852459,0.5819672131147541,0.7008196721311475,0.6079234972677595,False
34,136,0.1009023806913914,0.1177566992817849,0.2492718572407397,0.012538491471786983,0.4994108533694527,0.8262549452448437,0.012429117701607076,0.11854935601966674,0.2506237937828395,0.017489832561598934,0.4535168730854387,0.930327868852459,0.9262295081967213,0.8360655737704918,0.8032786885245902,0.04918032786885246,0.10245901639344263,0.6079234972677595,False
35,138,0.1004475492644887,0.1177171064953608,0.2491371310537667,0.011882867926033214,0.49927165378720406,0.8253338858910424,0.012287810677157611,0.11855708142411284,0.25020916867140175,0.016894961314392276,0.45337796477179354,0.9098360655737705,0.9180327868852459,0.8319672131147541,0.7950819672131147,0.05737704918032787,0.09836065573770492,0.601775956284153,False
36,107,0.1003414821215453,0.1166624780797908,0.235835293680559,0.05958660925534787,0.4938659211620333,0.8399959047910264,0.012075388836101346,0.11918813270612949,0.2686540146246499,0.054257596277845245,0.448773520304745,0.889344262295082,0.8032786885245902,0.06557377049180328,0.7868852459016393,0.1680327868852459,0.8729508196721312,0.5976775956284154,False
37,122,0.0991433062277379,0.1168042506518997,0.2391799038079464,0.010763340942503419,0.49699391309851504,0.8222335199670181,0.0013023608426219139,0.11993335159703772,0.265333408865448,0.009670948238635901,0.4513847912174769,0.7663934426229508,0.8360655737704918,0.26639344262295084,0.29508196721311475,0.6680327868852459,0.75,0.5969945355191257,False
38,164,0.1016154469362218,0.1158637240946031,0.2386506281684867,0.007231110736029223,0.4970303007454862,0.8264590109527615,0.004268779275138985,0.1203704099308648,0.2675491797128916,0.01100739477260504,0.4511875400360708,0.9508196721311475,0.22131147540983606,0.21721311475409835,0.6024590163934426,0.7540983606557377,0.8073770491803278,0.5922131147540983,False
39,140,0.1001345539416156,0.1176853023751177,0.249037810469494,0.011478252010419965,0.4991691451343899,0.8245133610082452,0.012213529155570927,0.11856198483706454,0.24980268405754166,0.016501903844376404,0.45328206351464595,0.8688524590163934,0.9098360655737705,0.8237704918032787,0.7909836065573771,0.06147540983606557,0.0942622950819672,0.5915300546448088,False
40,68,0.1005842375775974,0.1161614646599362,0.2393279970990639,0.005150113865965977,0.4982730029126525,0.8335300754731904,0.0021903816451003815,0.11992331816042424,0.2650497139874659,0.003982964522341111,0.45166732305399176,0.9139344262295082,0.5,0.2786885245901639,0.45081967213114754,0.6639344262295082,0.7377049180327869,0.5908469945355191,False
41,213,0.0998600408728364,0.1176530070626202,0.2465380278762703,0.01111417976062512,0.4990226130113163,0.833902254357224,0.00947937191529124,0.11857809114493437,0.26074446094644305,0.014445353010766363,0.45343884489153957,0.8524590163934426,0.9016393442622951,0.7745901639344263,0.7336065573770492,0.06967213114754098,0.19672131147540983,0.5881147540983607,False
42,130,0.1036384181950835,0.1170744298216215,0.2453926590238983,0.009493738296441734,0.49915545527120275,0.8292285849498947,0.011025204066249497,0.11847616523426788,0.255681763072458,0.01357488970582684,0.4535752543907862,0.9754098360655737,0.8524590163934426,0.7540983606557377,0.7704918032786885,0.036885245901639344,0.13114754098360656,0.5867486338797815,False
43,58,0.0972644239160499,0.1162157540364577,0.2435641156362719,0.006562940121511929,0.49742191999184293,0.8314837782371272,0.002764327203498237,0.11983303828263586,0.26421462153031583,0.005390059952333104,0.45120534410583973,0.36065573770491804,0.6311475409836066,0.7418032786885246,0.48360655737704916,0.6352459016393442,0.6475409836065574,0.5833333333333334,False
44,76,0.0981845955588602,0.1163648539527122,0.2426594687928037,0.004868848584010266,0.498252857871867,0.8306081722313897,0.0010907062931290942,0.12000447493030693,0.2645667900598452,0.00462676836711277,0.45167527726697515,0.430327868852459,0.7008196721311475,0.7049180327868853,0.26229508196721313,0.6926229508196722,0.7049180327868853,0.5826502732240436,False
45,215,0.0995349555927073,0.1175098327179089,0.246618052945263,0.014359474320372101,0.49878853955654534,0.8322865015775875,0.01029154344082901,0.11860094613799116,0.2603639087231328,0.018069362486130558,0.4535767767453078,0.8032786885245902,0.8975409836065574,0.7827868852459017,0.7459016393442623,0.07377049180327869,0.1762295081967213,0.5799180327868853,False
46,217,0.0993576366417412,0.1174186935064893,0.2467145662063311,0.01234665846277494,0.4985897451491519,0.8313583069974102,0.010354917941766448,0.11860809517623778,0.26048233038638735,0.01674931815068703,0.4535379061963143,0.7868852459016393,0.889344262295082,0.7868852459016393,0.75,0.0778688524590164,0.18442622950819673,0.5792349726775956,False
47,219,0.0991192265775842,0.1173581485529821,0.2467622760574694,0.010843509029655252,0.4984509050614211,0.8306231830150691,0.01039809542180613,0.11862200118705035,0.2606801340046889,0.015735501661159407,0.45350248250717357,0.7622950819672131,0.8811475409836066,0.7909836065573771,0.7540983606557377,0.08196721311475409,0.19262295081967212,0.5771857923497267,False
48,221,0.0988741060419355,0.1173184874409593,0.2467948982191161,0.009836292570980731,0.4983471815387397,0.8300569236243789,0.01044470149139486,0.11863954612564889,0.2608960719235543,0.015076380953056892,0.45347552104500827,0.7254098360655737,0.8770491803278688,0.7950819672131147,0.7581967213114754,0.0860655737704918,0.20491803278688525,0.5744535519125683,False
49,120,0.0996388827804417,0.1167008594139966,0.2490945982424907,0.01516158547019586,0.49904287651141077,0.8237349004661277,0.004232272690085558,0.1195983004722993,0.2593098772844775,0.012849582652658379,0.4521242963065855,0.8237704918032787,0.8114754098360656,0.8278688524590164,0.5983606557377049,0.21721311475409835,0.1598360655737705,0.5730874316939891,False
50,117,0.0950319731027611,0.1174035727074701,0.2434987516177914,0.06291744498594198,0.5057548396866989,0.8580604774244616,0.013697212460457313,0.12020649978079079,0.2560390555660038,0.05932222654034073,0.45754757285813313,0.11065573770491803,0.8852459016393442,0.7377049180327869,0.8442622950819673,0.7131147540983607,0.13934426229508196,0.5717213114754098,False
