structure_id,frame_number_from_filename,expected_frame_from_manifest,filename,log_filename,canonical_xyz_sha256,route,charge,multiplicity,atom_count,stoichiometry,scf_energy_hartree,scf_energy_count,normal_termination_count,error_termination,force_row_count,gaussian_version,cpu_time_text,elapsed_time_text,atom_order_match,geometry_kabsch_rmsd_A,geometry_max_aligned_deviation_A,frame_match,route_ok,charge_mult_ok,natoms_ok,energy_ok,force_ok,termination_ok,geometry_ok
1,0,0,cluster_N16_001_frame00000.xyz,cluster_N16_001_frame00000.log,c75a2a0b59b59cd795513361d526ae076f27f3580373e4c34dc7f0acc1d733f0,#p B3LYP/6-31G(d) Force,1,1,78,C13H47N2O16(1+),-1836.37914066,1,1,False,78,ES64L-G16RevA.03 25-Dec-2016,0 days  0 hours 20 minutes 57,0 days  0 hours  1 minutes 46,True,5.100677349717296e-07,7.688307276473595e-07,True,True,True,True,True,True,True,True
2,100,100,cluster_N16_002_frame00100.xyz,cluster_N16_002_frame00100.log,0ab5bb2c513c121829abeb362fc085a913ead32357795d4b679bb03933cb1c10,#p B3LYP/6-31G(d) Force,1,1,78,C13H47N2O16(1+),-1836.36265984,1,1,False,78,ES64L-G16RevA.03 25-Dec-2016,0 days  0 hours 20 minutes  6,0 days  0 hours  1 minutes 41,True,4.858844135405614e-07,7.798118667750494e-07,True,True,True,True,True,True,True,True
3,201,201,cluster_N16_003_frame00201.xyz,cluster_N16_003_frame00201.log,683571f3cb2375c231751560eac313711e073a02a3796d45b47603debf4fcb52,#p B3LYP/6-31G(d) Force,1,1,78,C13H47N2O16(1+),-1836.36351952,1,1,False,78,ES64L-G16RevA.03 25-Dec-2016,0 days  0 hours 20 minutes 17,0 days  0 hours  1 minutes 43,True,4.975410483094896e-07,7.612162386259448e-07,True,True,True,True,True,True,True,True
4,302,302,cluster_N16_004_frame00302.xyz,cluster_N16_004_frame00302.log,7a60944fdfefd00ccc8135671b7eb513f50311638a7773ed67ed4b3d6ea0f119,#p B3LYP/6-31G(d) Force,1,1,78,C13H47N2O16(1+),-1836.34456979,1,1,False,78,ES64L-G16RevA.03 25-Dec-2016,0 days  0 hours 20 minutes  5,0 days  0 hours  1 minutes 41,True,4.947646228659747e-07,7.953051670815122e-07,True,True,True,True,True,True,True,True
5,403,403,cluster_N16_005_frame00403.xyz,cluster_N16_005_frame00403.log,e8a9aac27cac6d76ae56fe8e4193fa6634c505599ff86790a920dbcb77ea2b8f,#p B3LYP/6-31G(d) Force,1,1,78,C13H47N2O16(1+),-1836.36819534,1,1,False,78,ES64L-G16RevA.03 25-Dec-2016,0 days  0 hours 20 minutes 15,0 days  0 hours  1 minutes 43,True,4.953968805205376e-07,7.23862344302412e-07,True,True,True,True,True,True,True,True
6,504,504,cluster_N16_006_frame00504.xyz,cluster_N16_006_frame00504.log,8fae76132dcfa73d8fb300ce60196f45999907a0289f92ec672d79b55167c37b,#p B3LYP/6-31G(d) Force,1,1,78,C13H47N2O16(1+),-1836.35136529,1,1,False,78,ES64L-G16RevA.03 25-Dec-2016,0 days  0 hours 21 minutes 22,0 days  0 hours  1 minutes 48,True,4.98172374960615e-07,7.388373537391798e-07,True,True,True,True,True,True,True,True
7,604,604,cluster_N16_007_frame00604.xyz,cluster_N16_007_frame00604.log,1ffd78b4aca506fe69d032f7930aa54e20586186ae7bc6463778cf41e129d740,#p B3LYP/6-31G(d) Force,1,1,78,C13H47N2O16(1+),-1836.36138179,1,1,False,78,ES64L-G16RevA.03 25-Dec-2016,0 days  0 hours 21 minutes 53,0 days  0 hours  1 minutes 51,True,4.857376876454869e-07,8.213316766777798e-07,True,True,True,True,True,True,True,True
8,705,705,cluster_N16_008_frame00705.xyz,cluster_N16_008_frame00705.log,4532e3b2212dc7e41d95f8eed6965885f15611b554acb42f7634f9bbb6301379,#p B3LYP/6-31G(d) Force,1,1,78,C13H47N2O16(1+),-1836.35332701,1,1,False,78,ES64L-G16RevA.03 25-Dec-2016,0 days  0 hours 23 minutes 30,0 days  0 hours  1 minutes 58,True,4.6906380826418655e-07,7.735044535668432e-07,True,True,True,True,True,True,True,True
9,806,806,cluster_N16_009_frame00806.xyz,cluster_N16_009_frame00806.log,4e9b0126da42b11048c01a70184046853513fa3cb04bbb6970a427c2e3f76715,#p B3LYP/6-31G(d) Force,1,1,78,C13H47N2O16(1+),-1836.33122578,1,1,False,78,ES64L-G16RevA.03 25-Dec-2016,0 days  0 hours 21 minutes 46,0 days  0 hours  1 minutes 50,True,5.028249245731571e-07,7.884142868388653e-07,True,True,True,True,True,True,True,True
10,907,907,cluster_N16_010_frame00907.xyz,cluster_N16_010_frame00907.log,38223c5d9ef108c6b6b28d14ebf1784f81748f75813428df89c89f9349610310,#p B3LYP/6-31G(d) Force,1,1,78,C13H47N2O16(1+),-1836.39193163,1,1,False,78,ES64L-G16RevA.03 25-Dec-2016,0 days  0 hours 21 minutes 14,0 days  0 hours  1 minutes 47,True,5.182477356125212e-07,8.64700704379497e-07,True,True,True,True,True,True,True,True
11,1008,1008,cluster_N16_011_frame01008.xyz,cluster_N16_011_frame01008.log,70604e86b7651e6ff393c8751676c2539263d8d76ccc7176474dc7e55e07b023,#p B3LYP/6-31G(d) Force,1,1,78,C13H47N2O16(1+),-1836.34996558,1,1,False,78,ES64L-G16RevA.03 25-Dec-2016,0 days  0 hours 19 minutes 56,0 days  0 hours  1 minutes 41,True,4.960218443369362e-07,8.34079293503488e-07,True,True,True,True,True,True,True,True
12,1109,1109,cluster_N16_012_frame01109.xyz,cluster_N16_012_frame01109.log,eb2616a263e8d49b7e27d3016212b774aea2a0b85d5a11d01271bbacc4beb5ed,#p B3LYP/6-31G(d) Force,1,1,78,C13H47N2O16(1+),-1836.33412143,1,1,False,78,ES64L-G16RevA.03 25-Dec-2016,0 days  0 hours 19 minutes 13,0 days  0 hours  1 minutes 38,True,5.261762294072877e-07,7.288344893566158e-07,True,True,True,True,True,True,True,True
13,1209,1209,cluster_N16_013_frame01209.xyz,cluster_N16_013_frame01209.log,affb7a69efd59bc6886b6f86ec480df67fa69f364f2fa26f37e5b1b9fe9002c8,#p B3LYP/6-31G(d) Force,1,1,78,C13H47N2O16(1+),-1836.43205767,1,1,False,78,ES64L-G16RevA.03 25-Dec-2016,0 days  0 hours 21 minutes 25,0 days  0 hours  1 minutes 48,True,5.014301759685395e-07,7.30297345983501e-07,True,True,True,True,True,True,True,True
14,1310,1310,cluster_N16_014_frame01310.xyz,cluster_N16_014_frame01310.log,bd39c495e5598665a78032234fef0014784eafdf0589314a7428f75f9659b17a,#p B3LYP/6-31G(d) Force,1,1,78,C13H47N2O16(1+),-1836.39697995,1,1,False,78,ES64L-G16RevA.03 25-Dec-2016,0 days  0 hours 20 minutes 10,0 days  0 hours  1 minutes 42,True,4.769810933603747e-07,7.496763763254723e-07,True,True,True,True,True,True,True,True
15,1411,1411,cluster_N16_015_frame01411.xyz,cluster_N16_015_frame01411.log,120a122718f2e3e0d29b41af026a8beb0ed012b707637f1f3d3f06f4d869a719,#p B3LYP/6-31G(d) Force,1,1,78,C13H47N2O16(1+),-1836.38479333,1,1,False,78,ES64L-G16RevA.03 25-Dec-2016,0 days  0 hours 22 minutes 29,0 days  0 hours  1 minutes 54,True,4.741108598426563e-07,7.686602434927329e-07,True,True,True,True,True,True,True,True
16,1512,1512,cluster_N16_016_frame01512.xyz,cluster_N16_016_frame01512.log,69c299d9ac413f97860872158a865b7ee4780005a49c9f0f5af77f95db3489bc,#p B3LYP/6-31G(d) Force,1,1,78,C13H47N2O16(1+),-1836.3535014,1,1,False,78,ES64L-G16RevA.03 25-Dec-2016,0 days  0 hours 21 minutes 46,0 days  0 hours  1 minutes 50,True,4.7196752106426197e-07,7.157651309486253e-07,True,True,True,True,True,True,True,True
17,1613,1613,cluster_N16_017_frame01613.xyz,cluster_N16_017_frame01613.log,ee2adf0f3451879e88d2f3b7c11033fcb57da94ef297f2bfaf4acb5c6ec4bd0b,#p B3LYP/6-31G(d) Force,1,1,78,C13H47N2O16(1+),-1836.39804568,1,1,False,78,ES64L-G16RevA.03 25-Dec-2016,0 days  0 hours 21 minutes 26,0 days  0 hours  1 minutes 48,True,4.844999654036442e-07,8.047622668329783e-07,True,True,True,True,True,True,True,True
18,1713,1713,cluster_N16_018_frame01713.xyz,cluster_N16_018_frame01713.log,8ab24293037adbb37da5f5803011cb81f4beef32da09c549b1076b8dd4916e06,#p B3LYP/6-31G(d) Force,1,1,78,C13H47N2O16(1+),-1836.38333599,1,1,False,78,ES64L-G16RevA.03 25-Dec-2016,0 days  0 hours 20 minutes 37,0 days  0 hours  1 minutes 44,True,5.053401468078495e-07,8.519546453042182e-07,True,True,True,True,True,True,True,True
19,1814,1814,cluster_N16_019_frame01814.xyz,cluster_N16_019_frame01814.log,1d370b7a75bf4b2bdb9638c3619a9d1dee61853ef38dcad841f5ad58d41dcba9,#p B3LYP/6-31G(d) Force,1,1,78,C13H47N2O16(1+),-1836.34338244,1,1,False,78,ES64L-G16RevA.03 25-Dec-2016,0 days  0 hours 22 minutes 14,0 days  0 hours  2 minutes  0,True,4.6523832598349166e-07,7.274419538020427e-07,True,True,True,True,True,True,True,True
20,1915,1915,cluster_N16_020_frame01915.xyz,cluster_N16_020_frame01915.log,1541118de4f64d741e69ff5122e71b5617a1675df1de9fe8796293502aa2941b,#p B3LYP/6-31G(d) Force,1,1,78,C13H47N2O16(1+),-1836.36199304,1,1,False,78,ES64L-G16RevA.03 25-Dec-2016,0 days  0 hours 21 minutes 52,0 days  0 hours  1 minutes 50,True,5.053471119017061e-07,8.489050235664813e-07,True,True,True,True,True,True,True,True
21,2016,2016,cluster_N16_021_frame02016.xyz,cluster_N16_021_frame02016.log,bde34acbd8a285f263abf8790fb04744420981c7137c6b2696264dd9f2c738e0,#p B3LYP/6-31G(d) Force,1,1,78,C13H47N2O16(1+),-1836.37787988,1,1,False,78,ES64L-G16RevA.03 25-Dec-2016,0 days  0 hours 21 minutes 44,0 days  0 hours  1 minutes 50,True,4.7481404101300137e-07,7.683789249774072e-07,True,True,True,True,True,True,True,True
22,2117,2117,cluster_N16_022_frame02117.xyz,cluster_N16_022_frame02117.log,15c00399d9afbda9f71443d7b71b395737f053626d37a5019b7eb57db16f7f5c,#p B3LYP/6-31G(d) Force,1,1,78,C13H47N2O16(1+),-1836.37903979,1,1,False,78,ES64L-G16RevA.03 25-Dec-2016,0 days  0 hours 21 minutes 31,0 days  0 hours  1 minutes 48,True,4.83767935472069e-07,7.069553287519024e-07,True,True,True,True,True,True,True,True
23,2218,2218,cluster_N16_023_frame02218.xyz,cluster_N16_023_frame02218.log,c8bc84e519107afaef4e1d22b007e9dbd7c419a85f2710d639f51f8837ef3a81,#p B3LYP/6-31G(d) Force,1,1,78,C13H47N2O16(1+),-1836.35774128,1,1,False,78,ES64L-G16RevA.03 25-Dec-2016,0 days  0 hours 18 minutes 52,0 days  0 hours  1 minutes 35,True,5.215735930881301e-07,7.42571606141643e-07,True,True,True,True,True,True,True,True
24,2318,2318,cluster_N16_024_frame02318.xyz,cluster_N16_024_frame02318.log,17635e3822a4ca990fd8cc7b9198542e0d2f1cce2636af55c396975e6d02b0f2,#p B3LYP/6-31G(d) Force,1,1,78,C13H47N2O16(1+),-1836.37792506,1,1,False,78,ES64L-G16RevA.03 25-Dec-2016,0 days  0 hours 21 minutes 20,0 days  0 hours  1 minutes 47,True,4.830809254431334e-07,7.866333900776314e-07,True,True,True,True,True,True,True,True
25,2419,2419,cluster_N16_025_frame02419.xyz,cluster_N16_025_frame02419.log,77df9db2552f436a1defea7400a4f10fce11b2de4d355a2a876397f77e1d6580,#p B3LYP/6-31G(d) Force,1,1,78,C13H47N2O16(1+),-1836.3480071,1,1,False,78,ES64L-G16RevA.03 25-Dec-2016,0 days  0 hours 12 minutes 39,0 days  0 hours  1 minutes  4,True,5.063630532907428e-07,8.238394131157459e-07,True,True,True,True,True,True,True,True
26,2520,2520,cluster_N16_026_frame02520.xyz,cluster_N16_026_frame02520.log,6810a2a5f796a6a47d21551b011914e67c1f9d01146827063cadd080697f2e89,#p B3LYP/6-31G(d) Force,1,1,78,C13H47N2O16(1+),-1836.3518403,1,1,False,78,ES64L-G16RevA.03 25-Dec-2016,0 days  0 hours 22 minutes 15,0 days  0 hours  1 minutes 52,True,5.190988528373229e-07,7.79386834290749e-07,True,True,True,True,True,True,True,True
27,2621,2621,cluster_N16_027_frame02621.xyz,cluster_N16_027_frame02621.log,a133ce679d20c17766dd33a5e712fa8569e5ccfae9e12d14f6173599b967486d,#p B3LYP/6-31G(d) Force,1,1,78,C13H47N2O16(1+),-1836.35891726,1,1,False,78,ES64L-G16RevA.03 25-Dec-2016,0 days  0 hours 21 minutes 12,0 days  0 hours  1 minutes 47,True,4.774057381066856e-07,7.49803303920795e-07,True,True,True,True,True,True,True,True
28,2722,2722,cluster_N16_028_frame02722.xyz,cluster_N16_028_frame02722.log,1987953a01ceca93e374e5db204153f0e98acb7af2ec13acf7e366ebb9e43ec8,#p B3LYP/6-31G(d) Force,1,1,78,C13H47N2O16(1+),-1836.36566461,1,1,False,78,ES64L-G16RevA.03 25-Dec-2016,0 days  0 hours 24 minutes  2,0 days  0 hours  2 minutes  1,True,4.780253974563854e-07,7.376373294838062e-07,True,True,True,True,True,True,True,True
29,2822,2822,cluster_N16_029_frame02822.xyz,cluster_N16_029_frame02822.log,be6eb0d71168c616a4274ecc5c40f0dcefb0fe6a05a1fb859ada0feb0209b9d7,#p B3LYP/6-31G(d) Force,1,1,78,C13H47N2O16(1+),-1836.378825,1,1,False,78,ES64L-G16RevA.03 25-Dec-2016,0 days  0 hours 22 minutes 20,0 days  0 hours  1 minutes 52,True,5.059629481214816e-07,7.746366845661918e-07,True,True,True,True,True,True,True,True
30,2923,2923,cluster_N16_030_frame02923.xyz,cluster_N16_030_frame02923.log,c4d5bddf3ac44576ba9b078b2a4d588876bd4a89cc431e4dbac85951e09ca8b7,#p B3LYP/6-31G(d) Force,1,1,78,C13H47N2O16(1+),-1836.40250146,1,1,False,78,ES64L-G16RevA.03 25-Dec-2016,0 days  0 hours 23 minutes 32,0 days  0 hours  1 minutes 59,True,4.879888562493641e-07,7.866411908734758e-07,True,True,True,True,True,True,True,True
31,3024,3024,cluster_N16_031_frame03024.xyz,cluster_N16_031_frame03024.log,5782120c5a31ef3897d08171e97d658bbe3c1b73633bfce0ec6aa03efed88c57,#p B3LYP/6-31G(d) Force,1,1,78,C13H47N2O16(1+),-1836.38537111,1,1,False,78,ES64L-G16RevA.03 25-Dec-2016,0 days  0 hours 22 minutes 27,0 days  0 hours  1 minutes 53,True,4.746874821703422e-07,7.80590202111167e-07,True,True,True,True,True,True,True,True
32,3125,3125,cluster_N16_032_frame03125.xyz,cluster_N16_032_frame03125.log,ef57bf5947a2964f574b69826f0067560169b697d4a412beb7f67aa8b0f6a5e2,#p B3LYP/6-31G(d) Force,1,1,78,C13H47N2O16(1+),-1836.41213671,1,1,False,78,ES64L-G16RevA.03 25-Dec-2016,0 days  0 hours 21 minutes 52,0 days  0 hours  1 minutes 50,True,4.928538076903403e-07,7.846978324096289e-07,True,True,True,True,True,True,True,True
33,3226,3226,cluster_N16_033_frame03226.xyz,cluster_N16_033_frame03226.log,be8e4078a7ce493e4e3341731934cfd0e9b97fbf4fe69b75715359e595fe81ab,#p B3LYP/6-31G(d) Force,1,1,78,C13H47N2O16(1+),-1836.36334961,1,1,False,78,ES64L-G16RevA.03 25-Dec-2016,0 days  0 hours 20 minutes 52,0 days  0 hours  1 minutes 45,True,4.6677671667108356e-07,7.721072164256774e-07,True,True,True,True,True,True,True,True
34,3327,3327,cluster_N16_034_frame03327.xyz,cluster_N16_034_frame03327.log,ecf4e62785da647ce0b7b226372bca789fda19209c29779ab9e89d60f35c4fc3,#p B3LYP/6-31G(d) Force,1,1,78,C13H47N2O16(1+),-1836.34548359,1,1,False,78,ES64L-G16RevA.03 25-Dec-2016,0 days  0 hours 20 minutes 12,0 days  0 hours  1 minutes 42,True,5.011963845251636e-07,7.864786389216276e-07,True,True,True,True,True,True,True,True
35,3427,3427,cluster_N16_035_frame03427.xyz,cluster_N16_035_frame03427.log,d6bc64b4f795f5076d251ff33aeb02df63f00823bd9467b0d084d46f54996c96,#p B3LYP/6-31G(d) Force,1,1,78,C13H47N2O16(1+),-1836.39457384,1,1,False,78,ES64L-G16RevA.03 25-Dec-2016,0 days  0 hours 20 minutes 37,0 days  0 hours  1 minutes 44,True,4.803605139054278e-07,6.678635334492766e-07,True,True,True,True,True,True,True,True
36,3528,3528,cluster_N16_036_frame03528.xyz,cluster_N16_036_frame03528.log,8b79656dfdf8536e033855d1305f0aa5d1115202966f8f4c4b3a0b54eac04d7f,#p B3LYP/6-31G(d) Force,1,1,78,C13H47N2O16(1+),-1836.34542357,1,1,False,78,ES64L-G16RevA.03 25-Dec-2016,0 days  0 hours 21 minutes 46,0 days  0 hours  1 minutes 49,True,4.913611997609762e-07,7.993642943664926e-07,True,True,True,True,True,True,True,True
37,3629,3629,cluster_N16_037_frame03629.xyz,cluster_N16_037_frame03629.log,7ece9f2d360cd11787ade5bb0df2040b0d3a0fbb75e9dde065c067f006a99263,#p B3LYP/6-31G(d) Force,1,1,78,C13H47N2O16(1+),-1836.41513801,1,1,False,78,ES64L-G16RevA.03 25-Dec-2016,0 days  0 hours 23 minutes 34,0 days  0 hours  1 minutes 59,True,4.835419795749779e-07,7.392368684935575e-07,True,True,True,True,True,True,True,True
38,3730,3730,cluster_N16_038_frame03730.xyz,cluster_N16_038_frame03730.log,7e0c376a26c17a78ded3f57fa6b536b6ee7c5f2383b56c17d64de6f6a4e855b3,#p B3LYP/6-31G(d) Force,1,1,78,C13H47N2O16(1+),-1836.41423956,1,1,False,78,ES64L-G16RevA.03 25-Dec-2016,0 days  0 hours 22 minutes 48,0 days  0 hours  1 minutes 55,True,4.772292855522072e-07,7.177116622908369e-07,True,True,True,True,True,True,True,True
39,3831,3831,cluster_N16_039_frame03831.xyz,cluster_N16_039_frame03831.log,e8e329cb6d847f2fba6b527fe52e01c6e5c4538adb5bd825f0a5a8b44417774a,#p B3LYP/6-31G(d) Force,1,1,78,C13H47N2O16(1+),-1836.36207323,1,1,False,78,ES64L-G16RevA.03 25-Dec-2016,0 days  0 hours 20 minutes 55,0 days  0 hours  1 minutes 45,True,4.6249194322542047e-07,8.429911215788814e-07,True,True,True,True,True,True,True,True
40,3931,3931,cluster_N16_040_frame03931.xyz,cluster_N16_040_frame03931.log,ba955673d68d233ff0baba237b29fe62d5aaeb6c3d938a64eb429068ced5f9c9,#p B3LYP/6-31G(d) Force,1,1,78,C13H47N2O16(1+),-1836.35900431,1,1,False,78,ES64L-G16RevA.03 25-Dec-2016,0 days  0 hours 21 minutes 19,0 days  0 hours  1 minutes 47,True,5.091302003494215e-07,8.13940774992657e-07,True,True,True,True,True,True,True,True
41,4032,4032,cluster_N16_041_frame04032.xyz,cluster_N16_041_frame04032.log,3df8335dd79a4812c45884e6efc1745513c5c5e43e8a3757a7b72469f80a51b8,#p B3LYP/6-31G(d) Force,1,1,78,C13H47N2O16(1+),-1836.40689203,1,1,False,78,ES64L-G16RevA.03 25-Dec-2016,0 days  0 hours 21 minutes 48,0 days  0 hours  1 minutes 50,True,4.967046672454063e-07,7.957533391593621e-07,True,True,True,True,True,True,True,True
42,4133,4133,cluster_N16_042_frame04133.xyz,cluster_N16_042_frame04133.log,f65a9a48034c1b38693506be2220538bdb0d0692dec3d2144e7b71a2b4245d8b,#p B3LYP/6-31G(d) Force,1,1,78,C13H47N2O16(1+),-1836.33384693,1,1,False,78,ES64L-G16RevA.03 25-Dec-2016,0 days  0 hours 22 minutes 16,0 days  0 hours  1 minutes 52,True,4.905681307002838e-07,7.467969801727902e-07,True,True,True,True,True,True,True,True
43,4234,4234,cluster_N16_043_frame04234.xyz,cluster_N16_043_frame04234.log,cf5a83dbea4189549331749fc7861f7c8ea4c740d948d6c4ab77f8036ec498b3,#p B3LYP/6-31G(d) Force,1,1,78,C13H47N2O16(1+),-1836.36790837,1,1,False,78,ES64L-G16RevA.03 25-Dec-2016,0 days  0 hours 22 minutes 23,0 days  0 hours  1 minutes 53,True,5.016703782060612e-07,7.929517965903185e-07,True,True,True,True,True,True,True,True
44,4335,4335,cluster_N16_044_frame04335.xyz,cluster_N16_044_frame04335.log,1b02b11094128359da98449f014c19a1414fd148c65b4c5ad0513984b0d42101,#p B3LYP/6-31G(d) Force,1,1,78,C13H47N2O16(1+),-1836.39365874,1,1,False,78,ES64L-G16RevA.03 25-Dec-2016,0 days  0 hours 20 minutes 30,0 days  0 hours  1 minutes 45,True,5.014353584788191e-07,8.271240997692957e-07,True,True,True,True,True,True,True,True
45,4436,4436,cluster_N16_045_frame04436.xyz,cluster_N16_045_frame04436.log,dd6573e170b361f78fe6816d394293eff1d4f94a7acf939bc204bfdbb504858f,#p B3LYP/6-31G(d) Force,1,1,78,C13H47N2O16(1+),-1836.34812962,1,1,False,78,ES64L-G16RevA.03 25-Dec-2016,0 days  0 hours 21 minutes 38,0 days  0 hours  1 minutes 49,True,4.813737315985134e-07,7.467169314815507e-07,True,True,True,True,True,True,True,True
46,4536,4536,cluster_N16_046_frame04536.xyz,cluster_N16_046_frame04536.log,64bb78bc6ca3b081ed01e15bdd8830aeb5095e280db8c00739f28bf41cd75b6f,#p B3LYP/6-31G(d) Force,1,1,78,C13H47N2O16(1+),-1836.36987936,1,1,False,78,ES64L-G16RevA.03 25-Dec-2016,0 days  0 hours 25 minutes 27,0 days  0 hours  2 minutes  8,True,4.897416756214104e-07,8.158484683085722e-07,True,True,True,True,True,True,True,True
47,4637,4637,cluster_N16_047_frame04637.xyz,cluster_N16_047_frame04637.log,0924a767cd5c9ef802f12cf3169b47f97eb2485f9da92fd14e597b080e478d80,#p B3LYP/6-31G(d) Force,1,1,78,C13H47N2O16(1+),-1836.35817371,1,1,False,78,ES64L-G16RevA.03 25-Dec-2016,0 days  0 hours 19 minutes 49,0 days  0 hours  1 minutes 40,True,5.09296678334556e-07,8.775639453885761e-07,True,True,True,True,True,True,True,True
48,4738,4738,cluster_N16_048_frame04738.xyz,cluster_N16_048_frame04738.log,1637bc229d33dcb193c909bc4dd99da45c0f675f7a3fc1d94e91e18719f76202,#p B3LYP/6-31G(d) Force,1,1,78,C13H47N2O16(1+),-1836.33305461,1,1,False,78,ES64L-G16RevA.03 25-Dec-2016,0 days  0 hours 20 minutes 44,0 days  0 hours  1 minutes 46,True,5.053902492304546e-07,6.895636249379359e-07,True,True,True,True,True,True,True,True
49,4839,4839,cluster_N16_049_frame04839.xyz,cluster_N16_049_frame04839.log,e8db8239d6cdf679824e98c1b0c603b5385a5cbcb78a61805fc9a6f39032a633,#p B3LYP/6-31G(d) Force,1,1,78,C13H47N2O16(1+),-1836.37303714,1,1,False,78,ES64L-G16RevA.03 25-Dec-2016,0 days  0 hours 19 minutes 53,0 days  0 hours  1 minutes 40,True,4.825132262264173e-07,7.190494364256202e-07,True,True,True,True,True,True,True,True
50,4940,4940,cluster_N16_050_frame04940.xyz,cluster_N16_050_frame04940.log,3e5df867cc65f07f22f14487555bed78ff32b1fbee6e81cfd6df2a5b03beccc5,#p B3LYP/6-31G(d) Force,1,1,78,C13H47N2O16(1+),-1836.345968,1,1,False,78,ES64L-G16RevA.03 25-Dec-2016,0 days  0 hours 19 minutes 57,0 days  0 hours  1 minutes 40,True,4.965759928290751e-07,7.409693709328223e-07,True,True,True,True,True,True,True,True
51,5040,5040,cluster_N16_051_frame05040.xyz,cluster_N16_051_frame05040.log,8b3f2d2f10c1f2ff220b716838dbfa34c50101d832b28412a0db27b32cd9a9a3,#p B3LYP/6-31G(d) Force,1,1,78,C13H47N2O16(1+),-1836.36674421,1,1,False,78,ES64L-G16RevA.03 25-Dec-2016,0 days  0 hours 19 minutes 29,0 days  0 hours  1 minutes 38,True,4.923151805833756e-07,7.064616820568536e-07,True,True,True,True,True,True,True,True
52,5141,5141,cluster_N16_052_frame05141.xyz,cluster_N16_052_frame05141.log,0c52e14f3fde464e2dad3ea2eb775078c91904efa4f705af6562cfa4d891addc,#p B3LYP/6-31G(d) Force,1,1,78,C13H47N2O16(1+),-1836.35387166,1,1,False,78,ES64L-G16RevA.03 25-Dec-2016,0 days  0 hours 19 minutes 43,0 days  0 hours  1 minutes 39,True,4.829814079822378e-07,7.732496275211817e-07,True,True,True,True,True,True,True,True
53,5242,5242,cluster_N16_053_frame05242.xyz,cluster_N16_053_frame05242.log,9adb05396299ad7a6785faf54bf5d0e4b9e3766e1f5aac74153bcbe5c4dba487,#p B3LYP/6-31G(d) Force,1,1,78,C13H47N2O16(1+),-1836.41159,1,1,False,78,ES64L-G16RevA.03 25-Dec-2016,0 days  0 hours 20 minutes 41,0 days  0 hours  1 minutes 45,True,4.819948497493098e-07,7.164885066016083e-07,True,True,True,True,True,True,True,True
54,5343,5343,cluster_N16_054_frame05343.xyz,cluster_N16_054_frame05343.log,2ca2f2a41c3e0096a93bc47c64871aab86b8d624ebfdcac030269538b371bb3a,#p B3LYP/6-31G(d) Force,1,1,78,C13H47N2O16(1+),-1836.36184808,1,1,False,78,ES64L-G16RevA.03 25-Dec-2016,0 days  0 hours 21 minutes 20,0 days  0 hours  1 minutes 48,True,4.908120969370066e-07,7.837489694152841e-07,True,True,True,True,True,True,True,True
55,5444,5444,cluster_N16_055_frame05444.xyz,cluster_N16_055_frame05444.log,efcf804a40e242ce2ad6aa499d789a998a83cbc41ad14ff4a9c6825ddc105722,#p B3LYP/6-31G(d) Force,1,1,78,C13H47N2O16(1+),-1836.37700815,1,1,False,78,ES64L-G16RevA.03 25-Dec-2016,0 days  0 hours 22 minutes  2,0 days  0 hours  1 minutes 51,True,4.800279047394112e-07,7.132391981013319e-07,True,True,True,True,True,True,True,True
56,5545,5545,cluster_N16_056_frame05545.xyz,cluster_N16_056_frame05545.log,9adb4ac87d3cd91dccdba0c9cf70573ce8850fcc52a416e9a26f27627512aa43,#p B3LYP/6-31G(d) Force,1,1,78,C13H47N2O16(1+),-1836.35169897,1,1,False,78,ES64L-G16RevA.03 25-Dec-2016,0 days  0 hours 22 minutes  0,0 days  0 hours  1 minutes 51,True,5.020691243817582e-07,7.369752251010985e-07,True,True,True,True,True,True,True,True
57,5645,5645,cluster_N16_057_frame05645.xyz,cluster_N16_057_frame05645.log,f0bff423dd7892cc601529474abbbc476652e9ad32b3e49c654b92244addb9a0,#p B3LYP/6-31G(d) Force,1,1,78,C13H47N2O16(1+),-1836.43527165,1,1,False,78,ES64L-G16RevA.03 25-Dec-2016,0 days  0 hours 21 minutes 24,0 days  0 hours  1 minutes 50,True,4.844585779599377e-07,7.560628644042098e-07,True,True,True,True,True,True,True,True
58,5746,5746,cluster_N16_058_frame05746.xyz,cluster_N16_058_frame05746.log,b9e929d736684f3fcdff817a2704917ab060de5c5adbf7f83dda312d1b9dc4a1,#p B3LYP/6-31G(d) Force,1,1,78,C13H47N2O16(1+),-1836.36813903,1,1,False,78,ES64L-G16RevA.03 25-Dec-2016,0 days  0 hours 19 minutes 12,0 days  0 hours  1 minutes 38,True,5.102589318153953e-07,8.276672472600584e-07,True,True,True,True,True,True,True,True
59,5847,5847,cluster_N16_059_frame05847.xyz,cluster_N16_059_frame05847.log,2969be6d0b8aeeabd07a67532b2d9c09e64fc1f9bd39a7d28c23a47c3c8889d0,#p B3LYP/6-31G(d) Force,1,1,78,C13H47N2O16(1+),-1836.34878732,1,1,False,78,ES64L-G16RevA.03 25-Dec-2016,0 days  0 hours 21 minutes 51,0 days  0 hours  1 minutes 50,True,4.967246563513565e-07,7.628116963316909e-07,True,True,True,True,True,True,True,True
60,5948,5948,cluster_N16_060_frame05948.xyz,cluster_N16_060_frame05948.log,157e109a22860463ba84e83a43d7c33e7b0f94ea2f83cec52c3fc6680b5e3e42,#p B3LYP/6-31G(d) Force,1,1,78,C13H47N2O16(1+),-1836.33944699,1,1,False,78,ES64L-G16RevA.03 25-Dec-2016,0 days  0 hours 21 minutes 11,0 days  0 hours  1 minutes 47,True,5.091724718219905e-07,7.613731331808041e-07,True,True,True,True,True,True,True,True
61,6049,6049,cluster_N16_061_frame06049.xyz,cluster_N16_061_frame06049.log,52f93077a976e843c1781f3377da845186b1e710ece25d3ea9916c3b6dba4a60,#p B3LYP/6-31G(d) Force,1,1,78,C13H47N2O16(1+),-1836.3444309,1,1,False,78,ES64L-G16RevA.03 25-Dec-2016,0 days  0 hours 20 minutes  6,0 days  0 hours  1 minutes 41,True,4.863754731097028e-07,7.165313627770653e-07,True,True,True,True,True,True,True,True
62,6149,6149,cluster_N16_062_frame06149.xyz,cluster_N16_062_frame06149.log,c179360b8ed6ab6d085d234f77ce6ba154fad2bd0bda24f052da699ce166cff9,#p B3LYP/6-31G(d) Force,1,1,78,C13H47N2O16(1+),-1836.36444572,1,1,False,78,ES64L-G16RevA.03 25-Dec-2016,0 days  0 hours 20 minutes 50,0 days  0 hours  1 minutes 45,True,4.794187182618933e-07,7.746609011625175e-07,True,True,True,True,True,True,True,True
63,6250,6250,cluster_N16_063_frame06250.xyz,cluster_N16_063_frame06250.log,39740dbc593befb7a76f8f92374a0307ed5a24d5b2c20c98b3f4b162890344db,#p B3LYP/6-31G(d) Force,1,1,78,C13H47N2O16(1+),-1836.40666605,1,1,False,78,ES64L-G16RevA.03 25-Dec-2016,0 days  0 hours 22 minutes 16,0 days  0 hours  1 minutes 55,True,4.406649097320954e-07,7.393445352418925e-07,True,True,True,True,True,True,True,True
64,6351,6351,cluster_N16_064_frame06351.xyz,cluster_N16_064_frame06351.log,3544c66589eb69020c27b152b2ff9f1dd44383bf8dbb52b1499c16bb0af7be9e,#p B3LYP/6-31G(d) Force,1,1,78,C13H47N2O16(1+),-1836.38879692,1,1,False,78,ES64L-G16RevA.03 25-Dec-2016,0 days  0 hours 21 minutes  0,0 days  0 hours  1 minutes 52,True,4.73968726423915e-07,7.806672375670535e-07,True,True,True,True,True,True,True,True
65,6452,6452,cluster_N16_065_frame06452.xyz,cluster_N16_065_frame06452.log,abe84e11bf755fb739799326d8948656835263e86492b35aa58f03885f5a4a57,#p B3LYP/6-31G(d) Force,1,1,78,C13H47N2O16(1+),-1836.36362038,1,1,False,78,ES64L-G16RevA.03 25-Dec-2016,0 days  0 hours 21 minutes 47,0 days  0 hours  1 minutes 50,True,4.78916777994277e-07,7.337333049724384e-07,True,True,True,True,True,True,True,True
66,6553,6553,cluster_N16_066_frame06553.xyz,cluster_N16_066_frame06553.log,e21b3809335c46b0fe091cd948aa9e4c96bd07a9b052ffc2d7544b4732c45bb2,#p B3LYP/6-31G(d) Force,1,1,78,C13H47N2O16(1+),-1836.35071685,1,1,False,78,ES64L-G16RevA.03 25-Dec-2016,0 days  0 hours 21 minutes 41,0 days  0 hours  1 minutes 50,True,4.904179108540113e-07,7.177417778087867e-07,True,True,True,True,True,True,True,True
67,6654,6654,cluster_N16_067_frame06654.xyz,cluster_N16_067_frame06654.log,0c0c8fba85cad9bb0277c5646856a5e42f1dae307a84aaed2d37421cab5796aa,#p B3LYP/6-31G(d) Force,1,1,78,C13H47N2O16(1+),-1836.34727306,1,1,False,78,ES64L-G16RevA.03 25-Dec-2016,0 days  0 hours 17 minutes 53,0 days  0 hours  1 minutes 30,True,4.996430903436293e-07,7.904444001904801e-07,True,True,True,True,True,True,True,True
68,6754,6754,cluster_N16_068_frame06754.xyz,cluster_N16_068_frame06754.log,4653fdf1397b62433a3d133f165518b232a9ebe1ec383e3f9614876fd175b78c,#p B3LYP/6-31G(d) Force,1,1,78,C13H47N2O16(1+),-1836.37040609,1,1,False,78,ES64L-G16RevA.03 25-Dec-2016,0 days  0 hours 20 minutes 54,0 days  0 hours  1 minutes 45,True,5.202265939566896e-07,7.834912010642223e-07,True,True,True,True,True,True,True,True
69,6855,6855,cluster_N16_069_frame06855.xyz,cluster_N16_069_frame06855.log,bfb6df31a6f6940948e3c09ff29acc41a417419e9911c8b284faa143dfe85568,#p B3LYP/6-31G(d) Force,1,1,78,C13H47N2O16(1+),-1836.35471228,1,1,False,78,ES64L-G16RevA.03 25-Dec-2016,0 days  0 hours 21 minutes 34,0 days  0 hours  1 minutes 49,True,4.5202096919396177e-07,7.021023301972342e-07,True,True,True,True,True,True,True,True
70,6956,6956,cluster_N16_070_frame06956.xyz,cluster_N16_070_frame06956.log,11fa3c78b294784f51ea192dff3cfc6359604fd021e9da34ac95aa7e5c8f06d8,#p B3LYP/6-31G(d) Force,1,1,78,C13H47N2O16(1+),-1836.36188734,1,1,False,78,ES64L-G16RevA.03 25-Dec-2016,0 days  0 hours 24 minutes 11,0 days  0 hours  2 minutes  2,True,4.959794534729779e-07,7.583273169339299e-07,True,True,True,True,True,True,True,True
71,7057,7057,cluster_N16_071_frame07057.xyz,cluster_N16_071_frame07057.log,3b4dbd07a67b8fa976017dfbab2592cd3c905e7b273b8f54d4f74140c4336243,#p B3LYP/6-31G(d) Force,1,1,78,C13H47N2O16(1+),-1836.33279052,1,1,False,78,ES64L-G16RevA.03 25-Dec-2016,0 days  0 hours 20 minutes 53,0 days  0 hours  1 minutes 45,True,5.189419683985096e-07,8.434093526446341e-07,True,True,True,True,True,True,True,True
72,7158,7158,cluster_N16_072_frame07158.xyz,cluster_N16_072_frame07158.log,07cbea7804c83a2c6ff3b392665b07ee203561baec6eeb0044f19e96bafffbf0,#p B3LYP/6-31G(d) Force,1,1,78,C13H47N2O16(1+),-1836.3620932,1,1,False,78,ES64L-G16RevA.03 25-Dec-2016,0 days  0 hours 19 minutes 19,0 days  0 hours  1 minutes 38,True,5.05633356129249e-07,8.317147433236186e-07,True,True,True,True,True,True,True,True
73,7258,7258,cluster_N16_073_frame07258.xyz,cluster_N16_073_frame07258.log,cbe6aa65f70e20fab40297ac21d56a8a923495d34e325c708335fa8c2fe446c3,#p B3LYP/6-31G(d) Force,1,1,78,C13H47N2O16(1+),-1836.38634838,1,1,False,78,ES64L-G16RevA.03 25-Dec-2016,0 days  0 hours 21 minutes 30,0 days  0 hours  1 minutes 49,True,4.851260888130474e-07,7.192211473182504e-07,True,True,True,True,True,True,True,True
74,7359,7359,cluster_N16_074_frame07359.xyz,cluster_N16_074_frame07359.log,065d316658b29534e217210a4c034f38ce5546b13df9e4a5703a3ae016055a81,#p B3LYP/6-31G(d) Force,1,1,78,C13H47N2O16(1+),-1836.35219308,1,1,False,78,ES64L-G16RevA.03 25-Dec-2016,0 days  0 hours 20 minutes 48,0 days  0 hours  1 minutes 45,True,4.983550964873273e-07,8.051915679172576e-07,True,True,True,True,True,True,True,True
75,7460,7460,cluster_N16_075_frame07460.xyz,cluster_N16_075_frame07460.log,c13791b1dda077b6c3390b87d619706e149fa164c3dd6439d8c5e4126df258a7,#p B3LYP/6-31G(d) Force,1,1,78,C13H47N2O16(1+),-1836.34983108,1,1,False,78,ES64L-G16RevA.03 25-Dec-2016,0 days  0 hours 21 minutes 23,0 days  0 hours  1 minutes 48,True,4.993619924666971e-07,7.695947583399377e-07,True,True,True,True,True,True,True,True
76,7561,7561,cluster_N16_076_frame07561.xyz,cluster_N16_076_frame07561.log,217965c7d32be4cef1bf627e28368cdf5b7caff013f86870af9d224c2c6c2fc4,#p B3LYP/6-31G(d) Force,1,1,78,C13H47N2O16(1+),-1836.37689774,1,1,False,78,ES64L-G16RevA.03 25-Dec-2016,0 days  0 hours 22 minutes 43,0 days  0 hours  1 minutes 54,True,4.948161110250114e-07,7.935934437959985e-07,True,True,True,True,True,True,True,True
77,7662,7662,cluster_N16_077_frame07662.xyz,cluster_N16_077_frame07662.log,6c54a33ec711920cfb5f851585343f96f94981443acdc5199c932d201e5d0346,#p B3LYP/6-31G(d) Force,1,1,78,C13H47N2O16(1+),-1836.38403309,1,1,False,78,ES64L-G16RevA.03 25-Dec-2016,0 days  0 hours 21 minutes 16,0 days  0 hours  1 minutes 47,True,4.993725167910905e-07,8.275083880027413e-07,True,True,True,True,True,True,True,True
78,7763,7763,cluster_N16_078_frame07763.xyz,cluster_N16_078_frame07763.log,467a40157d144aad1853fba3ca27cd801bc1b2f31f7858b6ddd14b740c849885,#p B3LYP/6-31G(d) Force,1,1,78,C13H47N2O16(1+),-1836.36715052,1,1,False,78,ES64L-G16RevA.03 25-Dec-2016,0 days  0 hours 20 minutes  3,0 days  0 hours  1 minutes 41,True,4.942086780513669e-07,7.253855305924255e-07,True,True,True,True,True,True,True,True
79,7863,7863,cluster_N16_079_frame07863.xyz,cluster_N16_079_frame07863.log,d14ec86d5955a7eaba18864f5fffd472f348ed6a1a2f7a37df9c187d01780a75,#p B3LYP/6-31G(d) Force,1,1,78,C13H47N2O16(1+),-1836.35278149,1,1,False,78,ES64L-G16RevA.03 25-Dec-2016,0 days  0 hours 19 minutes 59,0 days  0 hours  1 minutes 41,True,5.27053479137501e-07,7.89238079475642e-07,True,True,True,True,True,True,True,True
80,7964,7964,cluster_N16_080_frame07964.xyz,cluster_N16_080_frame07964.log,c3c3a5b924d802d1421148e03fd53cedaf165616a7e166091e2a53e726ae5679,#p B3LYP/6-31G(d) Force,1,1,78,C13H47N2O16(1+),-1836.3635356,1,1,False,78,ES64L-G16RevA.03 25-Dec-2016,0 days  0 hours 23 minutes 21,0 days  0 hours  1 minutes 58,True,5.001644991069273e-07,8.215446703365366e-07,True,True,True,True,True,True,True,True
81,8065,8065,cluster_N16_081_frame08065.xyz,cluster_N16_081_frame08065.log,8f84d2f0fe47679d3ea175c5c5689e5f630849bf101c87b0fa798c0facde55d8,#p B3LYP/6-31G(d) Force,1,1,78,C13H47N2O16(1+),-1836.37880525,1,1,False,78,ES64L-G16RevA.03 25-Dec-2016,0 days  0 hours 21 minutes  5,0 days  0 hours  1 minutes 46,True,4.743372622965683e-07,7.178218851629178e-07,True,True,True,True,True,True,True,True
82,8166,8166,cluster_N16_082_frame08166.xyz,cluster_N16_082_frame08166.log,30ffd64b3f68a150f8b1f749ae0f7c24f5ce7d46335ec47864aead730b34e6a7,#p B3LYP/6-31G(d) Force,1,1,78,C13H47N2O16(1+),-1836.34456985,1,1,False,78,ES64L-G16RevA.03 25-Dec-2016,0 days  0 hours 21 minutes 51,0 days  0 hours  1 minutes 51,True,4.895477425673937e-07,8.080891952823775e-07,True,True,True,True,True,True,True,True
83,8267,8267,cluster_N16_083_frame08267.xyz,cluster_N16_083_frame08267.log,077c4df14bd43709c4fac31e3019a621e142ae6c761a01dbb85c544c65671b84,#p B3LYP/6-31G(d) Force,1,1,78,C13H47N2O16(1+),-1836.3848632,1,1,False,78,ES64L-G16RevA.03 25-Dec-2016,0 days  0 hours 20 minutes 35,0 days  0 hours  1 minutes 44,True,4.883520924393954e-07,7.479455125559725e-07,True,True,True,True,True,True,True,True
84,8367,8367,cluster_N16_084_frame08367.xyz,cluster_N16_084_frame08367.log,196973b0062d19c7b1613bbcfc5a0e9df660cb7ca369db356439f0feb6eb42e5,#p B3LYP/6-31G(d) Force,1,1,78,C13H47N2O16(1+),-1836.3650608,1,1,False,78,ES64L-G16RevA.03 25-Dec-2016,0 days  0 hours 23 minutes 39,0 days  0 hours  1 minutes 59,True,5.092222208869606e-07,7.887854137491491e-07,True,True,True,True,True,True,True,True
85,8468,8468,cluster_N16_085_frame08468.xyz,cluster_N16_085_frame08468.log,c6c194f620da777cccb79a5407e21ed7e7c6bb62a23fdcb81ac2a7d4a4aed68a,#p B3LYP/6-31G(d) Force,1,1,78,C13H47N2O16(1+),-1836.36634128,1,1,False,78,ES64L-G16RevA.03 25-Dec-2016,0 days  0 hours 19 minutes 31,0 days  0 hours  1 minutes 38,True,4.804784992951237e-07,7.465102620795108e-07,True,True,True,True,True,True,True,True
86,8569,8569,cluster_N16_086_frame08569.xyz,cluster_N16_086_frame08569.log,8885fb9e961d5b21669a3086c74d0309c355448975daffca84ba6954f942a09f,#p B3LYP/6-31G(d) Force,1,1,78,C13H47N2O16(1+),-1836.37546277,1,1,False,78,ES64L-G16RevA.03 25-Dec-2016,0 days  0 hours 20 minutes 20,0 days  0 hours  1 minutes 42,True,5.023380301035537e-07,7.230710185769869e-07,True,True,True,True,True,True,True,True
87,8670,8670,cluster_N16_087_frame08670.xyz,cluster_N16_087_frame08670.log,811e2ac1df67d823f03f132f2a3fa76422f1a53ad82b9358eef00b58461e7bcf,#p B3LYP/6-31G(d) Force,1,1,78,C13H47N2O16(1+),-1836.35350637,1,1,False,78,ES64L-G16RevA.03 25-Dec-2016,0 days  0 hours 22 minutes 30,0 days  0 hours  1 minutes 53,True,4.7327538817866197e-07,7.838175396533446e-07,True,True,True,True,True,True,True,True
88,8771,8771,cluster_N16_088_frame08771.xyz,cluster_N16_088_frame08771.log,e7c0f0e739ea2365f9f7492da3e3167be196d143e9e3e60b558673cdf9f6d1b4,#p B3LYP/6-31G(d) Force,1,1,78,C13H47N2O16(1+),-1836.34141739,1,1,False,78,ES64L-G16RevA.03 25-Dec-2016,0 days  0 hours 21 minutes 42,0 days  0 hours  1 minutes 49,True,5.121840466625603e-07,8.650051831120774e-07,True,True,True,True,True,True,True,True
89,8872,8872,cluster_N16_089_frame08872.xyz,cluster_N16_089_frame08872.log,809121db1c5aca462040f52a304b9812d36099f1b436caf601f86f6feac16a24,#p B3LYP/6-31G(d) Force,1,1,78,C13H47N2O16(1+),-1836.39758345,1,1,False,78,ES64L-G16RevA.03 25-Dec-2016,0 days  0 hours 19 minutes 17,0 days  0 hours  1 minutes 37,True,5.09461746053762e-07,8.442147863257722e-07,True,True,True,True,True,True,True,True
90,8972,8972,cluster_N16_090_frame08972.xyz,cluster_N16_090_frame08972.log,b37d4781c0ffdba6fda6c6e59da67f7e9681082e8b6b698c4d8e81212e9e06e2,#p B3LYP/6-31G(d) Force,1,1,78,C13H47N2O16(1+),-1836.39222346,1,1,False,78,ES64L-G16RevA.03 25-Dec-2016,0 days  0 hours 21 minutes 29,0 days  0 hours  1 minutes 48,True,4.928767883484961e-07,7.080918234127823e-07,True,True,True,True,True,True,True,True
91,9073,9073,cluster_N16_091_frame09073.xyz,cluster_N16_091_frame09073.log,9202db6060aceb3db7cbdf3196969f1302d54944f1e60ffce3634344874d75df,#p B3LYP/6-31G(d) Force,1,1,78,C13H47N2O16(1+),-1836.3664188,1,1,False,78,ES64L-G16RevA.03 25-Dec-2016,0 days  0 hours 18 minutes 34,0 days  0 hours  1 minutes 34,True,4.952345851180216e-07,7.479922180590266e-07,True,True,True,True,True,True,True,True
92,9174,9174,cluster_N16_092_frame09174.xyz,cluster_N16_092_frame09174.log,e33d41f7ae303681ce6f1c6e093e18fbcc661d861445b24c40c5113b09b07afa,#p B3LYP/6-31G(d) Force,1,1,78,C13H47N2O16(1+),-1836.37684224,1,1,False,78,ES64L-G16RevA.03 25-Dec-2016,0 days  0 hours 20 minutes 30,0 days  0 hours  1 minutes 43,True,4.806199205333445e-07,7.351382296454317e-07,True,True,True,True,True,True,True,True
93,9275,9275,cluster_N16_093_frame09275.xyz,cluster_N16_093_frame09275.log,c926b8e49030c0317cd73ffffb5789c695748e3f25e32c9bd8f1c84ec46eaf56,#p B3LYP/6-31G(d) Force,1,1,78,C13H47N2O16(1+),-1836.36751622,1,1,False,78,ES64L-G16RevA.03 25-Dec-2016,0 days  0 hours 21 minutes 10,0 days  0 hours  1 minutes 47,True,4.976028018208968e-07,6.863571451504444e-07,True,True,True,True,True,True,True,True
94,9376,9376,cluster_N16_094_frame09376.xyz,cluster_N16_094_frame09376.log,7c66713c29f25195b01076e08506833b816f5b205e83a052a10d407380253ff2,#p B3LYP/6-31G(d) Force,1,1,78,C13H47N2O16(1+),-1836.34110282,1,1,False,78,ES64L-G16RevA.03 25-Dec-2016,0 days  0 hours 19 minutes 38,0 days  0 hours  1 minutes 39,True,5.031529117998947e-07,7.907461038930642e-07,True,True,True,True,True,True,True,True
95,9476,9476,cluster_N16_095_frame09476.xyz,cluster_N16_095_frame09476.log,1775f36f3d26f051efd7c91e61f7f0980bed53b94c29e48d88295b7f7247818d,#p B3LYP/6-31G(d) Force,1,1,78,C13H47N2O16(1+),-1836.35450181,1,1,False,78,ES64L-G16RevA.03 25-Dec-2016,0 days  0 hours 21 minutes 12,0 days  0 hours  1 minutes 47,True,4.6329876193459856e-07,7.088874300059591e-07,True,True,True,True,True,True,True,True
96,9577,9577,cluster_N16_096_frame09577.xyz,cluster_N16_096_frame09577.log,3e9e3074a25c0b7b1df0a15daca0c8b85cd43ecb801d7842332d11c43f5d38f7,#p B3LYP/6-31G(d) Force,1,1,78,C13H47N2O16(1+),-1836.37099877,1,1,False,78,ES64L-G16RevA.03 25-Dec-2016,0 days  0 hours 20 minutes 44,0 days  0 hours  1 minutes 44,True,4.827509429724927e-07,7.500451710342033e-07,True,True,True,True,True,True,True,True
97,9678,9678,cluster_N16_097_frame09678.xyz,cluster_N16_097_frame09678.log,9aa815ab7a139de94ab20d177db7562883ec48c537fd0dc13a8e3e07a04af01a,#p B3LYP/6-31G(d) Force,1,1,78,C13H47N2O16(1+),-1836.33660478,1,1,False,78,ES64L-G16RevA.03 25-Dec-2016,0 days  0 hours 22 minutes 16,0 days  0 hours  1 minutes 52,True,5.069130861734899e-07,7.999890936865164e-07,True,True,True,True,True,True,True,True
98,9779,9779,cluster_N16_098_frame09779.xyz,cluster_N16_098_frame09779.log,dffb9cda221aa96471183aa67d3a9a7bd5561b7d1ed338e85126e0c02d97b8b5,#p B3LYP/6-31G(d) Force,1,1,78,C13H47N2O16(1+),-1836.34850941,1,1,False,78,ES64L-G16RevA.03 25-Dec-2016,0 days  0 hours 19 minutes 24,0 days  0 hours  1 minutes 38,True,4.817430176637343e-07,7.910100294984763e-07,True,True,True,True,True,True,True,True
99,9880,9880,cluster_N16_099_frame09880.xyz,cluster_N16_099_frame09880.log,99336233c2761b8f52ef37efec3839d60b3db3089ddda992653a47f744ba464a,#p B3LYP/6-31G(d) Force,1,1,78,C13H47N2O16(1+),-1836.36570787,1,1,False,78,ES64L-G16RevA.03 25-Dec-2016,0 days  0 hours 23 minutes  0,0 days  0 hours  1 minutes 58,True,4.95972817959078e-07,7.120121852668421e-07,True,True,True,True,True,True,True,True
100,9981,9981,cluster_N16_100_frame09981.xyz,cluster_N16_100_frame09981.log,de54afc50a3eebb93b872e1780f82fd745bda7ffdc8d343a5b3cc9036eb08f51,#p B3LYP/6-31G(d) Force,1,1,78,C13H47N2O16(1+),-1836.36596191,1,1,False,78,ES64L-G16RevA.03 25-Dec-2016,0 days  0 hours 20 minutes 10,0 days  0 hours  1 minutes 42,True,5.192428027932635e-07,7.704559537100296e-07,True,True,True,True,True,True,True,True
