structure_id,expected_frame_from_manifest,filename,canonical_xyz_sha256,scf_energy_hartree,b3lyp_relative_energy_eV,b3lyp_rank,mace_energy_eV,mace_relative_energy_eV,mace_rank,aimnet_energy_eV,aimnet_relative_energy_eV,aimnet2_rank,uma_energy_eV,uma_relative_energy_eV,uma_omol_rank
1,0,cluster_N16_001_frame00000.xyz,c75a2a0b59b59cd795513361d526ae076f27f3580373e4c34dc7f0acc1d733f0,-1836.37914066,1.5274020492577502,24,-50015.7393259709,1.455740025929117,34,-50010.60436377787,1.3269975173971034,33,-49978.95711078437,1.5643457867117831,35
2,100,cluster_N16_002_frame00100.xyz,0ab5bb2c513c121829abeb362fc085a913ead32357795d4b679bb03933cb1c10,-1836.36265984,1.975868007927531,55,-50015.47250738457,1.722558612258581,58,-50009.98408010914,1.9472811861269288,82,-49978.60213495763,1.919321613451757,72
3,201,cluster_N16_003_frame00201.xyz,683571f3cb2375c231751560eac313711e073a02a3796d45b47603debf4fcb52,-1836.36351952,1.9524749234037,53,-50015.55282503882,1.6422409580045496,49,-50010.38841604968,1.542945245586452,47,-49978.93244724481,1.58900932627148,37
4,302,cluster_N16_004_frame00302.xyz,7a60944fdfefd00ccc8135671b7eb513f50311638a7773ed67ed4b3d6ea0f119,-1836.34456979,2.468123345691735,89,-50015.29988240699,1.8951835898405989,72,-50009.798771813046,2.1325894822221017,89,-49978.3339250095,2.187531561583455,85
5,403,cluster_N16_005_frame00403.xyz,e8a9aac27cac6d76ae56fe8e4193fa6634c505599ff86790a920dbcb77ea2b8f,-1836.36819534,1.825239379364202,38,-50015.50749463544,1.687571361384471,54,-50010.43800850527,1.493352789999335,40,-49978.940969641546,1.5804869295388926,36
6,504,cluster_N16_006_frame00504.xyz,8fae76132dcfa73d8fb300ce60196f45999907a0289f92ec672d79b55167c37b,-1836.35136529,2.283208370452219,76,-50015.16122748088,2.033838515948446,82,-50010.03460548472,1.8967558105505304,76,-49978.48587421017,2.035582360913395,77
7,604,cluster_N16_007_frame00604.xyz,1ffd78b4aca506fe69d032f7930aa54e20586186ae7bc6463778cf41e129d740,-1836.36138179,2.0106455201222078,61,-50015.47522373765,1.7198422591754934,57,-50010.07138411206,1.8599771832086844,73,-49978.66802886584,1.8534277052458488,63
8,705,cluster_N16_008_frame00705.xyz,4532e3b2212dc7e41d95f8eed6965885f15611b554acb42f7634f9bbb6301379,-1836.35332701,2.2298272498304597,71,-50015.198701121946,1.996364874881692,79,-50009.9927959657,1.9385653295685188,80,-49978.34439465151,2.177061919574044,84
9,806,cluster_N16_009_frame00806.xyz,4e9b0126da42b11048c01a70184046853513fa3cb04bbb6970a427c2e3f76715,-1836.33122578,2.8312323558681207,100,-50015.3513000245,1.8437659723276736,68,-50009.63212232167,2.299238973595493,96,-49978.16583839302,2.3556181780659244,95
10,907,cluster_N16_010_frame00907.xyz,38223c5d9ef108c6b6b28d14ebf1784f81748f75813428df89c89f9349610310,-1836.39193163,1.1793420241277461,16,-50016.07573087115,1.1193351256806636,17,-50010.75734344541,1.174017849858501,23,-49979.22850868889,1.2929478821970406,23
11,1008,cluster_N16_011_frame01008.xyz,70604e86b7651e6ff393c8751676c2539263d8d76ccc7176474dc7e55e07b023,-1836.34996558,2.3212964199004227,78,-50015.36025585541,1.834810141415801,67,-50010.07274961672,1.8586116785518243,71,-49978.43196255917,2.08949401191785,81
12,1109,cluster_N16_012_frame01109.xyz,eb2616a263e8d49b7e27d3016212b774aea2a0b85d5a11d01271bbacc4beb5ed,-1836.33412143,2.752437705284173,96,-50015.017446719314,2.177619277514168,92,-50009.77532702413,2.1560342711381963,92,-49978.20043653525,2.3210200358371367,93
13,1209,cluster_N16_013_frame01209.xyz,affb7a69efd59bc6886b6f86ec480df67fa69f364f2fa26f37e5b1b9fe9002c8,-1836.43205767,0.08745685116837759,2,-50017.19506599683,0.0,1,-50011.93136129527,0.0,1,-49980.521456571085,0.0,1
14,1310,cluster_N16_014_frame01310.xyz,bd39c495e5598665a78032234fef0014784eafdf0589314a7428f75f9659b17a,-1836.39697995,1.0419702387140073,12,-50016.353164151056,0.8419018457716447,7,-50011.01129872909,0.9200625661760568,14,-49979.51229997879,1.009156592292129,12
15,1411,cluster_N16_015_frame01411.xyz,120a122718f2e3e0d29b41af026a8beb0ed012b707637f1f3d3f06f4d869a719,-1836.38479333,1.37358506256616,21,-50015.88394266244,1.3111233343879576,27,-50010.637394948266,1.2939663470024243,27,-49979.109017253184,1.412439317900862,29
16,1512,cluster_N16_016_frame01512.xyz,69c299d9ac413f97860872158a865b7ee4780005a49c9f0f5af77f95db3489bc,-1836.3535014,2.2250818561834635,70,-50015.42895418111,1.7661118157193414,63,-50010.07208625726,1.8592750380048528,72,-49978.63023505824,1.891221512843913,67
17,1613,cluster_N16_017_frame01613.xyz,ee2adf0f3451879e88d2f3b7c11033fcb57da94ef297f2bfaf4acb5c6ec4bd0b,-1836.39804568,1.012970248051796,10,-50016.02716199329,1.167904003537842,20,-50011.24726782664,0.684093468626088,10,-49979.56493052402,0.9565260470626528,10
18,1713,cluster_N16_018_frame01713.xyz,8ab24293037adbb37da5f5803011cb81f4beef32da09c549b1076b8dd4916e06,-1836.38333599,1.4132413042010294,23,-50015.89485533213,1.3002106646963512,26,-50010.64986037025,1.2815009250189178,25,-49979.1054545738,1.4160019972841835,30
19,1814,cluster_N16_019_frame01814.xyz,1d370b7a75bf4b2bdb9638c3619a9d1dee61853ef38dcad841f5ad58d41dcba9,-1836.34338244,2.5004327851511605,91,-50014.76050033597,2.434565660863882,100,-50009.79336143097,2.137999864295125,90,-49978.29523099832,2.226225572761905,87
20,1915,cluster_N16_020_frame01915.xyz,1541118de4f64d741e69ff5122e71b5617a1675df1de9fe8796293502aa2941b,-1836.36199304,1.994012560278805,58,-50015.60733478039,1.5877312164375326,42,-50010.34339419766,1.5879670976064515,49,-49978.9193523371,1.602104233985301,39
21,2016,cluster_N16_021_frame02016.xyz,bde34acbd8a285f263abf8790fb04744420981c7137c6b2696264dd9f2c738e0,-1836.37787988,1.5617096208134853,29,-50015.75314172199,1.4419242748408578,33,-50010.79889603224,1.13246526302828,21,-49979.15509300178,1.3663635693083052,24
22,2117,cluster_N16_022_frame02117.xyz,15c00399d9afbda9f71443d7b71b395737f053626d37a5019b7eb57db16f7f5c,-1836.37903979,1.5301468617910121,25,-50016.15646435767,1.0386016391566957,13,-50010.58032914152,1.351032153746928,34,-49979.13574792468,1.3857086464049644,28
23,2218,cluster_N16_023_frame02218.xyz,c8bc84e519107afaef4e1d22b007e9dbd7c419a85f2710d639f51f8837ef3a81,-1836.35774128,2.109708843863728,65,-50015.30710675596,1.8879592408702592,71,-50010.28835786163,1.6430034336372046,57,-49978.8402573302,1.6811992408838703,49
24,2318,cluster_N16_024_frame02318.xyz,17635e3822a4ca990fd8cc7b9198542e0d2f1cce2636af55c396975e6d02b0f2,-1836.37792506,1.560480210379004,28,-50016.09313713037,1.101928866461094,16,-50010.79523523932,1.1361260559497168,22,-49979.2406209939,1.2808355771849165,21
25,2419,cluster_N16_025_frame02419.xyz,77df9db2552f436a1defea7400a4f10fce11b2de4d355a2a876397f77e1d6580,-1836.3480071,2.374589375635051,83,-50015.15035358261,2.04471241421561,84,-50010.211893871136,1.7194674241327448,61,-49978.4486275603,2.0728290107872454,79
26,2520,cluster_N16_026_frame02520.xyz,6810a2a5f796a6a47d21551b011914e67c1f9d01146827063cadd080697f2e89,-1836.3518403,2.2702826898729938,74,-50015.18252893674,2.012537060087197,80,-50010.02981743631,1.901543858963123,77,-49978.44166078808,2.0797957830072846,80
27,2621,cluster_N16_027_frame02621.xyz,a133ce679d20c17766dd33a5e712fa8569e5ccfae9e12d14f6173599b967486d,-1836.35891726,2.0777087978669635,63,-50015.329039138174,1.8660268586536404,70,-50010.21719286709,1.7141684281814378,60,-49978.7244018842,1.7970546868818928,60
28,2722,cluster_N16_028_frame02722.xyz,1987953a01ceca93e374e5db204153f0e98acb7af2ec13acf7e366ebb9e43ec8,-1836.36566461,1.8941040508782252,48,-50015.65397840325,1.5410875935776858,41,-50010.42159190623,1.5097693890420487,41,-49978.8960169396,1.6254396314834594,42
29,2822,cluster_N16_029_frame02822.xyz,be6eb0d71168c616a4274ecc5c40f0dcefb0fe6a05a1fb859ada0feb0209b9d7,-1836.378825,1.5359915954420453,26,-50015.77920192134,1.41586407549039,31,-50010.6777766407,1.253584654565202,24,-49979.140466506375,1.380990064710204,25
30,2923,cluster_N16_030_frame02923.xyz,c4d5bddf3ac44576ba9b078b2a4d588876bd4a89cc431e4dbac85951e09ca8b7,-1836.40250146,0.8917222974461756,9,-50016.28168664285,0.9133793539804174,9,-50011.354012166215,0.5773491290528909,5,-49979.53250384745,0.9889527236373395,11
31,3024,cluster_N16_031_frame03024.xyz,5782120c5a31ef3897d08171e97d658bbe3c1b73633bfce0ec6aa03efed88c57,-1836.38537111,1.3578628678221019,19,-50015.84642579489,1.348640201940725,29,-50010.62284212575,1.3085191695208778,30,-49979.23889136738,1.2825652037063264,22
32,3125,cluster_N16_032_frame03125.xyz,ef57bf5947a2964f574b69826f0067560169b697d4a412beb7f67aa8b0f6a5e2,-1836.41213671,0.6295337881202302,5,-50016.5449519116,0.650114085234236,5,-50011.33841792764,0.5929433676283224,7,-49979.80289273775,0.7185638333321549,5
33,3226,cluster_N16_033_frame03226.xyz,be8e4078a7ce493e4e3341731934cfd0e9b97fbf4fe69b75715359e595fe81ab,-1836.36334961,1.9570984100426017,54,-50015.56643919619,1.6286268006369935,45,-50010.37631607989,1.5550452153765946,48,-49978.767266891926,1.754189679159026,53
34,3327,cluster_N16_034_frame03327.xyz,ecf4e62785da647ce0b7b226372bca789fda19209c29779ab9e89d60f35c4fc3,-1836.34548359,2.4432575809392034,86,-50015.28755267267,1.9075133241567528,74,-50009.94972875761,1.981632537659607,84,-49978.48076088562,2.040695685464016,78
35,3427,cluster_N16_035_frame03427.xyz,d6bc64b4f795f5076d251ff33aeb02df63f00823bd9467b0d084d46f54996c96,-1836.39457384,1.1074438272753782,13,-50016.338472508825,0.8565934880025452,8,-50011.1274484996,0.8039127956726588,11,-49979.48841435148,1.0330422196057043,13
36,3528,cluster_N16_036_frame03528.xyz,8b79656dfdf8536e033855d1305f0aa5d1115202966f8f4c4b3a0b54eac04d7f,-1836.34542357,2.4448908083379974,87,-50015.10978623597,2.0852797608604305,89,-50009.96154520558,1.9698160896878107,83,-49978.3131953428,2.208261228282936,86
37,3629,cluster_N16_037_frame03629.xyz,7ece9f2d360cd11787ade5bb0df2040b0d3a0fbb75e9dde065c067f006a99263,-1836.41513801,0.5478642545787631,3,-50016.78633881716,0.4087271796670393,3,-50011.41414702097,0.5172142742958385,4,-49979.88033990481,0.6411166662728647,4
38,3730,cluster_N16_038_frame03730.xyz,7e0c376a26c17a78ded3f57fa6b536b6ee7c5f2383b56c17d64de6f6a4e855b3,-1836.41423956,0.5723123245520811,4,-50016.61058130067,0.584484696155414,4,-50011.74897085012,0.182390445152123,3,-49980.02272609872,0.4987304723617853,3
39,3831,cluster_N16_039_frame03831.xyz,e8e329cb6d847f2fba6b527fe52e01c6e5c4538adb5bd825f0a5a8b44417774a,-1836.36207323,1.9918304792140404,57,-50015.54258691568,1.6524790811527057,50,-50010.29488557969,1.636475715575216,55,-49978.68795847322,1.833498097861593,61
40,3931,cluster_N16_040_frame03931.xyz,ba955673d68d233ff0baba237b29fe62d5aaeb6c3d938a64eb429068ced5f9c9,-1836.35900431,2.075340046692961,62,-50015.53296330835,1.662102688474988,52,-50010.27968586786,1.65167542740528,58,-49978.72651007572,1.794946495363547,59
41,4032,cluster_N16_041_frame04032.xyz,3df8335dd79a4812c45884e6efc1745513c5c5e43e8a3757a7b72469f80a51b8,-1836.40689203,0.7722488013315365,7,-50016.27700877529,0.9180572215409484,10,-50011.27662988667,0.6547314085983089,9,-49979.61681460786,0.9046419632213656,8
42,4133,cluster_N16_042_frame04133.xyz,f65a9a48034c1b38693506be2220538bdb0d0692dec3d2144e7b71a2b4245d8b,-1836.33384693,2.7599072308130395,97,-50015.08656533227,2.10850066455896,91,-50009.68280717239,2.2485541228816146,95,-49978.10765367147,2.413802899616712,97
43,4234,cluster_N16_043_frame04234.xyz,cf5a83dbea4189549331749fc7861f7c8ea4c740d948d6c4ab77f8036ec498b3,-1836.36790837,1.8330482308795968,40,-50015.79422272899,1.4008432678383542,30,-50010.32419837624,1.6071629190264505,51,-49978.87747567632,1.6439808947616257,48
44,4335,cluster_N16_044_frame04335.xyz,1b02b11094128359da98449f014c19a1414fd148c65b4c5ad0513984b0d42101,-1836.39365874,1.132344966827156,14,-50015.95877041172,1.236295585105836,24,-50010.92302670545,1.0083345898165137,17,-49979.42452690323,1.096929667852237,15
45,4436,cluster_N16_045_frame04436.xyz,dd6573e170b361f78fe6816d394293eff1d4f94a7acf939bc204bfdbb504858f,-1836.34812962,2.3712554365893492,82,-50015.43485927739,1.760206719438429,62,-50010.20603300437,1.7253282909005063,62,-49978.62689816402,1.8945584070679613,69
46,4536,cluster_N16_046_frame04536.xyz,64bb78bc6ca3b081ed01e15bdd8830aeb5095e280db8c00739f28bf41cd75b6f,-1836.36987936,1.7794148607021274,37,-50015.53729065581,1.6577753410165317,51,-50010.5057461398,1.4256151554654934,37,-49978.77937579739,1.742080773692578,51
47,4637,cluster_N16_047_frame04637.xyz,0924a767cd5c9ef802f12cf3169b47f97eb2485f9da92fd14e597b080e478d80,-1836.35817371,2.097941824108118,64,-50015.49984613371,1.6952198631188369,56,-50010.30307477309,1.628286522180133,54,-49978.77011118371,1.7513453873762046,52
48,4738,cluster_N16_048_frame04738.xyz,1637bc229d33dcb193c909bc4dd99da45c0f675f7a3fc1d94e91e18719f76202,-1836.33305461,2.7814673563592662,98,-50014.90008015192,2.2949858449137537,99,-50009.4423471449,2.4890141503710765,100,-49978.018065805634,2.503390765450604,100
49,4839,cluster_N16_049_frame04839.xyz,e8db8239d6cdf679824e98c1b0c603b5385a5cbcb78a61805fc9a6f39032a633,-1836.37303714,1.6934872894412443,34,-50015.59273458241,1.602331414418586,43,-50010.308010532906,1.6233507623619516,53,-49978.88126793288,1.6401886382082012,46
50,4940,cluster_N16_050_frame04940.xyz,3e5df867cc65f07f22f14487555bed78ff32b1fbee6e81cfd6df2a5b03beccc5,-1836.345968,2.430076113324344,85,-50014.9792923953,2.215773601528781,94,-50009.7886930332,2.142668262065854,91,-49978.29522878861,2.2262277824775083,88
51,5040,cluster_N16_051_frame05040.xyz,8b3f2d2f10c1f2ff220b716838dbfa34c50101d832b28412a0db27b32cd9a9a3,-1836.36674421,1.8647266382894565,43,-50015.447824201125,1.747241795703303,60,-50010.63209599508,1.2992653001929284,29,-49978.9867004957,1.534756075387122,34
52,5141,cluster_N16_052_frame05141.xyz,0c52e14f3fde464e2dad3ea2eb775078c91904efa4f705af6562cfa4d891addc,-1836.35387166,2.215006568307083,68,-50015.13793204923,2.05713394760096,87,-50010.13452143836,1.7968398569137207,65,-49978.74156706926,1.7798895018277108,58
53,5242,cluster_N16_053_frame05242.xyz,9adb05396299ad7a6785faf54bf5d0e4b9e3766e1f5aac74153bcbe5c4dba487,-1836.41159,0.6444105250942442,6,-50016.262331571466,0.9327344253615591,11,-50011.32013068526,0.6112306100112619,8,-49979.760525511774,0.7609310593106784,7
54,5343,cluster_N16_054_frame05343.xyz,2ca2f2a41c3e0096a93bc47c64871aab86b8d624ebfdcac030269538b371bb3a,-1836.36184808,1.9979571228274788,60,-50015.56388667645,1.6311793203785785,46,-50010.29321330636,1.6381479889096229,56,-49978.74415157536,1.7773049957249896,56
55,5444,cluster_N16_055_frame05444.xyz,efcf804a40e242ce2ad6aa499d789a998a83cbc41ad14ff4a9c6825ddc105722,-1836.37700815,1.585430602544929,30,-50015.734186155125,1.4608798417029902,35,-50010.57239175464,1.3589695406335522,35,-49978.90475082839,1.616705742693739,41
56,5545,cluster_N16_056_frame05545.xyz,9adb4ac87d3cd91dccdba0c9cf70573ce8850fcc52a416e9a26f27627512aa43,-1836.35169897,2.274128475094763,75,-50015.3711677858,1.823898211026972,65,-50010.01358984965,1.9177714456163808,79,-49978.6456279624,1.8758286086813316,65
57,5645,cluster_N16_057_frame05645.xyz,f0bff423dd7892cc601529474abbbc476652e9ad32b3e49c654b92244addb9a0,-1836.43527165,0.0,1,-50016.98832050574,0.2067454910866217,2,-50011.86211890733,0.0692423879372654,2,-49980.24887643024,0.2725801408450934,2
58,5746,cluster_N16_058_frame05746.xyz,b9e929d736684f3fcdff817a2704917ab060de5c5adbf7f83dda312d1b9dc4a1,-1836.36813903,1.8267716525234645,39,-50015.71894212027,1.4761238765568123,36,-50010.48824191698,1.4431193782875198,39,-49978.90919481386,1.6122617572254967,40
59,5847,cluster_N16_059_frame05847.xyz,2969be6d0b8aeeabd07a67532b2d9c09e64fc1f9bd39a7d28c23a47c3c8889d0,-1836.34878732,2.3533585078575476,80,-50015.3690911816,1.8259748152268005,66,-50009.69417748405,2.2371838112158,94,-49978.21725775574,2.304198815341806,92
60,5948,cluster_N16_060_frame05948.xyz,157e109a22860463ba84e83a43d7c33e7b0f94ea2f83cec52c3fc6680b5e3e42,-1836.33944699,2.6075218351521654,94,-50014.92613740139,2.2689285954402294,98,-50009.60895933575,2.3224019595218124,97,-49978.1372137967,2.3842427743875305,96
61,6049,cluster_N16_061_frame06049.xyz,52f93077a976e843c1781f3377da845186b1e710ece25d3ea9916c3b6dba4a60,-1836.3444309,2.4719027351278906,90,-50015.23440444505,1.960661551776866,78,-50009.9117562472,2.019605048073572,86,-49978.41315606093,2.10830051015364,83
62,6149,cluster_N16_062_frame06149.xyz,c179360b8ed6ab6d085d234f77ce6ba154fad2bd0bda24f052da699ce166cff9,-1836.36444572,1.9272717374600954,50,-50015.70477570863,1.4902902882022315,38,-50010.61101467421,1.320346621061617,32,-49979.01747330574,1.503983265341958,32
63,6250,cluster_N16_063_frame06250.xyz,39740dbc593befb7a76f8f92374a0307ed5a24d5b2c20c98b3f4b162890344db,-1836.40666605,0.7783980303980079,8,-50016.40729004087,0.7877759559560218,6,-50011.34585213404,0.5855091612320393,6,-49979.76669333453,0.7547632365531172,6
64,6351,cluster_N16_064_frame06351.xyz,3544c66589eb69020c27b152b2ff9f1dd44383bf8dbb52b1499c16bb0af7be9e,-1836.38879692,1.2646418287080035,17,-50016.15630438445,1.0387616123771295,14,-50011.05140138619,0.8799599090780248,13,-49979.40872383075,1.1127327403373783,16
65,6452,cluster_N16_065_frame06452.xyz,abe84e11bf755fb739799326d8948656835263e86492b35aa58f03885f5a4a57,-1836.36362038,1.94973038298761,51,-50015.65572251064,1.5393434861907735,40,-50010.13272461082,1.7986366844488657,66,-49978.65068561181,1.8707709592781607,64
66,6553,cluster_N16_066_frame06553.xyz,e21b3809335c46b0fe091cd948aa9e4c96bd07a9b052ffc2d7544b4732c45bb2,-1836.35071685,2.300853321751669,77,-50015.114209489,2.080856507833232,88,-50010.12079731529,1.810563979975996,68,-49978.58713289684,1.9343236742424776,73
67,6654,cluster_N16_067_frame06654.xyz,0c0c8fba85cad9bb0277c5646856a5e42f1dae307a84aaed2d37421cab5796aa,-1836.34727306,2.394563621594989,84,-50015.451227819925,1.7438381769025,59,-50010.029505785744,1.9018555095244665,78,-49978.55381438307,1.967642188013997,75
68,6754,cluster_N16_068_frame06754.xyz,4653fdf1397b62433a3d133f165518b232a9ebe1ec383e3f9614876fd175b78c,-1836.37040609,1.7650818072235024,36,-50015.44429231768,1.750773679144913,61,-50010.50144714103,1.4299141542433065,38,-49978.89546315026,1.6259934208283084,43
69,6855,cluster_N16_069_frame06855.xyz,bfb6df31a6f6940948e3c09ff29acc41a417419e9911c8b284faa143dfe85568,-1836.35471228,2.1921321328019965,66,-50015.34399303947,1.851072957360884,69,-50010.32680471754,1.6045565777239972,50,-49978.62952134251,1.8919352285738569,68
70,6956,cluster_N16_070_frame06956.xyz,11fa3c78b294784f51ea192dff3cfc6359604fd021e9da34ac95aa7e5c8f06d8,-1836.36188734,1.9968888038036219,59,-50015.92842854591,1.2666374509208254,25,-50010.39529953381,1.5360617614569492,46,-49978.88289428555,1.6385622855377733,45
71,7057,cluster_N16_071_frame07057.xyz,3b4dbd07a67b8fa976017dfbab2592cd3c905e7b273b8f54d4f74140c4336243,-1836.33279052,2.7886536113584297,99,-50014.92632465437,2.2687413424573606,97,-50009.48224296107,2.4491183341961005,99,-49978.03179255489,2.489664016196912,99
72,7158,cluster_N16_072_frame07158.xyz,07cbea7804c83a2c6ff3b392665b07ee203561baec6eeb0044f19e96bafffbf0,-1836.3620932,1.9912870678358232,56,-50015.140504798284,2.0545611985435244,85,-50010.11118958413,1.820171711144212,69,-49978.63860915455,1.882847416534787,66
73,7258,cluster_N16_073_frame07258.xyz,cbe6aa65f70e20fab40297ac21d56a8a923495d34e325c708335fa8c2fe446c3,-1836.38634838,1.3312699963849073,18,-50015.98944441768,1.2056215791453724,23,-50010.82585676925,1.1055045260145562,20,-49979.34639694136,1.1750596297279117,17
74,7359,cluster_N16_074_frame07359.xyz,065d316658b29534e217210a4c034f38ce5546b13df9e4a5703a3ae016055a81,-1836.35219308,2.2606830570342926,73,-50015.23673328113,1.9583327157015449,77,-50010.06333925058,1.8680220446840397,75,-49978.60753694156,1.9139196295218424,71
75,7460,cluster_N16_075_frame07460.xyz,c13791b1dda077b6c3390b87d619706e149fa164c3dd6439d8c5e4126df258a7,-1836.34983108,2.3249563513459077,79,-50015.15413114383,2.0409348530010902,83,-50010.12873136346,1.8026299318080417,67,-49978.678302876186,1.8431536948992289,62
76,7561,cluster_N16_076_frame07561.xyz,217965c7d32be4cef1bf627e28368cdf5b7caff013f86870af9d224c2c6c2fc4,-1836.37689774,1.5884350116985482,31,-50016.04238462539,1.152681371437211,19,-50010.83664582917,1.0947154661043896,18,-49979.32071406396,1.2007425071278703,19
77,7662,cluster_N16_077_frame07662.xyz,6c54a33ec711920cfb5f851585343f96f94981443acdc5199c932d201e5d0346,-1836.38403309,1.3942722468482744,22,-50016.00828343821,1.1867825586159595,21,-50010.93996092774,0.9914003675294224,16,-49979.46196840488,1.0594881662036642,14
78,7763,cluster_N16_078_frame07763.xyz,467a40157d144aad1853fba3ca27cd801bc1b2f31f7858b6ddd14b740c849885,-1836.36715052,1.8536703799433953,42,-50015.55555039991,1.6395155969148618,47,-50010.417671848816,1.5136894464521902,42,-49978.92401473621,1.5974418348778272,38
79,7863,cluster_N16_079_frame07863.xyz,d14ec86d5955a7eaba18864f5fffd472f348ed6a1a2f7a37df9c187d01780a75,-1836.35278149,2.244671605250808,72,-50015.39239389976,1.8026720970665335,64,-50009.98532771503,1.9460335802432385,81,-49978.60979771042,1.9116588606630105,70
80,7964,cluster_N16_080_frame07964.xyz,c3c3a5b924d802d1421148e03fd53cedaf165616a7e166091e2a53e726ae5679,-1836.3635356,1.9520373643122368,52,-50015.52846506138,1.666600935444876,53,-50010.10258586693,1.8287754283373945,70,-49978.75792553088,1.7635310402038158,55
81,8065,cluster_N16_081_frame08065.xyz,8f84d2f0fe47679d3ea175c5c5689e5f630849bf101c87b0fa798c0facde55d8,-1836.37880525,1.5365290203229136,27,-50015.69015618994,1.5049098068848252,39,-50010.63423349011,1.297127805155469,28,-49979.10191061694,1.4195459541442688,31
82,8166,cluster_N16_082_frame08166.xyz,30ffd64b3f68a150f8b1f749ae0f7c24f5ce7d46335ec47864aead730b34e6a7,-1836.34456985,2.4681217130072652,88,-50015.29886523816,1.896200758666964,73,-50009.90695674159,2.0244045536746853,87,-49978.28322601162,2.238230559465592,89
83,8267,cluster_N16_083_frame08267.xyz,077c4df14bd43709c4fac31e3019a621e142ae6c761a01dbb85c544c65671b84,-1836.3848632,1.3716838030136747,20,-50015.9964047448,1.1986612520267954,22,-50010.83496364468,1.0963976505881874,19,-49979.27927392052,1.2421826505669742,20
84,8367,cluster_N16_084_frame08367.xyz,196973b0062d19c7b1613bbcfc5a0e9df660cb7ca369db356439f0feb6eb42e5,-1836.3650608,1.9105345580082214,49,-50015.568026781584,1.6270392152437123,44,-50010.32111381309,1.6102474821746,52,-49978.74297776292,1.7784788081626175,57
85,8468,cluster_N16_085_frame08468.xyz,c6c194f620da777cccb79a5407e21ed7e7c6bb62a23fdcb81ac2a7d4a4aed68a,-1836.36634128,1.8756909221512903,45,-50015.16309814417,2.0319678526575444,81,-50010.20407968495,1.72728161032137,63,-49978.57018571799,1.9512708530965028,74
86,8569,cluster_N16_086_frame08569.xyz,8885fb9e961d5b21669a3086c74d0309c355448975daffca84ba6954f942a09f,-1836.37546277,1.6274825346197128,33,-50015.88358144426,1.3114845525706187,28,-50010.618283789634,1.3130775056342827,31,-49979.14018649836,1.381270072721236,26
87,8670,cluster_N16_087_frame08670.xyz,811e2ac1df67d823f03f132f2a3fa76422f1a53ad82b9358eef00b58461e7bcf,-1836.35350637,2.224946615588625,69,-50014.969223780594,2.225842216234014,96,-50010.06800001587,1.863361279400124,74,-49978.28232406077,2.239132510316267,90
88,8771,cluster_N16_088_frame08771.xyz,e7c0f0e739ea2365f9f7492da3e3167be196d143e9e3e60b558673cdf9f6d1b4,-1836.34141739,2.553904519689849,92,-50015.01299473296,2.182071263872785,93,-50009.87266501447,2.0586962808010867,88,-49978.17620161908,2.345254952007963,94
89,8872,cluster_N16_089_frame08872.xyz,809121db1c5aca462040f52a304b9812d36099f1b436caf601f86f6feac16a24,-1836.39758345,1.0255481671173456,11,-50016.1712680293,1.02379796752939,12,-50011.0907581427,0.840603152566473,12,-49979.57974980146,0.9417067696267624,9
90,8972,cluster_N16_090_frame08972.xyz,b37d4781c0ffdba6fda6c6e59da67f7e9681082e8b6b698c4d8e81212e9e06e2,-1836.39222346,1.171400925281655,15,-50016.05846886738,1.136597129443544,18,-50010.998490542224,0.9328707530439716,15,-49979.34217181198,1.17928475910594,18
91,9073,cluster_N16_091_frame09073.xyz,9202db6060aceb3db7cbdf3196969f1302d54944f1e60ffce3634344874d75df,-1836.3664188,1.8735814954866599,44,-50015.71126360815,1.4838023886768497,37,-50010.39576224558,1.5355990496900631,45,-49978.88853845498,1.6329181161054294,44
92,9174,cluster_N16_092_frame09174.xyz,e33d41f7ae303681ce6f1c6e093e18fbcc661d861445b24c40c5113b09b07afa,-1836.37684224,1.5899452436329342,32,-50016.12808192935,1.06698406747455,15,-50010.64085325736,1.2905080379132414,26,-49979.00292728721,1.51852928387234,33
93,9275,cluster_N16_093_frame09275.xyz,c926b8e49030c0317cd73ffffb5789c695748e3f25e32c9bd8f1c84ec46eaf56,-1836.36751622,1.8437191759939227,41,-50015.274422789225,1.920643207602552,76,-50010.22927425806,1.702087037207093,59,-49978.76679453932,1.7546620317662018,54
94,9376,cluster_N16_094_frame09376.xyz,7c66713c29f25195b01076e08506833b816f5b205e83a052a10d407380253ff2,-1836.34110282,2.5624644054612618,93,-50014.97427681735,2.220789179475105,95,-50009.77074649863,2.160614796637674,93,-49978.24366976433,2.2777868067569216,91
95,9476,cluster_N16_095_frame09476.xyz,1775f36f3d26f051efd7c91e61f7f0980bed53b94c29e48d88295b7f7247818d,-1836.35450181,2.197859313264001,67,-50015.27597442538,1.919091571449826,75,-50010.19694055396,1.7344207413116235,64,-49978.55317136301,1.968285208073212,76
96,9577,cluster_N16_096_frame09577.xyz,3e9e3074a25c0b7b1df0a15daca0c8b85cd43ecb801d7842332d11c43f5d38f7,-1836.37099877,1.7489541628244745,35,-50015.55335483585,1.6417111609771382,48,-50010.41285304149,1.518508253779146,44,-49978.79696312668,1.724493444402469,50
97,9678,cluster_N16_097_frame09678.xyz,9aa815ab7a139de94ab20d177db7562883ec48c537fd0dc13a8e3e07a04af01a,-1836.33660478,2.6848623092523645,95,-50015.14027540468,2.0547905921484926,86,-50009.54647472615,2.3848865691179526,98,-49978.06635136232,2.455105208762689,98
98,9779,cluster_N16_098_frame09779.xyz,dffb9cda221aa96471183aa67d3a9a7bd5561b7d1ed338e85126e0c02d97b8b5,-1836.34850941,2.360920824209783,81,-50015.10785032222,2.087215674604522,90,-50009.942784060106,1.9885772351626656,85,-49978.422381502285,2.0990750687997206,82
99,9880,cluster_N16_099_frame09880.xyz,99336233c2761b8f52ef37efec3839d60b3db3089ddda992653a47f744ba464a,-1836.36570787,1.892926886309659,47,-50015.76762208774,1.4274439090877422,32,-50010.41433566214,1.5170256331257406,43,-49978.87826953896,1.6431870321248423,47
100,9981,cluster_N16_100_frame09981.xyz,de54afc50a3eebb93b872e1780f82fd745bda7ffdc8d343a5b3cc9036eb08f51,-1836.36596191,1.886014105751941,46,-50015.50048583908,1.6945801577458042,55,-50010.56525275404,1.3661085412313696,36,-49979.13667083777,1.3847857333166758,27
